id,year,job_role,experience_level,industry,location,skills,num_skills,salary_usd,automation_risk,demand_index,avg_skill_trend_score,experience_ord,salary_tier,risk_label,skill_count,future_proof,salary_vs_median,role_encoded,exp_encoded
1,2024,Machine Learning Engineer,Entry,Manufacturing,Canada,Spark/PySpark|MS Access|Cloud (AWS/GCP)|Legacy VBA,4,153092.0,0.98,150.3,5.48,1,Mid,Critical Risk,4,0,1.398,15,1
2,2023,Data Scientist,Principal,Government,USA,Deep Learning|dbt|Airflow,3,338275.0,0.05,127.0,8.63,5,Elite,Low Risk,3,1,1.323,8,5
3,2019,SEO Specialist,Mid,Media,Singapore,Tableau|Excel (Basic)|Kubernetes|COBOL,4,101396.0,0.98,97.7,5.1,2,Low,Critical Risk,4,0,0.682,19,2
4,2025,BI Developer,Lead,Education,Germany,dbt|Cold Calling|MLOps|Cloud (AWS/GCP),4,262957.0,0.736,115.2,7.12,4,Elite,High Risk,4,0,1.143,2,4
5,2019,DevOps Engineer,Senior,Energy,Germany,MS Access|Tableau|R,3,173459.0,0.573,91.4,5.43,3,Mid,High Risk,3,0,0.892,9,3
6,2022,Data Scientist,Principal,Manufacturing,Brazil,Excel (Basic)|dbt|Crystal Reports|Deep Learning|Machine Learning,5,346456.0,0.555,127.4,6.48,5,Elite,High Risk,5,0,1.355,8,5
7,2025,AI Engineer,Entry,Retail,UK,Kubernetes|Tableau|Data Entry|Vector Databases|LLMs/GenAI|Cold Calling,6,189953.0,0.98,140.6,6.35,1,High,Critical Risk,6,0,1.735,0,1
8,2024,Statistician,Entry,Energy,India,LLMs/GenAI|Tableau|SQL|Kubernetes,4,130917.0,0.05,152.4,8.25,1,Low,Low Risk,4,1,1.195,22,1
9,2024,Operations Analyst,Principal,Retail,Australia,Airflow|Basic SEO|Machine Learning,3,225090.0,0.758,144.5,6.93,5,High,Critical Risk,3,0,0.88,16,5
10,2022,Statistician,Entry,Retail,Brazil,dbt|Data Entry|Statistics|SQL|Tableau,5,109512.0,0.767,108.8,6.5,1,Low,Critical Risk,5,0,1.0,22,1
11,2020,Excel Analyst,Principal,Media,Germany,Excel (Basic)|SQL|Vector Databases|Airflow|Spark/PySpark|A/B Testing,6,249756.0,0.601,101.9,7.5,5,Elite,High Risk,6,0,0.976,11,5
12,2025,Business Analyst,Entry,Healthcare,India,Manual Testing|Deep Learning|SQL|COBOL|Copy-Paste Reporting|Tableau,6,102092.0,0.98,137.6,4.87,1,Low,Critical Risk,6,0,0.932,3,1
13,2023,Data Analyst,Entry,Media,Germany,Cloud (AWS/GCP)|Prompt Engineering|Power BI|LLMs/GenAI|Tableau,5,135931.0,0.05,101.5,8.7,1,Mid,Low Risk,5,1,1.241,6,1
14,2024,Product Manager,Senior,Media,India,Copy-Paste Reporting|Data Entry|Prompt Engineering,3,199884.0,0.98,152.9,3.93,3,High,Critical Risk,3,0,1.028,17,3
15,2023,Accountant,Mid,Healthcare,Australia,R|Cold Calling|A/B Testing|Python,4,116021.0,0.98,124.6,6.4,2,Low,Critical Risk,4,0,0.78,1,2
16,2022,Data Analyst,Entry,Education,Germany,Machine Learning|Airflow|Excel (Basic)|Deep Learning,4,110082.0,0.231,113.9,7.6,1,Low,Low Risk,4,1,1.005,6,1
17,2022,Data Scientist,Principal,Healthcare,India,R|LLMs/GenAI|Kubernetes|A/B Testing|Manual Testing|Power BI,6,367433.0,0.142,136.6,7.15,5,Elite,Low Risk,6,1,1.437,8,5
18,2023,Product Manager,Mid,Manufacturing,Singapore,Tableau|A/B Testing|Cloud (AWS/GCP)|Airflow|Deep Learning,5,219724.0,0.05,124.6,8.38,2,High,Low Risk,5,1,1.477,17,2
19,2023,SEO Specialist,Mid,Energy,Canada,Deep Learning|Crystal Reports|Data Entry,3,102504.0,0.98,106.2,4.13,2,Low,Critical Risk,3,0,0.689,19,2
20,2019,Business Analyst,Senior,Finance,Netherlands,Kubernetes|Legacy VBA|Statistics|dbt,4,155103.0,0.68,104.9,6.5,3,Mid,High Risk,4,0,0.798,3,3
21,2024,Financial Analyst,Principal,Consulting,Canada,COBOL|Power BI|dbt|Cloud (AWS/GCP)|Cold Calling|Legacy VBA,6,259841.0,0.98,126.0,5.08,5,Elite,Critical Risk,6,0,1.016,12,5
22,2022,QA Engineer,Lead,Tech,UK,SQL|MS Access|MLOps,3,185637.0,0.899,121.8,6.23,4,High,Critical Risk,3,0,0.807,18,4
23,2019,Excel Analyst,Mid,Retail,Netherlands,Spark/PySpark|Power BI|LLMs/GenAI|Kubernetes|Tableau|Airflow,6,159139.0,0.15,101.8,8.38,2,Mid,Low Risk,6,1,1.07,11,2
24,2019,IT Support Specialist,Principal,Finance,USA,Deep Learning|Cold Calling|Copy-Paste Reporting,3,146174.0,0.98,107.7,4.03,5,Mid,Critical Risk,3,0,0.572,14,5
25,2022,Digital Marketer,Lead,Retail,Singapore,LLMs/GenAI|SQL|Python,3,201437.0,0.122,122.5,8.83,4,High,Low Risk,3,1,0.876,10,4
26,2021,IT Support Specialist,Senior,Government,Netherlands,Spark/PySpark|dbt|Prompt Engineering|Basic SEO|Machine Learning|Excel (Basic),6,194527.0,0.923,107.2,7.08,3,High,Critical Risk,6,0,1.0,14,3
27,2019,Product Manager,Senior,Tech,USA,A/B Testing|Copy-Paste Reporting|LLMs/GenAI|Machine Learning|Basic SEO|Deep Learning,6,276708.0,0.9,98.9,6.72,3,Elite,Critical Risk,6,0,1.423,17,3
28,2019,Accountant,Entry,Retail,Singapore,Excel (Basic)|Airflow|Manual Testing,3,65535.0,0.98,97.4,4.87,1,Low,Critical Risk,3,0,0.598,1,1
29,2019,QA Engineer,Principal,Energy,Netherlands,Kubernetes|dbt|Legacy VBA|Crystal Reports|MLOps,5,249757.0,0.98,104.6,5.88,5,Elite,Critical Risk,5,0,0.976,18,5
30,2022,Data Engineer,Senior,Consulting,Australia,Python|Tableau|Manual Testing,3,209172.0,0.469,138.5,6.53,3,High,Moderate Risk,3,0,1.076,7,3
31,2019,Data Scientist,Principal,Retail,Netherlands,Spark/PySpark|Vector Databases|Deep Learning|Airflow|Prompt Engineering,5,387485.0,0.05,96.5,8.9,5,Elite,Low Risk,5,1,1.515,8,5
32,2025,SEO Specialist,Senior,Energy,Netherlands,Legacy VBA|Basic SEO|R,3,101516.0,0.98,122.6,3.83,3,Low,Critical Risk,3,0,0.522,19,3
33,2024,Machine Learning Engineer,Mid,Manufacturing,UK,MS Access|R|Spark/PySpark,3,184855.0,0.553,123.6,5.8,2,High,High Risk,3,0,1.243,15,2
34,2023,SQL Developer,Senior,Retail,Germany,Kubernetes|Machine Learning|Deep Learning|Data Entry|Power BI|Copy-Paste Reporting,6,226197.0,0.98,87.7,6.17,3,High,Critical Risk,6,0,1.163,20,3
35,2021,Data Engineer,Senior,Healthcare,UAE,R|Python|Cloud (AWS/GCP)|Deep Learning|Crystal Reports|Spark/PySpark,6,292443.0,0.156,114.1,7.38,3,Elite,Low Risk,6,1,1.504,7,3
36,2025,DevOps Engineer,Principal,Media,India,Spark/PySpark|Machine Learning|Prompt Engineering|Vector Databases|Basic SEO|Cold Calling,6,425335.0,0.907,125.5,6.93,5,Elite,Critical Risk,6,0,1.663,9,5
37,2020,Supply Chain Analyst,Entry,Education,Netherlands,Manual Testing|MS Access|Spark/PySpark|Airflow|LLMs/GenAI|Basic SEO,6,110065.0,0.98,101.2,5.8,1,Low,Critical Risk,6,0,1.005,23,1
38,2019,BI Developer,Senior,Government,Canada,LLMs/GenAI|COBOL|Crystal Reports|Cloud (AWS/GCP)|SQL,5,192917.0,0.942,112.3,5.86,3,High,Critical Risk,5,0,0.992,2,3
39,2025,Digital Marketer,Mid,Retail,UAE,Prompt Engineering|Basic SEO|COBOL|Copy-Paste Reporting|Airflow,5,119213.0,0.98,125.2,4.56,2,Low,Critical Risk,5,0,0.802,10,2
40,2024,SQL Developer,Lead,Education,Germany,Cold Calling|Kubernetes|Vector Databases,3,201662.0,0.929,120.8,6.4,4,High,Critical Risk,3,0,0.877,20,4
41,2022,Supply Chain Analyst,Principal,Education,USA,Kubernetes|LLMs/GenAI|Excel (Basic),3,245830.0,0.328,141.9,7.13,5,Elite,Moderate Risk,3,1,0.961,23,5
42,2021,Business Analyst,Entry,Energy,Singapore,MS Access|COBOL|MLOps|Power BI|Manual Testing,5,81978.0,0.98,134.6,4.6,1,Low,Critical Risk,5,0,0.749,3,1
43,2019,Software Developer,Principal,Retail,Germany,Crystal Reports|Power BI|Python,3,233547.0,0.593,100.5,6.27,5,High,High Risk,3,0,0.913,21,5
44,2025,SEO Specialist,Mid,Education,Singapore,Legacy VBA|MLOps|Manual Testing,3,95807.0,0.98,131.2,4.6,2,Low,Critical Risk,3,0,0.644,19,2
45,2025,Machine Learning Engineer,Senior,Media,Germany,MLOps|SQL|Crystal Reports|Prompt Engineering|R|Spark/PySpark,6,316860.0,0.224,118.9,7.13,3,Elite,Low Risk,6,1,1.629,15,3
46,2024,Software Developer,Mid,Energy,Brazil,SQL|R|Basic SEO|Python|Prompt Engineering,5,188312.0,0.442,122.7,7.1,2,High,Moderate Risk,5,0,1.266,21,2
47,2022,Financial Analyst,Principal,Education,UAE,Tableau|Legacy VBA|dbt|A/B Testing|Statistics|LLMs/GenAI,6,311732.0,0.518,126.9,7.2,5,Elite,High Risk,6,0,1.219,12,5
48,2021,Content Strategist,Principal,Education,UK,Legacy VBA|Prompt Engineering|Airflow|COBOL,4,196480.0,0.98,108.9,5.2,5,High,Critical Risk,4,0,0.768,5,5
49,2019,Business Analyst,Mid,Consulting,Brazil,Tableau|Power BI|Data Entry,3,94799.0,0.98,93.8,5.63,2,Low,Critical Risk,3,0,0.637,3,2
50,2024,Operations Analyst,Lead,Consulting,Singapore,Spark/PySpark|Data Entry|Crystal Reports|Python,4,186082.0,0.98,156.1,5.3,4,High,Critical Risk,4,0,0.809,16,4
51,2025,Machine Learning Engineer,Lead,Retail,India,Machine Learning|R|Airflow|Cloud (AWS/GCP)|Tableau|Spark/PySpark,6,415683.0,0.05,156.7,8.27,4,Elite,Low Risk,6,1,1.807,15,4
52,2024,Content Strategist,Principal,Energy,Australia,Manual Testing|Basic SEO|MS Access|A/B Testing|Power BI|R,6,192523.0,0.98,128.7,5.03,5,High,Critical Risk,6,0,0.753,5,5
53,2020,Product Manager,Lead,Consulting,Germany,Basic SEO|Data Entry|Kubernetes|Cold Calling,4,224604.0,0.98,103.8,3.65,4,High,Critical Risk,4,0,0.976,17,4
54,2022,HR Analyst,Mid,Manufacturing,UAE,Crystal Reports|Prompt Engineering|Airflow,3,110245.0,0.756,118.1,6.47,2,Low,Critical Risk,3,0,0.741,13,2
55,2021,SEO Specialist,Entry,Healthcare,India,SQL|Crystal Reports|Spark/PySpark|dbt,4,87299.0,0.905,110.1,6.62,1,Low,Critical Risk,4,0,0.797,19,1
56,2022,Cloud Architect,Principal,Consulting,Singapore,dbt|Basic SEO|Power BI,3,322306.0,0.62,127.2,6.43,5,Elite,High Risk,3,0,1.26,4,5
57,2025,Financial Analyst,Entry,Energy,Singapore,Python|Vector Databases|Prompt Engineering|Cold Calling|SQL|Power BI,6,135048.0,0.517,139.8,7.48,1,Mid,High Risk,6,0,1.233,12,1
58,2024,SEO Specialist,Principal,Retail,UAE,Kubernetes|Power BI|Statistics|Python,4,232845.0,0.313,131.1,8.12,5,High,Moderate Risk,4,1,0.91,19,5
59,2024,Supply Chain Analyst,Lead,Healthcare,UAE,Manual Testing|R|Python|SQL,4,189708.0,0.64,139.7,6.5,4,High,High Risk,4,0,0.825,23,4
60,2024,Data Analyst,Entry,Government,India,LLMs/GenAI|Machine Learning|Kubernetes|SQL|MLOps|dbt,6,170111.0,0.05,146.3,8.73,1,Mid,Low Risk,6,1,1.553,6,1
61,2021,Software Developer,Senior,Government,Germany,Statistics|Python|MS Access,3,187403.0,0.544,109.4,6.27,3,High,High Risk,3,0,0.964,21,3
62,2021,Excel Analyst,Entry,Tech,USA,dbt|Basic SEO|Python|Manual Testing,4,76043.0,0.98,100.6,5.88,1,Low,Critical Risk,4,0,0.694,11,1
63,2020,Digital Marketer,Entry,Energy,Canada,Crystal Reports|Kubernetes|Cold Calling|Vector Databases|LLMs/GenAI|Manual Testing,6,108069.0,0.98,103.8,5.6,1,Low,Critical Risk,6,0,0.987,10,1
64,2024,Operations Analyst,Entry,Healthcare,Germany,Excel (Basic)|Python|Prompt Engineering,3,87769.0,0.432,143.1,7.33,1,Low,Moderate Risk,3,0,0.801,16,1
65,2022,Software Developer,Mid,Finance,Brazil,Cloud (AWS/GCP)|Crystal Reports|Cold Calling|Prompt Engineering,4,160707.0,0.98,132.4,5.52,2,Mid,Critical Risk,4,0,1.081,21,2
66,2023,Machine Learning Engineer,Principal,Tech,Australia,Legacy VBA|Vector Databases|Deep Learning|A/B Testing|Data Entry|MLOps,6,442476.0,0.903,109.3,6.43,5,Elite,Critical Risk,6,0,1.73,15,5
67,2022,Digital Marketer,Entry,Government,Australia,Crystal Reports|Spark/PySpark|Power BI|LLMs/GenAI|MS Access|A/B Testing,6,111956.0,0.98,136.8,6.37,1,Low,Critical Risk,6,0,1.022,10,1
68,2021,Accountant,Principal,Consulting,UAE,Basic SEO|MS Access|Excel (Basic)|Kubernetes|MLOps|Airflow,6,247558.0,0.98,125.9,5.68,5,Elite,Critical Risk,6,0,0.968,1,5
69,2019,Statistician,Lead,Retail,UAE,MLOps|Python|Statistics|Copy-Paste Reporting|LLMs/GenAI|COBOL,6,265911.0,0.892,102.6,6.27,4,Elite,Critical Risk,6,0,1.156,22,4
70,2025,Statistician,Senior,Manufacturing,Brazil,R|Python|A/B Testing|dbt|Deep Learning,5,258213.0,0.05,145.7,8.24,3,Elite,Low Risk,5,1,1.328,22,3
71,2022,Digital Marketer,Principal,Retail,UAE,Tableau|COBOL|Python|Deep Learning|Prompt Engineering|Airflow,6,309551.0,0.309,122.9,7.45,5,Elite,Moderate Risk,6,1,1.21,10,5
72,2020,AI Engineer,Principal,Education,UAE,Power BI|MS Access|R|MLOps|Vector Databases,5,387016.0,0.186,112.8,6.92,5,Elite,Low Risk,5,0,1.513,0,5
73,2021,AI Engineer,Senior,Retail,UK,MLOps|Cloud (AWS/GCP)|MS Access|R,4,267770.0,0.283,120.6,6.68,3,Elite,Moderate Risk,4,0,1.377,0,3
74,2024,BI Developer,Mid,Retail,UAE,MS Access|Excel (Basic)|Cold Calling|A/B Testing|Manual Testing,5,115159.0,0.98,114.8,3.68,2,Low,Critical Risk,5,0,0.774,2,2
75,2019,SQL Developer,Senior,Retail,Australia,Prompt Engineering|Python|Crystal Reports|R,4,165281.0,0.562,97.6,6.7,3,Mid,High Risk,4,0,0.85,20,3
76,2019,Business Analyst,Principal,Manufacturing,India,Cloud (AWS/GCP)|Python|Excel (Basic)|Prompt Engineering|Statistics|MS Access,6,275444.0,0.592,94.6,6.77,5,Elite,High Risk,6,0,1.077,3,5
77,2020,Business Analyst,Senior,Consulting,UK,SQL|Statistics|Deep Learning,3,158988.0,0.05,104.1,8.0,3,Mid,Low Risk,3,1,0.817,3,3
78,2024,Business Analyst,Mid,Healthcare,Brazil,Deep Learning|Airflow|Cloud (AWS/GCP)|R|Cold Calling,5,165332.0,0.626,127.6,6.98,2,Mid,High Risk,5,0,1.112,3,2
79,2023,Accountant,Mid,Media,Singapore,Tableau|Prompt Engineering|Excel (Basic)|Power BI|Basic SEO|COBOL,6,136119.0,0.98,122.7,5.4,2,Mid,Critical Risk,6,0,0.915,1,2
80,2023,Product Manager,Entry,Retail,Canada,Legacy VBA|Deep Learning|LLMs/GenAI|Airflow|R,5,161394.0,0.32,115.3,7.14,1,Mid,Moderate Risk,5,1,1.474,17,1
81,2019,QA Engineer,Lead,Energy,UAE,Machine Learning|Airflow|Prompt Engineering|Crystal Reports|Copy-Paste Reporting,5,216912.0,0.98,102.5,5.98,4,High,Critical Risk,5,0,0.943,18,4
82,2024,Excel Analyst,Senior,Energy,Canada,Cloud (AWS/GCP)|R|Airflow|Data Entry|Spark/PySpark|Kubernetes,6,209078.0,0.98,124.7,7.02,3,High,Critical Risk,6,0,1.075,11,3
83,2019,Business Analyst,Mid,Manufacturing,Brazil,Tableau|Cloud (AWS/GCP)|Crystal Reports|Prompt Engineering|SQL,5,133625.0,0.44,108.8,7.04,2,Low,Moderate Risk,5,0,0.898,3,2
84,2023,SEO Specialist,Lead,Consulting,UK,Power BI|MS Access|MLOps,3,162294.0,0.892,136.7,6.33,4,Mid,Critical Risk,3,0,0.706,19,4
85,2019,Data Scientist,Mid,Energy,Brazil,Cold Calling|Legacy VBA|Basic SEO,3,122610.0,0.98,92.4,2.33,2,Low,Critical Risk,3,0,0.824,8,2
86,2019,BI Developer,Lead,Media,UAE,LLMs/GenAI|Excel (Basic)|Power BI|Data Entry|Basic SEO,5,195203.0,0.98,96.5,5.12,4,High,Critical Risk,5,0,0.849,2,4
87,2019,Digital Marketer,Senior,Government,Australia,Legacy VBA|Cloud (AWS/GCP)|Copy-Paste Reporting|LLMs/GenAI|MLOps,5,186169.0,0.98,95.4,6.16,3,High,Critical Risk,5,0,0.957,10,3
88,2022,AI Engineer,Lead,Media,USA,Deep Learning|MLOps|Kubernetes|Basic SEO|Cloud (AWS/GCP)|SQL,6,412099.0,0.05,126.8,7.62,4,Elite,Low Risk,6,1,1.792,0,4
89,2025,Data Analyst,Principal,Consulting,Singapore,dbt|A/B Testing|Vector Databases,3,251277.0,0.093,157.5,8.5,5,Elite,Low Risk,3,1,0.982,6,5
90,2022,HR Analyst,Lead,Tech,Canada,R|Spark/PySpark|Prompt Engineering|Tableau|Crystal Reports,5,196131.0,0.672,121.2,6.78,4,High,High Risk,5,0,0.853,13,4
91,2019,HR Analyst,Principal,Retail,India,R|Python|Power BI|Deep Learning|Airflow,5,259206.0,0.05,105.8,8.18,5,Elite,Low Risk,5,1,1.013,13,5
92,2019,IT Support Specialist,Entry,Healthcare,UAE,A/B Testing|Crystal Reports|Kubernetes|Power BI|Basic SEO,5,73551.0,0.98,102.3,5.72,1,Low,Critical Risk,5,0,0.672,14,1
93,2022,Excel Analyst,Lead,Media,India,dbt|Manual Testing|A/B Testing|MS Access|Spark/PySpark|Deep Learning,6,227605.0,0.98,99.6,6.53,4,High,Critical Risk,6,0,0.989,11,4
94,2025,QA Engineer,Senior,Media,Germany,Prompt Engineering|MS Access|Basic SEO,3,155795.0,0.98,120.5,4.83,3,Mid,Critical Risk,3,0,0.801,18,3
95,2024,Digital Marketer,Mid,Consulting,Netherlands,Vector Databases|MLOps|R|Cold Calling|COBOL|SQL,6,153055.0,0.98,143.4,5.88,2,Mid,Critical Risk,6,0,1.029,10,2
96,2021,SQL Developer,Mid,Energy,Singapore,Copy-Paste Reporting|Cold Calling|Power BI|Machine Learning,4,107839.0,0.98,103.3,5.08,2,Low,Critical Risk,4,0,0.725,20,2
97,2022,Operations Analyst,Lead,Government,India,Machine Learning|Spark/PySpark|A/B Testing|Excel (Basic)|MLOps|Cloud (AWS/GCP),6,297997.0,0.066,131.2,7.93,4,Elite,Low Risk,6,1,1.295,16,4
98,2022,Machine Learning Engineer,Principal,Consulting,USA,Power BI|Copy-Paste Reporting|Data Entry|Spark/PySpark,4,314874.0,0.98,112.5,4.75,5,Elite,Critical Risk,4,0,1.231,15,5
99,2025,Statistician,Senior,Energy,Singapore,Copy-Paste Reporting|MLOps|Legacy VBA,3,172962.0,0.98,168.1,4.0,3,Mid,Critical Risk,3,0,0.889,22,3
100,2022,Cloud Architect,Lead,Media,USA,Airflow|Data Entry|Legacy VBA,3,258972.0,0.98,136.8,3.93,4,Elite,Critical Risk,3,0,1.126,4,4
101,2020,Product Manager,Entry,Government,UK,Tableau|LLMs/GenAI|Crystal Reports,3,115011.0,0.468,108.7,6.4,1,Low,Moderate Risk,3,0,1.05,17,1
102,2019,Business Analyst,Senior,Tech,Germany,Vector Databases|Power BI|Spark/PySpark|Airflow|A/B Testing,5,201951.0,0.05,100.6,8.36,3,High,Low Risk,5,1,1.038,3,3
103,2024,BI Developer,Mid,Healthcare,UK,Manual Testing|Legacy VBA|Airflow|Statistics|Excel (Basic)|Spark/PySpark,6,156575.0,0.98,124.3,5.45,2,Mid,Critical Risk,6,0,1.053,2,2
104,2024,Statistician,Lead,Manufacturing,USA,Prompt Engineering|Legacy VBA|R|LLMs/GenAI|Deep Learning|Tableau,6,323326.0,0.238,162.8,7.38,4,Elite,Low Risk,6,1,1.406,22,4
105,2023,AI Engineer,Lead,Manufacturing,UAE,dbt|SQL|Copy-Paste Reporting|Statistics|Cloud (AWS/GCP),5,346832.0,0.754,124.0,6.68,4,Elite,Critical Risk,5,0,1.508,0,4
106,2023,DevOps Engineer,Principal,Manufacturing,Germany,Basic SEO|Legacy VBA|SQL,3,247605.0,0.98,117.4,4.17,5,Elite,Critical Risk,3,0,0.968,9,5
107,2023,Supply Chain Analyst,Entry,Energy,UAE,Cold Calling|COBOL|Airflow|Manual Testing|Vector Databases,5,95670.0,0.98,117.2,4.68,1,Low,Critical Risk,5,0,0.874,23,1
108,2020,Accountant,Senior,Healthcare,UK,Prompt Engineering|COBOL|Tableau,3,138224.0,0.79,112.8,6.03,3,Mid,Critical Risk,3,0,0.711,1,3
109,2021,Product Manager,Mid,Finance,Germany,MS Access|Power BI|LLMs/GenAI|dbt|Spark/PySpark,5,194469.0,0.234,125.5,7.4,2,High,Low Risk,5,1,1.308,17,2
110,2021,Content Strategist,Principal,Manufacturing,India,Basic SEO|Statistics|COBOL|Prompt Engineering|MS Access,5,192013.0,0.98,124.5,4.62,5,High,Critical Risk,5,0,0.751,5,5
111,2025,Machine Learning Engineer,Lead,Finance,India,Copy-Paste Reporting|Legacy VBA|MS Access|SQL,4,257510.0,0.98,170.4,3.18,4,Elite,Critical Risk,4,0,1.119,15,4
112,2025,SEO Specialist,Senior,Finance,Singapore,Kubernetes|R|Cloud (AWS/GCP),3,158074.0,0.459,138.6,7.87,3,Mid,Moderate Risk,3,0,0.813,19,3
113,2024,Product Manager,Senior,Energy,Singapore,Cloud (AWS/GCP)|Legacy VBA|Airflow|Statistics|Python,5,259853.0,0.445,143.0,7.18,3,Elite,Moderate Risk,5,0,1.336,17,3
114,2023,Cloud Architect,Principal,Retail,UK,Crystal Reports|Prompt Engineering|Data Entry|Power BI|Cloud (AWS/GCP)|Spark/PySpark,6,417931.0,0.98,111.0,6.35,5,Elite,Critical Risk,6,0,1.634,4,5
115,2019,AI Engineer,Lead,Finance,UK,R|Spark/PySpark|SQL|Tableau,4,294949.0,0.05,97.6,7.57,4,Elite,Low Risk,4,1,1.282,0,4
116,2024,Operations Analyst,Principal,Government,Brazil,Power BI|Data Entry|Cloud (AWS/GCP)|Basic SEO,4,212772.0,0.98,127.4,5.32,5,High,Critical Risk,4,0,0.832,16,5
117,2022,Statistician,Entry,Education,Canada,Tableau|Airflow|Vector Databases|Cloud (AWS/GCP)|Legacy VBA|COBOL,6,126214.0,0.869,123.9,6.2,1,Low,Critical Risk,6,0,1.153,22,1
118,2024,DevOps Engineer,Entry,Government,Germany,Cloud (AWS/GCP)|Copy-Paste Reporting|Basic SEO|Tableau,4,132251.0,0.98,113.8,5.15,1,Low,Critical Risk,4,0,1.208,9,1
119,2020,HR Analyst,Principal,Tech,USA,Airflow|Spark/PySpark|COBOL|Excel (Basic)|dbt,5,217614.0,0.875,102.6,6.04,5,High,Critical Risk,5,0,0.851,13,5
120,2025,SEO Specialist,Mid,Energy,Canada,MLOps|Cold Calling|Spark/PySpark|COBOL,4,121606.0,0.98,161.9,5.22,2,Low,Critical Risk,4,0,0.818,19,2
121,2019,Statistician,Mid,Healthcare,Netherlands,COBOL|LLMs/GenAI|Cloud (AWS/GCP)|Legacy VBA|Copy-Paste Reporting,5,148096.0,0.98,99.5,4.6,2,Mid,Critical Risk,5,0,0.996,22,2
122,2019,DevOps Engineer,Mid,Energy,Australia,LLMs/GenAI|Kubernetes|Machine Learning,3,191008.0,0.05,98.0,9.13,2,High,Low Risk,3,1,1.284,9,2
123,2022,Content Strategist,Entry,Finance,UAE,Cold Calling|Vector Databases|A/B Testing|Excel (Basic)|Cloud (AWS/GCP)|Tableau,6,106336.0,0.98,121.6,6.52,1,Low,Critical Risk,6,0,0.971,5,1
124,2023,Business Analyst,Principal,Manufacturing,UAE,Machine Learning|Statistics|Copy-Paste Reporting,3,215914.0,0.98,126.6,5.97,5,High,Critical Risk,3,0,0.844,3,5
125,2024,Machine Learning Engineer,Lead,Consulting,UK,MLOps|Manual Testing|Spark/PySpark,3,321130.0,0.384,124.1,6.83,4,Elite,Moderate Risk,3,0,1.396,15,4
126,2021,Accountant,Principal,Media,Australia,Manual Testing|A/B Testing|Prompt Engineering|Tableau|Basic SEO|Copy-Paste Reporting,6,211623.0,0.98,113.5,5.27,5,High,Critical Risk,6,0,0.827,1,5
127,2025,Operations Analyst,Entry,Media,Canada,Tableau|Airflow|Power BI|MLOps|Copy-Paste Reporting|SQL,6,128680.0,0.98,132.8,6.87,1,Low,Critical Risk,6,0,1.175,16,1
128,2019,Cloud Architect,Lead,Education,Germany,Spark/PySpark|Legacy VBA|Statistics|Deep Learning|Basic SEO,5,308553.0,0.866,97.4,6.04,4,Elite,Critical Risk,5,0,1.341,4,4
129,2022,Machine Learning Engineer,Senior,Healthcare,Netherlands,Excel (Basic)|R|MLOps,3,230984.0,0.25,127.8,6.33,3,High,Moderate Risk,3,0,1.188,15,3
130,2022,DevOps Engineer,Lead,Tech,Germany,Vector Databases|Cloud (AWS/GCP)|Excel (Basic)|A/B Testing|dbt,5,324302.0,0.144,107.8,7.6,4,Elite,Low Risk,5,1,1.41,9,4
131,2022,Excel Analyst,Entry,Education,Netherlands,Cloud (AWS/GCP)|Cold Calling|Kubernetes|Excel (Basic)|Airflow,5,88226.0,0.98,108.6,6.18,1,Low,Critical Risk,5,0,0.806,11,1
132,2025,SEO Specialist,Principal,Energy,Netherlands,Manual Testing|Legacy VBA|Basic SEO,3,139567.0,0.98,151.3,2.6,5,Mid,Critical Risk,3,0,0.546,19,5
133,2019,BI Developer,Senior,Manufacturing,Australia,Python|LLMs/GenAI|Copy-Paste Reporting|Spark/PySpark|Excel (Basic),5,192934.0,0.98,99.4,6.44,3,High,Critical Risk,5,0,0.992,2,3
134,2019,Data Engineer,Entry,Finance,Netherlands,SQL|Power BI|Tableau|MLOps,4,134064.0,0.05,97.0,7.98,1,Mid,Low Risk,4,1,1.224,7,1
135,2021,Product Manager,Senior,Energy,Brazil,Machine Learning|Spark/PySpark|LLMs/GenAI,3,259376.0,0.05,116.8,9.33,3,Elite,Low Risk,3,1,1.334,17,3
136,2019,Supply Chain Analyst,Entry,Manufacturing,UAE,Statistics|Manual Testing|Tableau|Power BI|Kubernetes|dbt,6,106989.0,0.428,99.3,7.03,1,Low,Moderate Risk,6,0,0.977,23,1
137,2019,DevOps Engineer,Lead,Finance,Germany,A/B Testing|Legacy VBA|Prompt Engineering|Machine Learning|Airflow|SQL,6,305176.0,0.245,103.6,7.42,4,Elite,Low Risk,6,1,1.327,9,4
138,2019,Data Analyst,Mid,Manufacturing,Canada,Cold Calling|Kubernetes|Prompt Engineering|MLOps,4,130376.0,0.514,106.4,7.1,2,Low,High Risk,4,0,0.877,6,2
139,2022,Product Manager,Lead,Healthcare,India,R|Crystal Reports|Airflow|A/B Testing|Copy-Paste Reporting|Legacy VBA,6,251599.0,0.98,137.9,4.58,4,Elite,Critical Risk,6,0,1.094,17,4
140,2019,Software Developer,Entry,Government,USA,Deep Learning|MLOps|Excel (Basic)|Power BI|COBOL|SQL,6,134828.0,0.545,100.3,6.35,1,Mid,High Risk,6,0,1.231,21,1
141,2022,AI Engineer,Entry,Government,USA,LLMs/GenAI|COBOL|Manual Testing|Tableau|Basic SEO,5,163491.0,0.98,125.4,4.88,1,Mid,Critical Risk,5,0,1.493,0,1
142,2021,Data Scientist,Lead,Finance,Canada,Excel (Basic)|SQL|A/B Testing|Deep Learning|Basic SEO|Prompt Engineering,6,303504.0,0.569,125.8,6.72,4,Elite,High Risk,6,0,1.319,8,4
143,2020,Cloud Architect,Mid,Finance,Netherlands,A/B Testing|dbt|Cold Calling,3,167375.0,0.656,110.8,6.13,2,Mid,High Risk,3,0,1.125,4,2
144,2024,HR Analyst,Mid,Retail,UK,Kubernetes|dbt|LLMs/GenAI|Manual Testing,4,136331.0,0.54,107.4,7.3,2,Mid,High Risk,4,0,0.917,13,2
145,2025,HR Analyst,Entry,Healthcare,UAE,Cold Calling|Excel (Basic)|Copy-Paste Reporting|Basic SEO|Tableau|Legacy VBA,6,65496.0,0.98,175.0,3.18,1,Low,Critical Risk,6,0,0.598,13,1
146,2023,HR Analyst,Principal,Education,Australia,Tableau|Deep Learning|Statistics|Data Entry,4,223120.0,0.98,113.2,6.4,5,High,Critical Risk,4,0,0.872,13,5
147,2021,Financial Analyst,Entry,Education,Netherlands,Prompt Engineering|Tableau|Machine Learning,3,98189.0,0.05,107.1,8.8,1,Low,Low Risk,3,1,0.897,12,1
148,2025,AI Engineer,Entry,Finance,Brazil,Tableau|Excel (Basic)|R|MS Access|Machine Learning|Copy-Paste Reporting,6,163280.0,0.98,166.1,5.05,1,Mid,Critical Risk,6,0,1.491,0,1
149,2023,HR Analyst,Mid,Education,Brazil,A/B Testing|Spark/PySpark|Machine Learning|Tableau|Cloud (AWS/GCP)|MLOps,6,188727.0,0.05,149.1,8.62,2,High,Low Risk,6,1,1.269,13,2
150,2019,Content Strategist,Mid,Tech,Canada,Tableau|A/B Testing|Basic SEO|Manual Testing|LLMs/GenAI|Vector Databases,6,134300.0,0.895,94.7,6.7,2,Mid,Critical Risk,6,0,0.903,5,2
151,2021,Software Developer,Lead,Education,Brazil,COBOL|Data Entry|MLOps,3,214516.0,0.98,100.4,3.9,4,High,Critical Risk,3,0,0.933,21,4
152,2019,SEO Specialist,Lead,Manufacturing,Germany,MLOps|Deep Learning|Excel (Basic)|Legacy VBA,4,179995.0,0.98,96.0,5.9,4,Mid,Critical Risk,4,0,0.782,19,4
153,2021,AI Engineer,Lead,Healthcare,Brazil,Prompt Engineering|R|SQL,3,294042.0,0.05,114.1,7.77,4,Elite,Low Risk,3,1,1.278,0,4
154,2021,Data Engineer,Principal,Finance,Singapore,Python|Vector Databases|Prompt Engineering|LLMs/GenAI|dbt,5,421150.0,0.05,111.0,9.18,5,Elite,Low Risk,5,1,1.647,7,5
155,2025,Digital Marketer,Mid,Retail,India,Deep Learning|Prompt Engineering|Copy-Paste Reporting|COBOL,4,131051.0,0.98,117.5,5.15,2,Low,Critical Risk,4,0,0.881,10,2
156,2025,SEO Specialist,Principal,Tech,Australia,Manual Testing|SQL|Spark/PySpark|LLMs/GenAI,4,245225.0,0.768,126.6,7.2,5,Elite,Critical Risk,4,0,0.959,19,5
157,2024,Accountant,Mid,Consulting,USA,Vector Databases|Legacy VBA|MS Access|Airflow|Tableau|Manual Testing,6,127847.0,0.98,122.9,5.33,2,Low,Critical Risk,6,0,0.86,1,2
158,2024,IT Support Specialist,Mid,Media,Canada,COBOL|Statistics|Basic SEO|dbt|Vector Databases,5,109427.0,0.98,125.7,5.84,2,Low,Critical Risk,5,0,0.736,14,2
159,2023,IT Support Specialist,Lead,Manufacturing,Singapore,LLMs/GenAI|Basic SEO|dbt|Manual Testing|Spark/PySpark|Kubernetes,6,249482.0,0.98,93.0,6.82,4,Elite,Critical Risk,6,0,1.085,14,4
160,2022,DevOps Engineer,Principal,Finance,Netherlands,Prompt Engineering|Deep Learning|Cold Calling,3,318896.0,0.627,116.4,6.8,5,Elite,High Risk,3,0,1.247,9,5
161,2022,Content Strategist,Mid,Government,UK,Basic SEO|Tableau|Vector Databases|Python,4,120835.0,0.616,110.4,7.22,2,Low,High Risk,4,0,0.812,5,2
162,2022,Content Strategist,Senior,Retail,Singapore,Vector Databases|Airflow|Python,3,163127.0,0.05,108.4,8.87,3,Mid,Low Risk,3,1,0.839,5,3
163,2019,Operations Analyst,Senior,Healthcare,India,Prompt Engineering|Basic SEO|Statistics,3,133917.0,0.678,108.4,6.57,3,Low,High Risk,3,0,0.689,16,3
164,2020,Operations Analyst,Lead,Consulting,Brazil,Deep Learning|Python|Kubernetes,3,222066.0,0.05,111.6,8.8,4,High,Low Risk,3,1,0.965,16,4
165,2020,SEO Specialist,Principal,Media,Singapore,Cold Calling|Prompt Engineering|Airflow,3,175661.0,0.969,112.6,6.53,5,Mid,Critical Risk,3,0,0.687,19,5
166,2019,Excel Analyst,Lead,Energy,UAE,Cloud (AWS/GCP)|Basic SEO|Statistics,3,146069.0,0.98,99.0,6.47,4,Mid,Critical Risk,3,0,0.635,11,4
167,2019,HR Analyst,Principal,Energy,Canada,Prompt Engineering|Power BI|Python|Manual Testing,4,199021.0,0.479,104.6,7.28,5,High,Moderate Risk,4,0,0.778,13,5
168,2023,QA Engineer,Mid,Finance,Netherlands,Deep Learning|A/B Testing|R|COBOL|Python,5,175647.0,0.538,106.4,6.78,2,Mid,High Risk,5,0,1.181,18,2
169,2022,Business Analyst,Lead,Education,Germany,Vector Databases|COBOL|Deep Learning,3,210026.0,0.39,113.4,6.47,4,High,Moderate Risk,3,0,0.913,3,4
170,2024,Supply Chain Analyst,Entry,Energy,Australia,Machine Learning|Vector Databases|R|MLOps,4,123930.0,0.05,146.5,8.52,1,Low,Low Risk,4,1,1.132,23,1
171,2020,Supply Chain Analyst,Lead,Consulting,India,Deep Learning|Crystal Reports|Cold Calling|Tableau,4,179292.0,0.98,101.2,5.12,4,Mid,Critical Risk,4,0,0.779,23,4
172,2020,Business Analyst,Mid,Tech,Australia,A/B Testing|SQL|Basic SEO|R|Statistics,5,113849.0,0.638,108.3,6.46,2,Low,High Risk,5,0,0.765,3,2
173,2025,HR Analyst,Mid,Manufacturing,Australia,Copy-Paste Reporting|Data Entry|MLOps,3,103704.0,0.98,128.9,3.83,2,Low,Critical Risk,3,0,0.697,13,2
174,2025,DevOps Engineer,Lead,Government,UAE,MLOps|LLMs/GenAI|Statistics|Crystal Reports|COBOL|Vector Databases,6,370060.0,0.58,170.2,6.38,4,Elite,High Risk,6,0,1.609,9,4
175,2023,Statistician,Entry,Government,UK,Manual Testing|Basic SEO|LLMs/GenAI|R|Prompt Engineering|MLOps,6,140649.0,0.697,108.3,6.73,1,Mid,High Risk,6,0,1.284,22,1
176,2021,Supply Chain Analyst,Senior,Manufacturing,UAE,LLMs/GenAI|Crystal Reports|Tableau|Vector Databases|COBOL|Machine Learning,6,214835.0,0.631,118.8,6.5,3,High,High Risk,6,0,1.105,23,3
177,2021,Accountant,Lead,Manufacturing,USA,Legacy VBA|Data Entry|SQL,3,125802.0,0.98,114.5,3.67,4,Low,Critical Risk,3,0,0.547,1,4
178,2025,Product Manager,Mid,Tech,India,Machine Learning|Spark/PySpark|Deep Learning|Airflow|Data Entry|Vector Databases,6,249292.0,0.308,127.7,7.7,2,Elite,Moderate Risk,6,1,1.676,17,2
179,2023,Business Analyst,Principal,Healthcare,UAE,Vector Databases|Tableau|Cold Calling|Deep Learning|Excel (Basic),5,267010.0,0.931,109.2,6.26,5,Elite,Critical Risk,5,0,1.044,3,5
180,2021,Software Developer,Senior,Manufacturing,Canada,Python|MS Access|LLMs/GenAI,3,208287.0,0.44,111.1,7.07,3,High,Moderate Risk,3,0,1.071,21,3
181,2022,SEO Specialist,Entry,Manufacturing,Germany,dbt|Manual Testing|Prompt Engineering|Crystal Reports|Statistics|Copy-Paste Reporting,6,91656.0,0.98,112.3,5.13,1,Low,Critical Risk,6,0,0.837,19,1
182,2025,Data Scientist,Lead,Healthcare,UAE,COBOL|Legacy VBA|Copy-Paste Reporting,3,209521.0,0.98,167.2,1.4,4,High,Critical Risk,3,0,0.911,8,4
183,2024,DevOps Engineer,Entry,Media,Netherlands,Prompt Engineering|Copy-Paste Reporting|LLMs/GenAI|Crystal Reports|Data Entry,5,143369.0,0.98,120.6,4.68,1,Mid,Critical Risk,5,0,1.309,9,1
184,2021,Content Strategist,Mid,Finance,Canada,Airflow|COBOL|Statistics|Python,4,110380.0,0.553,110.4,6.52,2,Low,High Risk,4,0,0.742,5,2
185,2023,DevOps Engineer,Lead,Media,India,Deep Learning|Prompt Engineering|SQL,3,299098.0,0.05,149.7,8.63,4,Elite,Low Risk,3,1,1.3,9,4
186,2024,Digital Marketer,Principal,Government,Singapore,Spark/PySpark|MLOps|Data Entry,3,218665.0,0.98,111.5,6.4,5,High,Critical Risk,3,0,0.855,10,5
187,2022,Supply Chain Analyst,Principal,Education,India,Cold Calling|Spark/PySpark|Power BI|A/B Testing,4,226432.0,0.792,134.8,6.6,5,High,Critical Risk,4,0,0.885,23,5
188,2019,Machine Learning Engineer,Principal,Healthcare,Germany,LLMs/GenAI|MLOps|Crystal Reports|Airflow,4,376677.0,0.216,98.4,7.22,5,Elite,Low Risk,4,1,1.473,15,5
189,2023,AI Engineer,Entry,Manufacturing,Canada,Spark/PySpark|Data Entry|Prompt Engineering|Manual Testing|R,5,166056.0,0.98,101.5,5.76,1,Mid,Critical Risk,5,0,1.516,0,1
190,2024,BI Developer,Principal,Energy,India,Legacy VBA|Manual Testing|MS Access|MLOps,4,220747.0,0.98,150.4,4.0,5,High,Critical Risk,4,0,0.863,2,5
191,2023,Business Analyst,Entry,Finance,USA,Data Entry|dbt|Cold Calling|Excel (Basic)|Power BI,5,83417.0,0.98,134.4,4.66,1,Low,Critical Risk,5,0,0.762,3,1
192,2019,Digital Marketer,Principal,Manufacturing,Germany,Airflow|COBOL|Basic SEO|Legacy VBA|SQL|Prompt Engineering,6,202304.0,0.98,88.9,5.22,5,High,Critical Risk,6,0,0.791,10,5
193,2024,Business Analyst,Mid,Consulting,Singapore,Tableau|dbt|MLOps|Manual Testing|Spark/PySpark|COBOL,6,167115.0,0.858,145.7,6.3,2,Mid,Critical Risk,6,0,1.124,3,2
194,2021,Product Manager,Senior,Government,India,A/B Testing|R|Cloud (AWS/GCP)|MLOps|Airflow,5,271893.0,0.05,111.3,8.14,3,Elite,Low Risk,5,1,1.398,17,3
195,2021,IT Support Specialist,Mid,Healthcare,UK,Prompt Engineering|SQL|Copy-Paste Reporting,3,91363.0,0.98,107.2,5.93,2,Low,Critical Risk,3,0,0.614,14,2
196,2020,BI Developer,Senior,Energy,Australia,Cold Calling|LLMs/GenAI|Statistics|A/B Testing,4,186458.0,0.681,102.4,6.78,3,High,High Risk,4,0,0.959,2,3
197,2021,Digital Marketer,Entry,Finance,Singapore,Airflow|dbt|Excel (Basic)|Vector Databases|Machine Learning|MS Access,6,117551.0,0.744,110.0,6.85,1,Low,High Risk,6,0,1.073,10,1
198,2023,HR Analyst,Lead,Manufacturing,Netherlands,Copy-Paste Reporting|Cloud (AWS/GCP)|Power BI,3,159586.0,0.98,115.0,5.93,4,Mid,Critical Risk,3,0,0.694,13,4
199,2021,Product Manager,Senior,Government,Australia,SQL|Machine Learning|Excel (Basic),3,209937.0,0.245,113.9,6.83,3,High,Low Risk,3,0,1.079,17,3
200,2021,SEO Specialist,Senior,Finance,Singapore,Cold Calling|R|Kubernetes|Manual Testing|Legacy VBA|Copy-Paste Reporting,6,114543.0,0.98,108.3,3.73,3,Low,Critical Risk,6,0,0.589,19,3
201,2019,Software Developer,Senior,Education,Netherlands,Cold Calling|Spark/PySpark|dbt|Manual Testing|A/B Testing,5,203984.0,0.98,104.3,5.98,3,High,Critical Risk,5,0,1.049,21,3
202,2019,Business Analyst,Entry,Healthcare,Australia,A/B Testing|Tableau|Spark/PySpark|Manual Testing|Copy-Paste Reporting|COBOL,6,97903.0,0.98,109.4,4.87,1,Low,Critical Risk,6,0,0.894,3,1
203,2023,Cloud Architect,Mid,Government,Brazil,Excel (Basic)|MLOps|A/B Testing|Basic SEO|R,5,202381.0,0.723,118.7,5.98,2,High,High Risk,5,0,1.361,4,2
204,2023,AI Engineer,Lead,Tech,Australia,Legacy VBA|Cloud (AWS/GCP)|Power BI|Excel (Basic)|Prompt Engineering,5,347627.0,0.72,139.6,6.32,4,Elite,High Risk,5,0,1.511,0,4
205,2024,Operations Analyst,Entry,Energy,UAE,Data Entry|COBOL|Cold Calling|Excel (Basic)|Airflow,5,78181.0,0.98,158.3,3.3,1,Low,Critical Risk,5,0,0.714,16,1
206,2023,Digital Marketer,Mid,Media,Brazil,Spark/PySpark|Basic SEO|Legacy VBA|Airflow|Machine Learning|Excel (Basic),6,141446.0,0.98,149.6,5.83,2,Mid,Critical Risk,6,0,0.951,10,2
207,2019,SQL Developer,Entry,Consulting,Australia,Spark/PySpark|Power BI|Crystal Reports|dbt|Basic SEO|A/B Testing,6,105155.0,0.98,96.0,6.28,1,Low,Critical Risk,6,0,0.96,20,1
208,2022,Product Manager,Entry,Healthcare,Netherlands,R|MLOps|Legacy VBA|Statistics,4,129341.0,0.621,128.5,6.22,1,Low,High Risk,4,0,1.181,17,1
209,2021,BI Developer,Lead,Media,Australia,Legacy VBA|Cold Calling|Copy-Paste Reporting|MS Access|Data Entry,5,148744.0,0.98,115.1,1.74,4,Mid,Critical Risk,5,0,0.647,2,4
210,2021,Accountant,Lead,Retail,Canada,R|Prompt Engineering|Airflow|Cold Calling|Crystal Reports,5,179209.0,0.98,113.6,5.58,4,Mid,Critical Risk,5,0,0.779,1,4
211,2024,Digital Marketer,Senior,Consulting,Australia,Prompt Engineering|Cloud (AWS/GCP)|Excel (Basic)|Legacy VBA|R,5,163381.0,0.98,128.2,6.06,3,Mid,Critical Risk,5,0,0.84,10,3
212,2022,DevOps Engineer,Mid,Manufacturing,USA,Crystal Reports|Deep Learning|Vector Databases|Tableau|Data Entry,5,185990.0,0.98,105.4,5.82,2,High,Critical Risk,5,0,1.251,9,2
213,2022,SQL Developer,Mid,Media,Germany,Spark/PySpark|Cloud (AWS/GCP)|Manual Testing|MS Access|Excel (Basic),5,137415.0,0.98,91.7,5.24,2,Mid,Critical Risk,5,0,0.924,20,2
214,2019,Supply Chain Analyst,Principal,Retail,Canada,Cloud (AWS/GCP)|Power BI|MLOps,3,225724.0,0.05,108.3,8.6,5,High,Low Risk,3,1,0.883,23,5
215,2019,Supply Chain Analyst,Mid,Tech,Netherlands,Power BI|Data Entry|Statistics|dbt,4,107702.0,0.845,98.8,6.3,2,Low,Critical Risk,4,0,0.724,23,2
216,2021,Cloud Architect,Senior,Tech,UK,R|MS Access|Copy-Paste Reporting|Machine Learning,4,234781.0,0.98,122.0,4.8,3,High,Critical Risk,4,0,1.207,4,3
217,2020,QA Engineer,Mid,Tech,Singapore,LLMs/GenAI|MS Access|Prompt Engineering|Machine Learning|Python|COBOL,6,183345.0,0.736,111.9,6.87,2,Mid,High Risk,6,0,1.233,18,2
218,2019,Cloud Architect,Senior,Consulting,Netherlands,Spark/PySpark|A/B Testing|Tableau|Kubernetes|dbt|Cloud (AWS/GCP),6,315682.0,0.05,94.5,8.3,3,Elite,Low Risk,6,1,1.623,4,3
219,2024,IT Support Specialist,Senior,Healthcare,USA,COBOL|Prompt Engineering|Excel (Basic)|Legacy VBA|Cold Calling,5,132060.0,0.98,94.7,3.6,3,Low,Critical Risk,5,0,0.679,14,3
220,2023,HR Analyst,Lead,Government,Netherlands,Deep Learning|SQL|Legacy VBA|Cloud (AWS/GCP)|LLMs/GenAI,5,259891.0,0.536,146.5,7.48,4,Elite,High Risk,5,0,1.13,13,4
221,2022,Cloud Architect,Mid,Tech,Germany,Airflow|Tableau|Cold Calling|Kubernetes|MLOps|Prompt Engineering,6,241694.0,0.249,123.3,7.38,2,High,Low Risk,6,1,1.625,4,2
222,2023,Data Analyst,Senior,Education,Canada,Legacy VBA|Cloud (AWS/GCP)|Tableau,3,146002.0,0.829,120.8,6.2,3,Mid,Critical Risk,3,0,0.751,6,3
223,2022,Supply Chain Analyst,Principal,Manufacturing,UK,Vector Databases|Manual Testing|Airflow|Spark/PySpark|Statistics,5,273495.0,0.47,97.3,7.26,5,Elite,Moderate Risk,5,0,1.069,23,5
224,2024,Accountant,Senior,Government,Netherlands,Cold Calling|R|COBOL|Legacy VBA|dbt|Airflow,6,162676.0,0.98,133.7,4.75,3,Mid,Critical Risk,6,0,0.836,1,3
225,2023,Data Scientist,Principal,Consulting,Netherlands,Deep Learning|Excel (Basic)|Cloud (AWS/GCP)|Machine Learning|Basic SEO,5,371516.0,0.549,122.9,6.82,5,Elite,High Risk,5,0,1.453,8,5
226,2023,SQL Developer,Principal,Media,India,MLOps|Copy-Paste Reporting|A/B Testing|Tableau,4,242620.0,0.98,101.4,6.38,5,High,Critical Risk,4,0,0.949,20,5
227,2020,Operations Analyst,Principal,Consulting,UK,COBOL|Machine Learning|Tableau|Spark/PySpark|A/B Testing|Power BI,6,284195.0,0.403,110.2,7.12,5,Elite,Moderate Risk,6,0,1.111,16,5
228,2019,SEO Specialist,Lead,Manufacturing,USA,Kubernetes|Basic SEO|Python|MS Access|dbt|Excel (Basic),6,174929.0,0.98,102.4,5.75,4,Mid,Critical Risk,6,0,0.76,19,4
229,2022,DevOps Engineer,Entry,Media,USA,Statistics|Machine Learning|Prompt Engineering,3,132564.0,0.05,117.1,8.73,1,Low,Low Risk,3,1,1.21,9,1
230,2025,Data Engineer,Lead,Education,Singapore,Copy-Paste Reporting|SQL|Basic SEO|Deep Learning|Legacy VBA|MS Access,6,281543.0,0.98,166.7,4.13,4,Elite,Critical Risk,6,0,1.224,7,4
231,2020,HR Analyst,Senior,Finance,India,A/B Testing|Spark/PySpark|MS Access|Airflow|Python|COBOL,6,175417.0,0.98,106.4,6.25,3,Mid,Critical Risk,6,0,0.902,13,3
232,2022,Supply Chain Analyst,Principal,Government,Netherlands,Basic SEO|Airflow|Copy-Paste Reporting|Tableau|Vector Databases|Spark/PySpark,6,275914.0,0.98,112.7,6.28,5,Elite,Critical Risk,6,0,1.079,23,5
233,2024,Machine Learning Engineer,Entry,Government,Brazil,Airflow|dbt|Deep Learning,3,163630.0,0.05,119.7,8.63,1,Mid,Low Risk,3,1,1.494,15,1
234,2019,IT Support Specialist,Principal,Tech,Canada,SQL|Tableau|Airflow,3,154775.0,0.424,105.2,7.8,5,Mid,Moderate Risk,3,0,0.605,14,5
235,2025,Business Analyst,Mid,Media,Germany,Basic SEO|MS Access|Excel (Basic)|MLOps,4,115503.0,0.98,138.9,4.42,2,Low,Critical Risk,4,0,0.777,3,2
236,2025,Supply Chain Analyst,Senior,Retail,Germany,Legacy VBA|A/B Testing|Airflow|Power BI,4,168227.0,0.792,138.8,6.5,3,Mid,Critical Risk,4,0,0.865,23,3
237,2019,SEO Specialist,Principal,Healthcare,Singapore,Machine Learning|Vector Databases|Data Entry|Legacy VBA|SQL|A/B Testing,6,220890.0,0.98,101.1,6.25,5,High,Critical Risk,6,0,0.864,19,5
238,2022,QA Engineer,Mid,Manufacturing,Singapore,Cold Calling|R|Statistics|Airflow,4,122066.0,0.98,118.5,6.05,2,Low,Critical Risk,4,0,0.821,18,2
239,2021,Operations Analyst,Mid,Consulting,USA,Power BI|R|A/B Testing|Spark/PySpark|SQL|Airflow,6,149961.0,0.103,109.7,7.78,2,Mid,Low Risk,6,1,1.008,16,2
240,2021,HR Analyst,Entry,Consulting,Australia,R|MS Access|Basic SEO,3,58632.0,0.98,107.5,3.9,1,Low,Critical Risk,3,0,0.535,13,1
241,2021,Software Developer,Principal,Energy,USA,dbt|COBOL|Cold Calling,3,234009.0,0.98,109.0,3.9,5,High,Critical Risk,3,0,0.915,21,5
242,2024,SEO Specialist,Mid,Consulting,Canada,Prompt Engineering|Python|dbt|MS Access|Cloud (AWS/GCP),5,157841.0,0.63,146.4,7.64,2,Mid,High Risk,5,0,1.061,19,2
243,2025,Digital Marketer,Mid,Energy,Canada,Airflow|R|MLOps|Cold Calling|Prompt Engineering|SQL,6,159942.0,0.7,137.3,7.1,2,Mid,High Risk,6,0,1.075,10,2
244,2024,DevOps Engineer,Senior,Manufacturing,Australia,Tableau|Cloud (AWS/GCP)|COBOL|MS Access|Statistics|MLOps,6,267402.0,0.791,150.8,6.07,3,Elite,Critical Risk,6,0,1.375,9,3
245,2021,Cloud Architect,Lead,Tech,Brazil,MS Access|Spark/PySpark|Python|Kubernetes,4,324286.0,0.259,120.2,7.05,4,Elite,Moderate Risk,4,1,1.41,4,4
246,2023,Financial Analyst,Lead,Manufacturing,India,MLOps|Airflow|SQL|Excel (Basic),4,220602.0,0.458,146.2,7.08,4,High,Moderate Risk,4,0,0.959,12,4
247,2022,SEO Specialist,Senior,Manufacturing,UAE,Tableau|LLMs/GenAI|MS Access|Vector Databases|Basic SEO|Spark/PySpark,6,209567.0,0.98,118.4,6.73,3,High,Critical Risk,6,0,1.078,19,3
248,2022,BI Developer,Principal,Tech,Netherlands,Basic SEO|Copy-Paste Reporting|Deep Learning,3,215159.0,0.98,134.5,4.37,5,High,Critical Risk,3,0,0.841,2,5
249,2024,Business Analyst,Entry,Government,India,Deep Learning|Crystal Reports|Spark/PySpark|Python,4,121978.0,0.473,121.9,7.2,1,Low,Moderate Risk,4,0,1.114,3,1
250,2022,DevOps Engineer,Entry,Energy,Brazil,Legacy VBA|Statistics|Python|COBOL|R|MS Access,6,121594.0,0.98,111.3,4.75,1,Low,Critical Risk,6,0,1.11,9,1
251,2019,Content Strategist,Senior,Media,Germany,A/B Testing|Basic SEO|Crystal Reports,3,95483.0,0.98,95.1,4.23,3,Low,Critical Risk,3,0,0.491,5,3
252,2025,BI Developer,Entry,Finance,Netherlands,Airflow|dbt|Manual Testing|A/B Testing,4,115668.0,0.672,140.3,6.88,1,Low,High Risk,4,0,1.056,2,1
253,2021,Statistician,Lead,Finance,Australia,Tableau|Excel (Basic)|Airflow|Crystal Reports|COBOL|Prompt Engineering,6,230316.0,0.98,113.4,5.28,4,High,Critical Risk,6,0,1.001,22,4
254,2025,Data Scientist,Entry,Finance,Singapore,SQL|R|Statistics|Machine Learning|Data Entry|Python,6,157889.0,0.483,154.8,6.93,1,Mid,Moderate Risk,6,0,1.442,8,1
255,2019,Digital Marketer,Lead,Education,Brazil,A/B Testing|Machine Learning|Airflow,3,194150.0,0.107,105.7,8.57,4,High,Low Risk,3,1,0.844,10,4
256,2025,Operations Analyst,Principal,Consulting,Germany,Deep Learning|Legacy VBA|Kubernetes,3,243849.0,0.819,174.8,6.4,5,High,Critical Risk,3,0,0.953,16,5
257,2023,Supply Chain Analyst,Entry,Healthcare,Australia,dbt|Excel (Basic)|Spark/PySpark,3,88440.0,0.554,141.6,6.9,1,Low,High Risk,3,0,0.808,23,1
258,2024,Software Developer,Entry,Manufacturing,India,Excel (Basic)|Basic SEO|Copy-Paste Reporting|SQL,4,95484.0,0.98,148.7,3.75,1,Low,Critical Risk,4,0,0.872,21,1
259,2023,Cloud Architect,Lead,Healthcare,UK,Machine Learning|Cloud (AWS/GCP)|Power BI|Airflow|Basic SEO,5,363716.0,0.253,107.4,7.52,4,Elite,Moderate Risk,5,1,1.581,4,4
260,2023,Accountant,Principal,Government,Australia,Data Entry|Kubernetes|COBOL,3,176962.0,0.98,150.8,3.6,5,Mid,Critical Risk,3,0,0.692,1,5
261,2022,Excel Analyst,Senior,Media,Singapore,LLMs/GenAI|Legacy VBA|Excel (Basic)|Basic SEO|SQL|Deep Learning,6,179768.0,0.98,116.1,5.82,3,Mid,Critical Risk,6,0,0.924,11,3
262,2021,Excel Analyst,Entry,Finance,Germany,SQL|Crystal Reports|COBOL|Data Entry,4,57784.0,0.98,102.5,3.0,1,Low,Critical Risk,4,0,0.528,11,1
263,2022,Cloud Architect,Senior,Finance,UK,Prompt Engineering|Tableau|Vector Databases,3,273188.0,0.05,128.5,8.67,3,Elite,Low Risk,3,1,1.405,4,3
264,2019,Data Engineer,Entry,Healthcare,Singapore,R|Copy-Paste Reporting|A/B Testing|Power BI|Cloud (AWS/GCP)|Python,6,133445.0,0.683,101.0,6.9,1,Low,High Risk,6,0,1.219,7,1
265,2023,Data Scientist,Principal,Energy,Australia,Python|Prompt Engineering|Power BI|SQL|Deep Learning|R,6,399337.0,0.05,138.8,8.23,5,Elite,Low Risk,6,1,1.561,8,5
266,2020,Financial Analyst,Principal,Healthcare,Singapore,Spark/PySpark|Kubernetes|Prompt Engineering|Statistics,4,283860.0,0.05,106.9,8.38,5,Elite,Low Risk,4,1,1.11,12,5
267,2020,QA Engineer,Senior,Government,Germany,COBOL|Deep Learning|Vector Databases|Kubernetes|Airflow|Data Entry,6,224001.0,0.98,106.6,6.22,3,High,Critical Risk,6,0,1.152,18,3
268,2023,SQL Developer,Lead,Finance,India,Python|SQL|MLOps|Basic SEO|Manual Testing,5,219922.0,0.98,100.9,6.3,4,High,Critical Risk,5,0,0.956,20,4
269,2025,Cloud Architect,Lead,Education,Singapore,Prompt Engineering|MLOps|Manual Testing|Crystal Reports,4,330263.0,0.851,125.2,5.72,4,Elite,Critical Risk,4,0,1.436,4,4
270,2021,BI Developer,Lead,Education,Germany,Excel (Basic)|COBOL|Airflow|MLOps|SQL|Kubernetes,6,249868.0,0.768,115.9,6.27,4,Elite,Critical Risk,6,0,1.086,2,4
271,2022,DevOps Engineer,Entry,Energy,Canada,Legacy VBA|Cold Calling|R|Python,4,112343.0,0.98,141.8,4.92,1,Low,Critical Risk,4,0,1.026,9,1
272,2022,Operations Analyst,Mid,Consulting,Germany,Basic SEO|Copy-Paste Reporting|COBOL,3,83220.0,0.98,122.4,1.73,2,Low,Critical Risk,3,0,0.56,16,2
273,2024,Digital Marketer,Mid,Manufacturing,Canada,Legacy VBA|Spark/PySpark|Crystal Reports|Power BI|COBOL,5,111585.0,0.98,129.3,4.3,2,Low,Critical Risk,5,0,0.75,10,2
274,2022,Accountant,Lead,Energy,Singapore,R|Machine Learning|COBOL|Vector Databases|Crystal Reports|Copy-Paste Reporting,6,214441.0,0.98,130.9,4.85,4,High,Critical Risk,6,0,0.932,1,4
275,2019,Machine Learning Engineer,Mid,Education,India,Excel (Basic)|Data Entry|Legacy VBA,3,148994.0,0.98,97.8,2.33,2,Mid,Critical Risk,3,0,1.002,15,2
276,2025,Cloud Architect,Lead,Finance,USA,Kubernetes|Airflow|A/B Testing,3,338811.0,0.05,154.2,8.1,4,Elite,Low Risk,3,1,1.473,4,4
277,2023,Financial Analyst,Principal,Retail,UAE,SQL|Tableau|Cold Calling|Legacy VBA|Excel (Basic),5,195899.0,0.98,128.9,4.52,5,High,Critical Risk,5,0,0.766,12,5
278,2020,DevOps Engineer,Entry,Consulting,UK,Power BI|Deep Learning|Cloud (AWS/GCP)|Basic SEO|MS Access,5,131091.0,0.895,99.6,6.22,1,Low,Critical Risk,5,0,1.197,9,1
279,2021,Cloud Architect,Lead,Retail,Netherlands,Vector Databases|Statistics|Cloud (AWS/GCP)|Tableau|MS Access|Crystal Reports,6,335091.0,0.827,120.8,6.18,4,Elite,Critical Risk,6,0,1.457,4,4
280,2019,AI Engineer,Entry,Finance,USA,Data Entry|Cloud (AWS/GCP)|Legacy VBA|COBOL|LLMs/GenAI,5,145383.0,0.98,98.9,4.7,1,Mid,Critical Risk,5,0,1.328,0,1
281,2024,Excel Analyst,Principal,Healthcare,Netherlands,MLOps|R|Power BI|Tableau,4,217440.0,0.495,91.0,7.72,5,High,Moderate Risk,4,0,0.85,11,5
282,2022,HR Analyst,Mid,Healthcare,Singapore,Python|MS Access|Manual Testing|dbt|Tableau|Excel (Basic),6,120699.0,0.98,121.3,5.63,2,Low,Critical Risk,6,0,0.812,13,2
283,2019,Operations Analyst,Mid,Retail,Germany,Excel (Basic)|Cloud (AWS/GCP)|COBOL,3,100445.0,0.98,96.8,4.57,2,Low,Critical Risk,3,0,0.675,16,2
284,2020,DevOps Engineer,Senior,Retail,UAE,Kubernetes|Legacy VBA|Copy-Paste Reporting,3,176566.0,0.98,104.1,3.7,3,Mid,Critical Risk,3,0,0.908,9,3
285,2024,Cloud Architect,Principal,Government,Brazil,Excel (Basic)|Cloud (AWS/GCP)|Vector Databases|COBOL|Tableau|Manual Testing,6,400800.0,0.98,125.7,5.53,5,Elite,Critical Risk,6,0,1.567,4,5
286,2024,Operations Analyst,Senior,Energy,Brazil,Legacy VBA|Spark/PySpark|MLOps,3,167527.0,0.78,118.3,6.57,3,Mid,Critical Risk,3,0,0.861,16,3
287,2021,Machine Learning Engineer,Mid,Education,India,Power BI|Manual Testing|Spark/PySpark|Excel (Basic)|SQL|Copy-Paste Reporting,6,180988.0,0.98,108.7,5.22,2,Mid,Critical Risk,6,0,1.217,15,2
288,2024,SEO Specialist,Mid,Media,India,Prompt Engineering|Spark/PySpark|LLMs/GenAI|MLOps|Tableau|Manual Testing,6,178608.0,0.441,121.7,7.87,2,Mid,Moderate Risk,6,0,1.201,19,2
289,2021,Data Analyst,Lead,Healthcare,Canada,R|A/B Testing|Data Entry|Statistics|Power BI|Legacy VBA,6,180029.0,0.98,115.3,5.52,4,Mid,Critical Risk,6,0,0.783,6,4
290,2024,IT Support Specialist,Lead,Healthcare,UK,COBOL|Cold Calling|Airflow,3,127222.0,0.98,109.7,3.83,4,Low,Critical Risk,3,0,0.553,14,4
291,2021,Excel Analyst,Principal,Manufacturing,India,Excel (Basic)|MS Access|Cold Calling|COBOL|Statistics|R,6,154095.0,0.98,97.3,3.8,5,Mid,Critical Risk,6,0,0.602,11,5
292,2023,Machine Learning Engineer,Senior,Media,Australia,Cold Calling|MS Access|Tableau,3,204410.0,0.98,138.8,3.93,3,High,Critical Risk,3,0,1.051,15,3
293,2022,Machine Learning Engineer,Mid,Manufacturing,USA,Kubernetes|Vector Databases|Deep Learning|Tableau|Cloud (AWS/GCP)|Airflow,6,265624.0,0.05,112.2,8.53,2,Elite,Low Risk,6,1,1.786,15,2
294,2024,Financial Analyst,Senior,Energy,Singapore,Manual Testing|Spark/PySpark|COBOL|dbt,4,179979.0,0.98,148.0,5.3,3,Mid,Critical Risk,4,0,0.925,12,3
295,2025,Business Analyst,Principal,Education,Netherlands,Manual Testing|R|LLMs/GenAI|MLOps|Crystal Reports,5,282177.0,0.98,133.0,5.98,5,Elite,Critical Risk,5,0,1.103,3,5
296,2023,Statistician,Principal,Finance,India,Machine Learning|Kubernetes|Data Entry|Spark/PySpark|Crystal Reports|Cold Calling,6,315143.0,0.98,116.2,5.27,5,Elite,Critical Risk,6,0,1.232,22,5
297,2024,Cloud Architect,Mid,Government,UAE,Excel (Basic)|Data Entry|Kubernetes|Power BI,4,194203.0,0.98,132.9,5.22,2,High,Critical Risk,4,0,1.306,4,2
298,2019,HR Analyst,Entry,Government,Netherlands,Crystal Reports|Vector Databases|Tableau|Statistics|MLOps,5,100786.0,0.592,105.8,6.98,1,Low,High Risk,5,0,0.92,13,1
299,2025,Product Manager,Entry,Consulting,Australia,COBOL|R|SQL,3,121623.0,0.609,124.2,5.07,1,Low,High Risk,3,0,1.111,17,1
300,2022,SQL Developer,Lead,Manufacturing,Australia,MLOps|R|Excel (Basic)|Spark/PySpark|Copy-Paste Reporting,5,219012.0,0.98,101.5,5.74,4,High,Critical Risk,5,0,0.952,20,4
301,2021,Supply Chain Analyst,Entry,Tech,UK,Python|Cloud (AWS/GCP)|LLMs/GenAI|Tableau|Cold Calling|Copy-Paste Reporting,6,122724.0,0.98,124.0,6.43,1,Low,Critical Risk,6,0,1.121,23,1
302,2022,SQL Developer,Mid,Manufacturing,India,Deep Learning|Data Entry|Vector Databases|Kubernetes|Legacy VBA,5,164954.0,0.98,118.3,5.96,2,Mid,Critical Risk,5,0,1.109,20,2
303,2020,Business Analyst,Lead,Manufacturing,Canada,Data Entry|Deep Learning|Crystal Reports|Cloud (AWS/GCP)|Python|dbt,6,245017.0,0.98,110.0,6.52,4,Elite,Critical Risk,6,0,1.065,3,4
304,2020,Financial Analyst,Mid,Media,UAE,Python|Crystal Reports|MLOps,3,136378.0,0.616,111.3,6.67,2,Mid,High Risk,3,0,0.917,12,2
305,2025,QA Engineer,Mid,Consulting,UK,SQL|Deep Learning|MS Access|COBOL,4,141546.0,0.98,87.7,5.0,2,Mid,Critical Risk,4,0,0.952,18,2
306,2021,DevOps Engineer,Senior,Healthcare,Singapore,Data Entry|Legacy VBA|Spark/PySpark|Deep Learning,4,224572.0,0.98,115.5,5.32,3,High,Critical Risk,4,0,1.155,9,3
307,2019,Accountant,Mid,Consulting,Australia,Data Entry|MS Access|Spark/PySpark|Power BI,4,95767.0,0.98,105.4,5.05,2,Low,Critical Risk,4,0,0.644,1,2
308,2022,SQL Developer,Entry,Finance,India,Excel (Basic)|MS Access|SQL,3,66623.0,0.98,98.0,4.4,1,Low,Critical Risk,3,0,0.608,20,1
309,2022,Cloud Architect,Mid,Retail,Germany,Airflow|R|Manual Testing,3,180125.0,0.469,121.2,5.87,2,Mid,Moderate Risk,3,0,1.211,4,2
310,2023,AI Engineer,Entry,Manufacturing,Canada,MS Access|SQL|Prompt Engineering|Data Entry,4,146261.0,0.98,109.9,5.12,1,Mid,Critical Risk,4,0,1.336,0,1
311,2025,Excel Analyst,Lead,Government,UK,Statistics|Data Entry|Manual Testing|Deep Learning,4,171909.0,0.98,106.5,5.2,4,Mid,Critical Risk,4,0,0.747,11,4
312,2019,DevOps Engineer,Senior,Healthcare,Singapore,Vector Databases|R|Legacy VBA|LLMs/GenAI|Statistics|Deep Learning,6,266555.0,0.163,97.5,7.32,3,Elite,Low Risk,6,1,1.371,9,3
313,2019,Data Analyst,Senior,Retail,USA,COBOL|SQL|A/B Testing,3,119693.0,0.651,101.2,5.53,3,Low,High Risk,3,0,0.615,6,3
314,2024,Content Strategist,Lead,Government,Singapore,Data Entry|R|Manual Testing,3,119242.0,0.98,122.0,3.6,4,Low,Critical Risk,3,0,0.518,5,4
315,2019,AI Engineer,Entry,Media,Canada,R|MLOps|SQL|Excel (Basic),4,142751.0,0.127,109.2,6.62,1,Mid,Low Risk,4,0,1.304,0,1
316,2025,HR Analyst,Entry,Manufacturing,Singapore,Machine Learning|Airflow|Deep Learning|Power BI,4,115399.0,0.05,115.5,8.67,1,Low,Low Risk,4,1,1.054,13,1
317,2023,Accountant,Entry,Manufacturing,India,Python|Crystal Reports|Spark/PySpark,3,87634.0,0.98,134.9,6.57,1,Low,Critical Risk,3,0,0.8,1,1
318,2020,Digital Marketer,Senior,Media,Netherlands,LLMs/GenAI|Vector Databases|Spark/PySpark|MS Access|Cold Calling,5,185645.0,0.98,118.0,6.36,3,High,Critical Risk,5,0,0.955,10,3
319,2024,Machine Learning Engineer,Entry,Education,Singapore,A/B Testing|Deep Learning|Kubernetes|Crystal Reports|Excel (Basic),5,166229.0,0.719,143.1,6.08,1,Mid,High Risk,5,0,1.518,15,1
320,2022,IT Support Specialist,Principal,Education,USA,Copy-Paste Reporting|Excel (Basic)|LLMs/GenAI|Vector Databases|COBOL|Kubernetes,6,255768.0,0.98,116.4,5.45,5,Elite,Critical Risk,6,0,1.0,14,5
321,2023,Supply Chain Analyst,Entry,Retail,Netherlands,Machine Learning|Copy-Paste Reporting|Python,3,99738.0,0.97,118.8,6.57,1,Low,Critical Risk,3,0,0.911,23,1
322,2022,DevOps Engineer,Lead,Healthcare,India,R|COBOL|Crystal Reports,3,212659.0,0.98,135.4,3.17,4,High,Critical Risk,3,0,0.924,9,4
323,2022,Excel Analyst,Senior,Retail,Singapore,Kubernetes|Basic SEO|Deep Learning|Excel (Basic)|Vector Databases,5,178991.0,0.98,94.4,6.56,3,Mid,Critical Risk,5,0,0.92,11,3
324,2024,Business Analyst,Mid,Retail,Netherlands,SQL|Deep Learning|Tableau,3,128408.0,0.109,149.9,8.07,2,Low,Low Risk,3,1,0.863,3,2
325,2025,AI Engineer,Senior,Finance,Netherlands,Python|Vector Databases|dbt|Prompt Engineering|Excel (Basic)|Cold Calling,6,337588.0,0.53,154.1,6.93,3,Elite,High Risk,6,0,1.736,0,3
326,2020,IT Support Specialist,Senior,Energy,UAE,MS Access|R|Cold Calling|COBOL,4,78497.0,0.98,87.3,2.97,3,Low,Critical Risk,4,0,0.404,14,3
327,2019,QA Engineer,Entry,Retail,Netherlands,Data Entry|Basic SEO|Crystal Reports|Python|MLOps,5,86580.0,0.98,103.9,4.9,1,Low,Critical Risk,5,0,0.791,18,1
328,2024,Software Developer,Senior,Finance,Canada,Power BI|Statistics|Machine Learning|Spark/PySpark,4,250752.0,0.05,145.3,8.35,3,Elite,Low Risk,4,1,1.289,21,3
329,2019,Business Analyst,Mid,Media,Singapore,Tableau|MS Access|Deep Learning|Excel (Basic)|Cloud (AWS/GCP),5,137481.0,0.725,107.5,6.28,2,Mid,High Risk,5,0,0.924,3,2
330,2024,Software Developer,Entry,Energy,Brazil,Power BI|Legacy VBA|Spark/PySpark,3,117871.0,0.778,122.0,6.17,1,Low,Critical Risk,3,0,1.076,21,1
331,2021,Cloud Architect,Lead,Education,Australia,Kubernetes|Airflow|Deep Learning|dbt|Spark/PySpark|Excel (Basic),6,388386.0,0.05,104.9,7.7,4,Elite,Low Risk,6,1,1.688,4,4
332,2019,BI Developer,Lead,Consulting,Australia,Cloud (AWS/GCP)|R|Vector Databases|Cold Calling|dbt|Tableau,6,245365.0,0.57,98.6,7.12,4,Elite,High Risk,6,0,1.067,2,4
333,2021,Machine Learning Engineer,Entry,Healthcare,Germany,dbt|Basic SEO|Copy-Paste Reporting,3,128294.0,0.98,107.7,4.17,1,Low,Critical Risk,3,0,1.172,15,1
334,2019,Operations Analyst,Mid,Education,Singapore,Legacy VBA|Prompt Engineering|Kubernetes,3,115362.0,0.772,104.6,6.47,2,Low,Critical Risk,3,0,0.776,16,2
335,2020,Data Analyst,Lead,Consulting,Netherlands,Cloud (AWS/GCP)|Tableau|COBOL|Spark/PySpark,4,201275.0,0.486,106.7,6.62,4,High,Moderate Risk,4,0,0.875,6,4
336,2019,Excel Analyst,Mid,Retail,Singapore,Legacy VBA|Data Entry|Deep Learning|Excel (Basic)|Kubernetes,5,109467.0,0.98,103.2,4.84,2,Low,Critical Risk,5,0,0.736,11,2
337,2019,Data Analyst,Entry,Retail,UAE,Deep Learning|Copy-Paste Reporting|Basic SEO|COBOL,4,83622.0,0.98,106.6,3.58,1,Low,Critical Risk,4,0,0.764,6,1
338,2019,IT Support Specialist,Entry,Healthcare,Brazil,Basic SEO|MS Access|SQL|Statistics|Python|COBOL,6,74112.0,0.98,96.6,5.08,1,Low,Critical Risk,6,0,0.677,14,1
339,2020,DevOps Engineer,Mid,Healthcare,Germany,Tableau|Spark/PySpark|Machine Learning|Manual Testing|Airflow,5,197792.0,0.261,105.2,7.38,2,High,Moderate Risk,5,1,1.33,9,2
340,2022,QA Engineer,Principal,Consulting,USA,Kubernetes|SQL|Spark/PySpark,3,247195.0,0.345,105.7,8.1,5,Elite,Moderate Risk,3,1,0.966,18,5
341,2024,Content Strategist,Mid,Media,USA,COBOL|Crystal Reports|Vector Databases|Statistics|R|Cold Calling,6,121301.0,0.98,127.1,4.67,2,Low,Critical Risk,6,0,0.816,5,2
342,2023,Content Strategist,Senior,Government,Germany,Python|MLOps|Manual Testing|Airflow,4,180881.0,0.572,111.4,7.32,3,Mid,High Risk,4,0,0.93,5,3
343,2025,Statistician,Entry,Consulting,Netherlands,Cold Calling|Excel (Basic)|Airflow|LLMs/GenAI|Cloud (AWS/GCP),5,136465.0,0.854,129.9,6.52,1,Mid,Critical Risk,5,0,1.246,22,1
344,2020,Statistician,Principal,Tech,Canada,Vector Databases|Basic SEO|LLMs/GenAI|COBOL|Airflow|Excel (Basic),6,294698.0,0.98,96.8,5.82,5,Elite,Critical Risk,6,0,1.152,22,5
345,2024,Operations Analyst,Senior,Energy,USA,Excel (Basic)|Spark/PySpark|dbt|Basic SEO|COBOL,5,167989.0,0.98,151.7,4.98,3,Mid,Critical Risk,5,0,0.864,16,3
346,2022,SEO Specialist,Senior,Healthcare,UAE,Deep Learning|Machine Learning|Airflow,3,185352.0,0.138,116.7,8.97,3,High,Low Risk,3,1,0.953,19,3
347,2019,Content Strategist,Lead,Tech,Australia,COBOL|Spark/PySpark|MLOps|Crystal Reports,4,170847.0,0.98,108.4,5.18,4,Mid,Critical Risk,4,0,0.743,5,4
348,2025,Cloud Architect,Entry,Tech,India,Cold Calling|Cloud (AWS/GCP)|Copy-Paste Reporting|A/B Testing,4,148643.0,0.98,163.4,4.97,1,Mid,Critical Risk,4,0,1.357,4,1
349,2019,DevOps Engineer,Lead,Energy,UK,Prompt Engineering|MLOps|Spark/PySpark|LLMs/GenAI|MS Access,5,326186.0,0.057,103.3,7.8,4,Elite,Low Risk,5,1,1.418,9,4
350,2025,HR Analyst,Lead,Education,India,Airflow|Legacy VBA|Excel (Basic)|Basic SEO|LLMs/GenAI,5,191758.0,0.98,141.6,5.32,4,High,Critical Risk,5,0,0.834,13,4
351,2024,Operations Analyst,Senior,Healthcare,India,Crystal Reports|Excel (Basic)|SQL,3,117528.0,0.98,155.0,4.27,3,Low,Critical Risk,3,0,0.604,16,3
352,2025,Financial Analyst,Entry,Healthcare,Brazil,COBOL|Manual Testing|Airflow|Data Entry|Excel (Basic),5,87553.0,0.98,114.9,3.46,1,Low,Critical Risk,5,0,0.799,12,1
353,2022,Data Engineer,Senior,Finance,Canada,MLOps|LLMs/GenAI|Data Entry|Deep Learning|Basic SEO,5,284263.0,0.98,130.0,6.48,3,Elite,Critical Risk,5,0,1.462,7,3
354,2024,Product Manager,Senior,Consulting,USA,dbt|Airflow|Crystal Reports|Deep Learning|Vector Databases,5,282603.0,0.338,108.6,7.36,3,Elite,Moderate Risk,5,1,1.453,17,3
355,2019,Product Manager,Entry,Tech,Singapore,MS Access|Power BI|LLMs/GenAI|Basic SEO|Statistics|SQL,6,137368.0,0.808,98.2,6.28,1,Mid,Critical Risk,6,0,1.254,17,1
356,2022,Machine Learning Engineer,Lead,Energy,Canada,Tableau|Deep Learning|COBOL|Copy-Paste Reporting,4,286828.0,0.98,112.8,4.72,4,Elite,Critical Risk,4,0,1.247,15,4
357,2019,Cloud Architect,Senior,Finance,UK,LLMs/GenAI|SQL|MS Access|Deep Learning|R,5,275861.0,0.15,99.8,7.02,3,Elite,Low Risk,5,1,1.418,4,3
358,2019,Cloud Architect,Principal,Energy,UAE,Power BI|Data Entry|LLMs/GenAI,3,324585.0,0.612,93.6,6.37,5,Elite,High Risk,3,0,1.269,4,5
359,2022,BI Developer,Entry,Finance,Australia,dbt|Power BI|Crystal Reports|R,4,98909.0,0.81,119.9,6.15,1,Low,Critical Risk,4,0,0.903,2,1
360,2024,SEO Specialist,Senior,Manufacturing,Germany,Cloud (AWS/GCP)|Machine Learning|SQL|Excel (Basic),4,168971.0,0.63,141.7,7.38,3,Mid,High Risk,4,0,0.869,19,3
361,2022,Data Engineer,Entry,Education,USA,Deep Learning|Prompt Engineering|Legacy VBA|Data Entry|Manual Testing|Statistics,6,144591.0,0.98,110.4,5.35,1,Mid,Critical Risk,6,0,1.32,7,1
362,2019,SQL Developer,Mid,Manufacturing,UK,Copy-Paste Reporting|Cloud (AWS/GCP)|Prompt Engineering|SQL|Statistics|MS Access,6,151383.0,0.98,102.2,6.07,2,Mid,Critical Risk,6,0,1.018,20,2
363,2021,Data Scientist,Principal,Government,India,SQL|Vector Databases|LLMs/GenAI|Tableau|Machine Learning,5,391656.0,0.05,108.0,8.7,5,Elite,Low Risk,5,1,1.531,8,5
364,2022,Statistician,Mid,Manufacturing,Brazil,Spark/PySpark|Cold Calling|Crystal Reports,3,117805.0,0.98,125.8,4.17,2,Low,Critical Risk,3,0,0.792,22,2
365,2019,Supply Chain Analyst,Senior,Media,Singapore,R|Machine Learning|Basic SEO|SQL,4,153788.0,0.592,103.7,6.62,3,Mid,High Risk,4,0,0.791,23,3
366,2022,SEO Specialist,Lead,Energy,Canada,Prompt Engineering|Deep Learning|SQL|Crystal Reports|Machine Learning|A/B Testing,6,258698.0,0.497,113.1,7.52,4,Elite,Moderate Risk,6,0,1.125,19,4
367,2023,Financial Analyst,Principal,Healthcare,UK,LLMs/GenAI|Copy-Paste Reporting|dbt|COBOL|Spark/PySpark|Machine Learning,6,347121.0,0.98,129.9,6.45,5,Elite,Critical Risk,6,0,1.357,12,5
368,2024,QA Engineer,Mid,Healthcare,Brazil,MLOps|MS Access|COBOL|Deep Learning|SQL,5,149768.0,0.98,112.1,5.8,2,Mid,Critical Risk,5,0,1.007,18,2
369,2023,Cloud Architect,Senior,Media,UAE,COBOL|Crystal Reports|Manual Testing,3,212175.0,0.98,134.6,1.93,3,High,Critical Risk,3,0,1.091,4,3
370,2025,QA Engineer,Entry,Government,India,Excel (Basic)|Cold Calling|Cloud (AWS/GCP)|COBOL,4,88745.0,0.98,108.7,3.92,1,Low,Critical Risk,4,0,0.81,18,1
371,2023,DevOps Engineer,Lead,Manufacturing,Singapore,Excel (Basic)|Manual Testing|Statistics|Machine Learning|LLMs/GenAI|Kubernetes,6,345161.0,0.447,128.5,6.85,4,Elite,Moderate Risk,6,0,1.501,9,4
372,2023,Accountant,Lead,Tech,Singapore,Crystal Reports|Airflow|Machine Learning|MS Access|Statistics,5,206225.0,0.98,146.7,5.84,4,High,Critical Risk,5,0,0.897,1,4
373,2021,Data Analyst,Senior,Manufacturing,Germany,Basic SEO|Statistics|Copy-Paste Reporting|Crystal Reports|Legacy VBA,5,128724.0,0.98,107.0,3.04,3,Low,Critical Risk,5,0,0.662,6,3
374,2025,Excel Analyst,Mid,Manufacturing,UAE,Kubernetes|MS Access|Power BI|Manual Testing|Data Entry,5,106453.0,0.98,93.3,4.48,2,Low,Critical Risk,5,0,0.716,11,2
375,2022,SQL Developer,Lead,Consulting,Netherlands,Basic SEO|Machine Learning|A/B Testing|COBOL|LLMs/GenAI,5,253964.0,0.891,101.1,6.28,4,Elite,Critical Risk,5,0,1.104,20,4
376,2024,Content Strategist,Lead,Healthcare,Netherlands,LLMs/GenAI|dbt|Basic SEO,3,183465.0,0.734,116.3,7.1,4,Mid,High Risk,3,0,0.798,5,4
377,2019,Excel Analyst,Entry,Consulting,USA,Crystal Reports|dbt|Kubernetes|Vector Databases|Basic SEO,5,86679.0,0.98,101.6,6.1,1,Low,Critical Risk,5,0,0.792,11,1
378,2022,HR Analyst,Entry,Tech,Canada,Statistics|Manual Testing|Tableau|LLMs/GenAI|Copy-Paste Reporting,5,95231.0,0.98,122.5,5.72,1,Low,Critical Risk,5,0,0.87,13,1
379,2023,DevOps Engineer,Senior,Healthcare,Germany,Prompt Engineering|Python|SQL,3,230439.0,0.05,115.9,8.67,3,High,Low Risk,3,1,1.185,9,3
380,2025,Financial Analyst,Mid,Retail,Canada,Kubernetes|Data Entry|Power BI|A/B Testing,4,133011.0,0.98,116.7,6.32,2,Low,Critical Risk,4,0,0.894,12,2
381,2025,Supply Chain Analyst,Entry,Consulting,India,Manual Testing|COBOL|Python|Airflow,4,93387.0,0.98,126.4,5.38,1,Low,Critical Risk,4,0,0.853,23,1
382,2025,AI Engineer,Senior,Government,Singapore,Tableau|Kubernetes|dbt|Prompt Engineering|Legacy VBA,5,314577.0,0.375,143.3,7.1,3,Elite,Moderate Risk,5,0,1.617,0,3
383,2023,Software Developer,Principal,Finance,USA,R|Data Entry|Manual Testing|Prompt Engineering|Legacy VBA,5,260828.0,0.98,120.3,4.42,5,Elite,Critical Risk,5,0,1.02,21,5
384,2019,Cloud Architect,Senior,Education,Germany,Data Entry|Crystal Reports|Prompt Engineering|dbt|Spark/PySpark,5,251215.0,0.98,89.2,5.96,3,Elite,Critical Risk,5,0,1.292,4,3
385,2020,Business Analyst,Principal,Government,Australia,MS Access|Python|Data Entry|Statistics,4,190530.0,0.98,120.2,5.07,5,High,Critical Risk,4,0,0.745,3,5
386,2021,QA Engineer,Lead,Government,USA,MLOps|MS Access|Crystal Reports|Airflow,4,202790.0,0.98,119.0,5.32,4,High,Critical Risk,4,0,0.882,18,4
387,2024,Digital Marketer,Senior,Media,Germany,Basic SEO|Legacy VBA|R|LLMs/GenAI,4,157008.0,0.98,112.2,5.32,3,Mid,Critical Risk,4,0,0.807,10,3
388,2022,Data Engineer,Senior,Media,India,Data Entry|Deep Learning|Airflow|Vector Databases|MS Access,5,269992.0,0.98,123.9,6.04,3,Elite,Critical Risk,5,0,1.388,7,3
389,2022,Cloud Architect,Senior,Manufacturing,Brazil,Tableau|Copy-Paste Reporting|Cloud (AWS/GCP)|Statistics|Machine Learning,5,295094.0,0.718,138.9,6.9,3,Elite,High Risk,5,0,1.517,4,3
390,2023,Financial Analyst,Principal,Finance,UAE,A/B Testing|Cloud (AWS/GCP)|Copy-Paste Reporting|Legacy VBA,4,231509.0,0.98,127.5,4.97,5,High,Critical Risk,4,0,0.905,12,5
391,2021,QA Engineer,Entry,Healthcare,India,MLOps|Power BI|Excel (Basic)|Tableau,4,103413.0,0.638,97.4,6.98,1,Low,High Risk,4,0,0.944,18,1
392,2025,Operations Analyst,Mid,Finance,UAE,Data Entry|LLMs/GenAI|MLOps|Machine Learning|Python,5,194037.0,0.477,137.7,7.8,2,High,Moderate Risk,5,0,1.305,16,2
393,2020,BI Developer,Principal,Healthcare,UAE,Spark/PySpark|Manual Testing|Power BI,3,203710.0,0.702,103.4,6.43,5,High,High Risk,3,0,0.796,2,5
394,2022,QA Engineer,Lead,Government,USA,R|dbt|MS Access,3,169438.0,0.98,109.2,5.73,4,Mid,Critical Risk,3,0,0.737,18,4
395,2019,Cloud Architect,Principal,Retail,USA,Data Entry|MS Access|Airflow,3,283591.0,0.98,95.1,4.0,5,Elite,Critical Risk,3,0,1.109,4,5
396,2021,AI Engineer,Mid,Finance,Singapore,LLMs/GenAI|Deep Learning|Basic SEO|Machine Learning|Prompt Engineering,5,267728.0,0.05,121.8,8.14,2,Elite,Low Risk,5,1,1.8,0,2
397,2022,Product Manager,Principal,Energy,Netherlands,Power BI|Legacy VBA|Spark/PySpark|MLOps|Statistics,5,350082.0,0.426,117.3,6.98,5,Elite,Moderate Risk,5,0,1.369,17,5
398,2020,BI Developer,Lead,Tech,Canada,MS Access|Spark/PySpark|dbt|Python,4,214166.0,0.547,109.5,7.15,4,High,High Risk,4,0,0.931,2,4
399,2020,Machine Learning Engineer,Senior,Tech,Singapore,Cold Calling|R|Manual Testing|Machine Learning|Legacy VBA,5,216561.0,0.98,103.0,4.56,3,High,Critical Risk,5,0,1.114,15,3
400,2025,Data Analyst,Entry,Finance,Singapore,SQL|Cloud (AWS/GCP)|R|Kubernetes|Statistics|Crystal Reports,6,123081.0,0.647,128.0,6.72,1,Low,High Risk,6,0,1.124,6,1
401,2024,Supply Chain Analyst,Entry,Manufacturing,Singapore,Legacy VBA|A/B Testing|Kubernetes,3,90485.0,0.822,141.8,6.0,1,Low,Critical Risk,3,0,0.826,23,1
402,2024,Data Engineer,Lead,Finance,Netherlands,Prompt Engineering|Cloud (AWS/GCP)|COBOL,3,292178.0,0.356,115.5,6.5,4,Elite,Moderate Risk,3,0,1.27,7,4
403,2020,Accountant,Mid,Manufacturing,Netherlands,Vector Databases|Crystal Reports|Power BI|Prompt Engineering,4,120002.0,0.785,96.6,7.0,2,Low,Critical Risk,4,0,0.807,1,2
404,2023,Digital Marketer,Mid,Consulting,Australia,Python|Legacy VBA|Deep Learning|Cloud (AWS/GCP),4,155597.0,0.623,137.9,7.32,2,Mid,High Risk,4,0,1.046,10,2
405,2024,Digital Marketer,Mid,Finance,Netherlands,MS Access|Cloud (AWS/GCP)|Kubernetes,3,116782.0,0.842,140.7,6.43,2,Low,Critical Risk,3,0,0.785,10,2
406,2022,AI Engineer,Senior,Consulting,USA,Basic SEO|LLMs/GenAI|Copy-Paste Reporting,3,252897.0,0.98,108.6,4.6,3,Elite,Critical Risk,3,0,1.3,0,3
407,2021,DevOps Engineer,Senior,Government,UK,Copy-Paste Reporting|Cold Calling|Machine Learning,3,186923.0,0.98,98.3,4.17,3,High,Critical Risk,3,0,0.961,9,3
408,2020,Supply Chain Analyst,Mid,Education,Australia,Manual Testing|Kubernetes|MS Access|Deep Learning|Vector Databases|MLOps,6,174774.0,0.704,105.9,6.72,2,Mid,High Risk,6,0,1.175,23,2
409,2022,Software Developer,Lead,Manufacturing,Singapore,COBOL|Power BI|Data Entry|LLMs/GenAI|Cloud (AWS/GCP)|Spark/PySpark,6,313994.0,0.961,127.1,6.33,4,Elite,Critical Risk,6,0,1.365,21,4
410,2019,BI Developer,Entry,Government,Brazil,COBOL|Excel (Basic)|Legacy VBA|Tableau|LLMs/GenAI|Manual Testing,6,97514.0,0.98,111.1,4.48,1,Low,Critical Risk,6,0,0.89,2,1
411,2021,Accountant,Entry,Healthcare,UAE,Cloud (AWS/GCP)|Power BI|Tableau|Machine Learning|Deep Learning|Kubernetes,6,139356.0,0.05,116.7,8.52,1,Mid,Low Risk,6,1,1.273,1,1
412,2019,Operations Analyst,Principal,Energy,Brazil,Legacy VBA|Copy-Paste Reporting|MLOps|A/B Testing,4,209998.0,0.98,108.2,4.97,5,High,Critical Risk,4,0,0.821,16,5
413,2024,Accountant,Entry,Government,Canada,Vector Databases|Legacy VBA|Basic SEO|Data Entry|SQL|Spark/PySpark,6,109638.0,0.98,154.8,5.3,1,Low,Critical Risk,6,0,1.001,1,1
414,2023,Accountant,Entry,Tech,India,Copy-Paste Reporting|Statistics|LLMs/GenAI|Deep Learning|Basic SEO|MLOps,6,142204.0,0.98,116.6,6.55,1,Mid,Critical Risk,6,0,1.299,1,1
415,2021,Business Analyst,Principal,Retail,Netherlands,SQL|Basic SEO|Airflow|Deep Learning|Tableau|MS Access,6,256021.0,0.98,116.8,6.28,5,Elite,Critical Risk,6,0,1.001,3,5
416,2022,Data Scientist,Lead,Consulting,Australia,Statistics|MS Access|Data Entry,3,197162.0,0.98,102.7,3.7,4,High,Critical Risk,3,0,0.857,8,4
417,2022,QA Engineer,Entry,Media,Netherlands,Basic SEO|Deep Learning|COBOL,3,93484.0,0.98,110.8,4.43,1,Low,Critical Risk,3,0,0.854,18,1
418,2023,HR Analyst,Senior,Media,Netherlands,Data Entry|Legacy VBA|Tableau|MLOps,4,144307.0,0.98,124.4,5.03,3,Mid,Critical Risk,4,0,0.742,13,3
419,2019,Excel Analyst,Lead,Education,Netherlands,Crystal Reports|Legacy VBA|Vector Databases|Copy-Paste Reporting|Tableau|Cloud (AWS/GCP),6,180513.0,0.98,108.4,5.08,4,Mid,Critical Risk,6,0,0.785,11,4
420,2024,Excel Analyst,Entry,Education,Australia,R|A/B Testing|Vector Databases|Crystal Reports|Cloud (AWS/GCP),5,105454.0,0.904,87.0,6.86,1,Low,Critical Risk,5,0,0.963,11,1
421,2020,Digital Marketer,Mid,Government,UK,Manual Testing|dbt|Cloud (AWS/GCP)|Copy-Paste Reporting|SQL,5,116566.0,0.98,106.8,5.76,2,Low,Critical Risk,5,0,0.784,10,2
422,2025,SQL Developer,Senior,Finance,Singapore,Data Entry|Basic SEO|Legacy VBA,3,114996.0,0.98,110.3,2.17,3,Low,Critical Risk,3,0,0.591,20,3
423,2025,IT Support Specialist,Lead,Energy,Netherlands,Statistics|Python|A/B Testing|MS Access,4,174128.0,0.883,81.2,6.68,4,Mid,Critical Risk,4,0,0.757,14,4
424,2022,Financial Analyst,Lead,Media,India,MS Access|Basic SEO|Spark/PySpark|Cloud (AWS/GCP),4,213628.0,0.98,120.7,5.72,4,High,Critical Risk,4,0,0.929,12,4
425,2023,Accountant,Senior,Media,Singapore,Manual Testing|Crystal Reports|Cold Calling|Airflow|Kubernetes|SQL,6,152553.0,0.98,152.6,5.08,3,Mid,Critical Risk,6,0,0.784,1,3
426,2021,IT Support Specialist,Mid,Healthcare,Singapore,Basic SEO|Crystal Reports|R|Copy-Paste Reporting|MLOps,5,93108.0,0.98,110.2,4.26,2,Low,Critical Risk,5,0,0.626,14,2
427,2023,HR Analyst,Mid,Retail,Canada,Legacy VBA|Vector Databases|Spark/PySpark|Crystal Reports|Data Entry,5,118660.0,0.98,147.7,4.62,2,Low,Critical Risk,5,0,0.798,13,2
428,2020,Content Strategist,Principal,Education,UK,R|Statistics|Excel (Basic)|Legacy VBA|Crystal Reports,5,152372.0,0.98,111.0,4.24,5,Mid,Critical Risk,5,0,0.596,5,5
429,2024,SEO Specialist,Senior,Government,USA,Python|SQL|Spark/PySpark,3,151095.0,0.315,103.5,8.47,3,Mid,Moderate Risk,3,1,0.777,19,3
430,2019,SQL Developer,Senior,Healthcare,Germany,Spark/PySpark|Basic SEO|Machine Learning|Crystal Reports|COBOL,5,168939.0,0.98,89.2,4.84,3,Mid,Critical Risk,5,0,0.869,20,3
431,2025,SEO Specialist,Entry,Education,UAE,Manual Testing|Copy-Paste Reporting|Legacy VBA,3,54986.0,0.98,156.3,1.93,1,Low,Critical Risk,3,0,0.502,19,1
432,2025,Excel Analyst,Principal,Government,Canada,Crystal Reports|Legacy VBA|Machine Learning|SQL|Power BI,5,213262.0,0.98,138.9,5.72,5,High,Critical Risk,5,0,0.834,11,5
433,2024,Cloud Architect,Principal,Tech,USA,dbt|Manual Testing|Copy-Paste Reporting|Cold Calling|Tableau,5,339732.0,0.98,152.8,4.38,5,Elite,Critical Risk,5,0,1.328,4,5
434,2024,Operations Analyst,Senior,Energy,Netherlands,Cold Calling|MS Access|dbt|Prompt Engineering,4,161020.0,0.98,137.4,5.5,3,Mid,Critical Risk,4,0,0.828,16,3
435,2024,Data Scientist,Mid,Healthcare,Netherlands,SQL|Machine Learning|Power BI,3,170125.0,0.05,126.6,8.27,2,Mid,Low Risk,3,1,1.144,8,2
436,2021,Data Engineer,Mid,Energy,Germany,MLOps|Tableau|Crystal Reports,3,157207.0,0.551,122.7,6.13,2,Mid,High Risk,3,0,1.057,7,2
437,2019,Data Engineer,Senior,Energy,USA,Statistics|COBOL|Excel (Basic)|R|Vector Databases,5,219929.0,0.644,99.9,5.54,3,High,High Risk,5,0,1.131,7,3
438,2024,Cloud Architect,Principal,Retail,India,COBOL|A/B Testing|LLMs/GenAI,3,380738.0,0.347,133.6,6.3,5,Elite,Moderate Risk,3,0,1.489,4,5
439,2023,Software Developer,Entry,Education,Canada,Legacy VBA|MLOps|Vector Databases|Prompt Engineering,4,142364.0,0.361,111.4,7.35,1,Mid,Moderate Risk,4,0,1.3,21,1
440,2025,Accountant,Principal,Consulting,Netherlands,Cloud (AWS/GCP)|Legacy VBA|Vector Databases,3,231348.0,0.98,137.8,6.7,5,High,Critical Risk,3,0,0.905,1,5
441,2024,Accountant,Principal,Retail,USA,SQL|COBOL|Cloud (AWS/GCP)|Kubernetes|R,5,257458.0,0.821,145.8,6.46,5,Elite,Critical Risk,5,0,1.007,1,5
442,2019,Content Strategist,Senior,Media,Netherlands,Statistics|Machine Learning|Prompt Engineering|Data Entry|dbt|MLOps,6,207832.0,0.462,90.1,7.53,3,High,Moderate Risk,6,0,1.069,5,3
443,2019,BI Developer,Principal,Media,USA,dbt|Legacy VBA|Data Entry,3,176203.0,0.98,94.0,4.0,5,Mid,Critical Risk,3,0,0.689,2,5
444,2025,Supply Chain Analyst,Lead,Finance,Canada,Data Entry|Basic SEO|Deep Learning|MS Access|Legacy VBA|Spark/PySpark,6,225812.0,0.98,119.5,4.42,4,High,Critical Risk,6,0,0.982,23,4
445,2024,Cloud Architect,Entry,Finance,UK,LLMs/GenAI|COBOL|Kubernetes,3,160932.0,0.33,138.6,6.37,1,Mid,Moderate Risk,3,0,1.47,4,1
446,2023,Excel Analyst,Senior,Government,Singapore,Data Entry|SQL|Power BI|MLOps|Python|Basic SEO,6,167769.0,0.98,113.4,6.33,3,Mid,Critical Risk,6,0,0.863,11,3
447,2023,Data Analyst,Principal,Finance,Brazil,Crystal Reports|Copy-Paste Reporting|Deep Learning,3,197049.0,0.98,123.1,3.97,5,High,Critical Risk,3,0,0.77,6,5
448,2023,Machine Learning Engineer,Senior,Manufacturing,Brazil,Prompt Engineering|Cold Calling|Tableau,3,236680.0,0.603,129.2,6.3,3,High,High Risk,3,0,1.217,15,3
449,2025,Supply Chain Analyst,Entry,Consulting,India,Spark/PySpark|MS Access|SQL|COBOL,4,96172.0,0.98,147.1,4.9,1,Low,Critical Risk,4,0,0.878,23,1
450,2023,AI Engineer,Mid,Manufacturing,Australia,R|Copy-Paste Reporting|Spark/PySpark,3,193871.0,0.869,111.8,5.4,2,High,Critical Risk,3,0,1.304,0,2
451,2019,Financial Analyst,Principal,Government,Netherlands,Prompt Engineering|dbt|MS Access,3,204749.0,0.566,102.7,6.67,5,High,High Risk,3,0,0.801,12,5
452,2024,DevOps Engineer,Mid,Government,Netherlands,LLMs/GenAI|Airflow|Manual Testing|Basic SEO,4,185483.0,0.968,109.7,5.98,2,High,Critical Risk,4,0,1.247,9,2
453,2019,BI Developer,Principal,Tech,Netherlands,Data Entry|R|Deep Learning|Prompt Engineering|Legacy VBA|COBOL,6,257368.0,0.98,92.6,4.93,5,Elite,Critical Risk,6,0,1.006,2,5
454,2020,Product Manager,Principal,Consulting,Australia,Spark/PySpark|Legacy VBA|Data Entry|Airflow|Cloud (AWS/GCP),5,317334.0,0.98,107.7,5.9,5,Elite,Critical Risk,5,0,1.241,17,5
455,2019,SQL Developer,Senior,Consulting,UAE,Manual Testing|Legacy VBA|Prompt Engineering|Crystal Reports|Excel (Basic),5,134497.0,0.98,106.0,3.88,3,Mid,Critical Risk,5,0,0.692,20,3
456,2023,DevOps Engineer,Senior,Government,India,MLOps|Airflow|COBOL,3,222287.0,0.419,112.2,6.17,3,High,Moderate Risk,3,0,1.143,9,3
457,2024,HR Analyst,Lead,Manufacturing,Australia,Legacy VBA|MS Access|MLOps|Statistics,4,173030.0,0.98,132.3,5.15,4,Mid,Critical Risk,4,0,0.752,13,4
458,2021,AI Engineer,Lead,Media,UK,Data Entry|Manual Testing|Deep Learning|Basic SEO,4,294184.0,0.98,101.5,4.1,4,Elite,Critical Risk,4,0,1.279,0,4
459,2025,Data Engineer,Principal,Retail,Germany,MS Access|Deep Learning|Python,3,353045.0,0.434,159.6,6.83,5,Elite,Moderate Risk,3,0,1.38,7,5
460,2024,Data Analyst,Principal,Energy,Singapore,Machine Learning|R|Kubernetes|Statistics,4,276549.0,0.05,151.8,7.88,5,Elite,Low Risk,4,1,1.081,6,5
461,2020,DevOps Engineer,Lead,Retail,Brazil,Spark/PySpark|Tableau|A/B Testing|Deep Learning|SQL,5,310812.0,0.05,116.4,8.16,4,Elite,Low Risk,5,1,1.351,9,4
462,2019,Supply Chain Analyst,Mid,Energy,India,Tableau|LLMs/GenAI|Excel (Basic)|Legacy VBA,4,112971.0,0.98,101.5,5.72,2,Low,Critical Risk,4,0,0.76,23,2
463,2020,Product Manager,Lead,Education,USA,Cold Calling|Statistics|Airflow|Deep Learning,4,273418.0,0.582,104.8,6.7,4,Elite,High Risk,4,0,1.189,17,4
464,2020,Business Analyst,Mid,Media,Australia,Statistics|Tableau|Machine Learning|COBOL|Data Entry|MLOps,6,147420.0,0.98,99.6,6.03,2,Mid,Critical Risk,6,0,0.991,3,2
465,2023,HR Analyst,Senior,Manufacturing,Brazil,SQL|Data Entry|Vector Databases|Excel (Basic),4,147346.0,0.98,132.3,5.4,3,Mid,Critical Risk,4,0,0.758,13,3
466,2025,Data Scientist,Principal,Manufacturing,Singapore,A/B Testing|SQL|Vector Databases|Basic SEO,4,320738.0,0.47,159.2,6.88,5,Elite,Moderate Risk,4,0,1.254,8,5
467,2022,Digital Marketer,Principal,Tech,Netherlands,Tableau|LLMs/GenAI|Airflow|Deep Learning,4,289479.0,0.05,116.2,8.7,5,Elite,Low Risk,4,1,1.132,10,5
468,2021,SQL Developer,Mid,Healthcare,India,Manual Testing|Crystal Reports|Basic SEO|Cloud (AWS/GCP)|Legacy VBA,5,111358.0,0.98,102.2,3.72,2,Low,Critical Risk,5,0,0.749,20,2
469,2025,Cloud Architect,Entry,Consulting,UAE,dbt|Excel (Basic)|LLMs/GenAI|Data Entry|Power BI|Python,6,189555.0,0.747,119.5,6.72,1,High,High Risk,6,0,1.731,4,1
470,2020,Financial Analyst,Principal,Healthcare,India,Excel (Basic)|Spark/PySpark|Machine Learning,3,241821.0,0.385,102.4,7.23,5,High,Moderate Risk,3,0,0.945,12,5
471,2020,Content Strategist,Lead,Energy,Brazil,MS Access|Legacy VBA|Basic SEO,3,109909.0,0.98,107.1,2.4,4,Low,Critical Risk,3,0,0.478,5,4
472,2019,SQL Developer,Lead,Energy,UAE,LLMs/GenAI|Airflow|Power BI|Manual Testing|Spark/PySpark|Excel (Basic),6,249525.0,0.721,104.6,6.82,4,Elite,High Risk,6,0,1.085,20,4
473,2020,Accountant,Principal,Manufacturing,India,Tableau|Manual Testing|Excel (Basic)|Deep Learning|Airflow,5,226297.0,0.98,113.4,6.26,5,High,Critical Risk,5,0,0.885,1,5
474,2020,Machine Learning Engineer,Entry,Retail,Netherlands,Basic SEO|Spark/PySpark|Manual Testing|Cloud (AWS/GCP)|LLMs/GenAI|Statistics,6,172048.0,0.631,116.4,6.78,1,Mid,High Risk,6,0,1.571,15,1
475,2023,Business Analyst,Principal,Media,UK,Statistics|Legacy VBA|Spark/PySpark,3,209045.0,0.775,138.9,6.03,5,High,Critical Risk,3,0,0.817,3,5
476,2023,Data Analyst,Lead,Media,Singapore,Copy-Paste Reporting|Machine Learning|Crystal Reports|A/B Testing|Power BI,5,193915.0,0.98,111.7,5.6,4,High,Critical Risk,5,0,0.843,6,4
477,2025,Digital Marketer,Lead,Education,Brazil,Power BI|Spark/PySpark|Kubernetes,3,200316.0,0.302,142.2,8.2,4,High,Moderate Risk,3,1,0.871,10,4
478,2020,Data Scientist,Senior,Energy,Netherlands,Kubernetes|dbt|Python|Crystal Reports|MS Access|COBOL,6,225939.0,0.98,104.9,5.17,3,High,Critical Risk,6,0,1.162,8,3
479,2019,Content Strategist,Entry,Government,Canada,Power BI|Vector Databases|Cloud (AWS/GCP)|Spark/PySpark|Data Entry,5,100414.0,0.738,98.8,7.22,1,Low,High Risk,5,0,0.917,5,1
480,2021,SEO Specialist,Lead,Energy,Australia,Legacy VBA|SQL|Cold Calling|dbt|Power BI,5,158580.0,0.98,118.7,5.56,4,Mid,Critical Risk,5,0,0.689,19,4
481,2023,Digital Marketer,Mid,Education,Netherlands,Kubernetes|Prompt Engineering|Excel (Basic)|Vector Databases|Crystal Reports|SQL,6,154564.0,0.915,138.3,6.55,2,Mid,Critical Risk,6,0,1.039,10,2
482,2025,Supply Chain Analyst,Entry,Retail,UAE,Cloud (AWS/GCP)|dbt|A/B Testing|SQL,4,107365.0,0.102,155.9,8.22,1,Low,Low Risk,4,1,0.98,23,1
483,2025,SEO Specialist,Principal,Tech,India,Data Entry|Python|COBOL|Deep Learning|Spark/PySpark|Statistics,6,287156.0,0.98,173.7,6.18,5,Elite,Critical Risk,6,0,1.123,19,5
484,2022,Data Scientist,Entry,Manufacturing,Canada,Deep Learning|Manual Testing|Machine Learning|MS Access|SQL,5,139587.0,0.724,142.4,6.22,1,Mid,High Risk,5,0,1.275,8,1
485,2022,Accountant,Principal,Manufacturing,Brazil,Cold Calling|Basic SEO|LLMs/GenAI,3,193736.0,0.98,128.0,4.93,5,High,Critical Risk,3,0,0.757,1,5
486,2022,Data Analyst,Mid,Media,Germany,Machine Learning|COBOL|Manual Testing|A/B Testing,4,113746.0,0.98,123.4,5.35,2,Low,Critical Risk,4,0,0.765,6,2
487,2020,Accountant,Mid,Tech,Australia,Data Entry|Python|LLMs/GenAI|Deep Learning,4,154048.0,0.855,111.3,7.4,2,Mid,Critical Risk,4,0,1.036,1,2
488,2025,Software Developer,Senior,Government,Singapore,A/B Testing|Python|MS Access|Crystal Reports,4,199441.0,0.98,111.9,5.28,3,High,Critical Risk,4,0,1.025,21,3
489,2019,SEO Specialist,Senior,Media,Brazil,Vector Databases|Basic SEO|Kubernetes|Airflow|Manual Testing,5,149847.0,0.98,108.3,6.26,3,Mid,Critical Risk,5,0,0.77,19,3
490,2022,Software Developer,Principal,Tech,Germany,Power BI|A/B Testing|Cloud (AWS/GCP)|R,4,303833.0,0.05,110.4,7.8,5,Elite,Low Risk,4,1,1.188,21,5
491,2021,Cloud Architect,Entry,Media,Germany,Crystal Reports|Tableau|SQL|Excel (Basic)|Statistics,5,140645.0,0.832,118.7,5.56,1,Mid,Critical Risk,5,0,1.284,4,1
492,2025,Cloud Architect,Lead,Consulting,Brazil,Statistics|Cloud (AWS/GCP)|Kubernetes,3,342313.0,0.05,119.3,8.17,4,Elite,Low Risk,3,1,1.488,4,4
493,2024,Excel Analyst,Mid,Education,Singapore,A/B Testing|R|Python|Crystal Reports|Basic SEO,5,109645.0,0.98,93.7,5.68,2,Low,Critical Risk,5,0,0.737,11,2
494,2021,Data Scientist,Lead,Education,UK,Statistics|MLOps|Vector Databases|dbt,4,294017.0,0.05,120.0,8.5,4,Elite,Low Risk,4,1,1.278,8,4
495,2021,BI Developer,Mid,Consulting,Canada,MS Access|Airflow|Copy-Paste Reporting|Kubernetes,4,133584.0,0.98,109.3,4.9,2,Low,Critical Risk,4,0,0.898,2,2
496,2020,Excel Analyst,Principal,Education,India,Cloud (AWS/GCP)|Deep Learning|Legacy VBA,3,204845.0,0.952,97.8,6.7,5,High,Critical Risk,3,0,0.801,11,5
497,2022,Accountant,Entry,Media,USA,Vector Databases|Manual Testing|MLOps|Statistics|Excel (Basic)|Kubernetes,6,110890.0,0.973,118.0,6.65,1,Low,Critical Risk,6,0,1.013,1,1
498,2025,Content Strategist,Senior,Government,Canada,Machine Learning|A/B Testing|COBOL|Power BI,4,180230.0,0.563,141.6,6.6,3,Mid,High Risk,4,0,0.927,5,3
499,2023,Business Analyst,Principal,Education,Singapore,Tableau|Cloud (AWS/GCP)|Crystal Reports|A/B Testing,4,245310.0,0.74,136.7,6.58,5,Elite,High Risk,4,0,0.959,3,5
500,2024,Data Analyst,Entry,Retail,Singapore,MLOps|Vector Databases|Manual Testing,3,106448.0,0.576,156.1,6.97,1,Low,High Risk,3,0,0.972,6,1
501,2020,SEO Specialist,Senior,Retail,Germany,Manual Testing|MLOps|Vector Databases|LLMs/GenAI|Statistics|Power BI,6,213094.0,0.378,100.0,7.65,3,High,Moderate Risk,6,0,1.096,19,3
502,2024,DevOps Engineer,Senior,Government,Germany,LLMs/GenAI|Excel (Basic)|Spark/PySpark|Basic SEO|Legacy VBA|Airflow,6,267620.0,0.98,148.4,5.88,3,Elite,Critical Risk,6,0,1.376,9,3
503,2024,Statistician,Mid,Media,Singapore,dbt|Spark/PySpark|COBOL|MS Access|Basic SEO|Statistics,6,162669.0,0.98,150.7,5.17,2,Mid,Critical Risk,6,0,1.094,22,2
504,2020,QA Engineer,Lead,Healthcare,Netherlands,COBOL|Statistics|Prompt Engineering|Kubernetes|R,5,234578.0,0.571,104.6,6.5,4,High,High Risk,5,0,1.02,18,4
505,2019,Software Developer,Entry,Healthcare,USA,Basic SEO|Kubernetes|Statistics|Data Entry,4,98790.0,0.98,99.6,5.0,1,Low,Critical Risk,4,0,0.902,21,1
506,2024,Cloud Architect,Senior,Education,Australia,Vector Databases|Python|Power BI|Cloud (AWS/GCP)|Copy-Paste Reporting,5,307978.0,0.67,147.1,7.22,3,Elite,High Risk,5,0,1.584,4,3
507,2023,SQL Developer,Principal,Energy,Netherlands,Cold Calling|Prompt Engineering|Vector Databases|MLOps,4,281979.0,0.676,121.0,7.35,5,Elite,High Risk,4,0,1.102,20,5
508,2022,Product Manager,Lead,Finance,Singapore,Tableau|Data Entry|Spark/PySpark|Copy-Paste Reporting|LLMs/GenAI,5,293671.0,0.98,120.4,5.72,4,Elite,Critical Risk,5,0,1.277,17,4
509,2021,QA Engineer,Principal,Energy,Singapore,Deep Learning|LLMs/GenAI|MLOps,3,308098.0,0.05,108.0,9.3,5,Elite,Low Risk,3,1,1.205,18,5
510,2021,HR Analyst,Senior,Manufacturing,Brazil,Kubernetes|Tableau|Cold Calling|Vector Databases|MS Access|Excel (Basic),6,168103.0,0.98,108.8,5.42,3,Mid,Critical Risk,6,0,0.864,13,3
511,2022,QA Engineer,Mid,Healthcare,USA,MS Access|Airflow|Legacy VBA|Kubernetes,4,125941.0,0.98,120.8,5.15,2,Low,Critical Risk,4,0,0.847,18,2
512,2024,Product Manager,Entry,Retail,India,Cloud (AWS/GCP)|Copy-Paste Reporting|Deep Learning|Statistics|R|Machine Learning,6,174761.0,0.551,103.3,7.08,1,Mid,High Risk,6,0,1.596,17,1
513,2022,Content Strategist,Entry,Finance,Germany,Deep Learning|Data Entry|SQL|Prompt Engineering,4,98511.0,0.769,107.0,6.85,1,Low,Critical Risk,4,0,0.9,5,1
514,2024,AI Engineer,Lead,Healthcare,India,Python|Machine Learning|Legacy VBA|Vector Databases,4,352698.0,0.244,161.9,7.45,4,Elite,Low Risk,4,1,1.533,0,4
515,2021,Digital Marketer,Lead,Media,Germany,Spark/PySpark|Crystal Reports|R|LLMs/GenAI|Excel (Basic)|Manual Testing,6,212557.0,0.98,110.1,5.52,4,High,Critical Risk,6,0,0.924,10,4
516,2024,HR Analyst,Principal,Government,Netherlands,Vector Databases|Statistics|R|Airflow|COBOL,5,247368.0,0.565,116.0,6.5,5,Elite,High Risk,5,0,0.967,13,5
517,2021,DevOps Engineer,Lead,Manufacturing,India,Python|A/B Testing|Basic SEO|Cold Calling|Copy-Paste Reporting,5,243886.0,0.98,106.2,4.62,4,High,Critical Risk,5,0,1.06,9,4
518,2021,Digital Marketer,Principal,Tech,UAE,Prompt Engineering|Python|Cold Calling|Power BI|Copy-Paste Reporting|Manual Testing,6,214441.0,0.98,104.5,5.35,5,High,Critical Risk,6,0,0.838,10,5
519,2019,SEO Specialist,Senior,Retail,Singapore,SQL|Airflow|LLMs/GenAI|Crystal Reports|MS Access|Data Entry,6,146417.0,0.98,104.6,5.18,3,Mid,Critical Risk,6,0,0.753,19,3
520,2022,Excel Analyst,Senior,Finance,Singapore,A/B Testing|Cold Calling|COBOL|Manual Testing,4,100796.0,0.98,113.9,3.47,3,Low,Critical Risk,4,0,0.518,11,3
521,2024,Statistician,Senior,Media,Germany,dbt|Deep Learning|LLMs/GenAI|Spark/PySpark|Prompt Engineering|Cloud (AWS/GCP),6,330418.0,0.05,129.7,9.07,3,Elite,Low Risk,6,1,1.699,22,3
522,2023,IT Support Specialist,Senior,Energy,UAE,MLOps|Python|Spark/PySpark|Machine Learning,4,207480.0,0.062,125.4,9.1,3,High,Low Risk,4,1,1.067,14,3
523,2019,BI Developer,Entry,Manufacturing,Germany,Crystal Reports|Tableau|MS Access|Python,4,85834.0,0.98,92.2,5.2,1,Low,Critical Risk,4,0,0.784,2,1
524,2020,Data Analyst,Lead,Retail,Australia,Prompt Engineering|COBOL|Basic SEO|Statistics|Vector Databases|Tableau,6,219779.0,0.899,102.7,6.27,4,High,Critical Risk,6,0,0.955,6,4
525,2019,Cloud Architect,Entry,Healthcare,USA,Cold Calling|SQL|Deep Learning|R|Statistics,5,146967.0,0.409,102.3,6.5,1,Mid,Moderate Risk,5,0,1.342,4,1
526,2025,Statistician,Lead,Tech,UK,SQL|Cold Calling|Tableau|Airflow,4,216395.0,0.752,162.1,6.35,4,High,Critical Risk,4,0,0.941,22,4
527,2019,SQL Developer,Lead,Finance,Netherlands,Statistics|SQL|Legacy VBA|Prompt Engineering,4,180002.0,0.706,101.0,6.55,4,Mid,High Risk,4,0,0.783,20,4
528,2020,HR Analyst,Entry,Media,Netherlands,Kubernetes|Statistics|Data Entry,3,78005.0,0.98,105.3,5.67,1,Low,Critical Risk,3,0,0.712,13,1
529,2021,Business Analyst,Mid,Finance,Canada,MLOps|Python|LLMs/GenAI|Kubernetes|Excel (Basic)|Cloud (AWS/GCP),6,201644.0,0.05,112.8,8.1,2,High,Low Risk,6,1,1.356,3,2
530,2020,Data Analyst,Entry,Energy,UAE,Vector Databases|Cold Calling|Deep Learning|Airflow,4,102714.0,0.58,104.0,7.12,1,Low,High Risk,4,0,0.938,6,1
531,2019,Supply Chain Analyst,Principal,Education,USA,Vector Databases|Data Entry|Spark/PySpark,3,203439.0,0.722,102.2,6.43,5,High,High Risk,3,0,0.795,23,5
532,2025,Machine Learning Engineer,Mid,Consulting,Canada,R|COBOL|Data Entry|Cold Calling|Vector Databases,5,196569.0,0.98,155.3,4.06,2,High,Critical Risk,5,0,1.322,15,2
533,2022,Product Manager,Mid,Tech,Singapore,MS Access|Spark/PySpark|Kubernetes|Machine Learning|Statistics,5,208420.0,0.337,127.3,7.18,2,High,Moderate Risk,5,1,1.401,17,2
534,2023,AI Engineer,Principal,Consulting,Canada,R|Vector Databases|MLOps|MS Access,4,390379.0,0.275,133.6,6.7,5,Elite,Moderate Risk,4,0,1.526,0,5
535,2025,Accountant,Principal,Healthcare,UK,Tableau|Prompt Engineering|Basic SEO|Kubernetes,4,243100.0,0.926,142.1,7.0,5,High,Critical Risk,4,0,0.95,1,5
536,2022,Data Analyst,Principal,Government,India,Manual Testing|Copy-Paste Reporting|Vector Databases,3,179058.0,0.98,137.4,4.3,5,Mid,Critical Risk,3,0,0.7,6,5
537,2020,Cloud Architect,Entry,Media,Singapore,A/B Testing|Legacy VBA|Statistics|Cold Calling,4,128074.0,0.98,106.1,4.82,1,Low,Critical Risk,4,0,1.169,4,1
538,2023,AI Engineer,Senior,Government,Australia,Cloud (AWS/GCP)|A/B Testing|Legacy VBA,3,250299.0,0.576,110.3,6.3,3,Elite,High Risk,3,0,1.287,0,3
539,2025,Data Engineer,Mid,Tech,Canada,Statistics|dbt|Cloud (AWS/GCP),3,192297.0,0.106,115.4,8.3,2,High,Low Risk,3,1,1.293,7,2
540,2024,Software Developer,Lead,Media,Brazil,Machine Learning|Vector Databases|Airflow|Manual Testing|Crystal Reports,5,288319.0,0.882,119.3,6.3,4,Elite,Critical Risk,5,0,1.253,21,4
541,2020,HR Analyst,Lead,Finance,UAE,Vector Databases|R|MS Access,3,149908.0,0.722,116.0,5.93,4,Mid,High Risk,3,0,0.652,13,4
542,2022,DevOps Engineer,Entry,Energy,Germany,MS Access|Deep Learning|Basic SEO,3,113968.0,0.98,120.5,4.77,1,Low,Critical Risk,3,0,1.041,9,1
543,2020,Content Strategist,Entry,Finance,Canada,dbt|Copy-Paste Reporting|A/B Testing|Legacy VBA|Airflow|Excel (Basic),6,79635.0,0.98,108.6,5.2,1,Low,Critical Risk,6,0,0.727,5,1
544,2020,SEO Specialist,Principal,Government,UK,Legacy VBA|Tableau|Crystal Reports|Power BI|Cloud (AWS/GCP),5,191531.0,0.98,99.4,5.64,5,High,Critical Risk,5,0,0.749,19,5
545,2020,SEO Specialist,Lead,Media,Australia,R|Manual Testing|Tableau|Vector Databases,4,154862.0,0.846,109.4,6.5,4,Mid,Critical Risk,4,0,0.673,19,4
546,2023,Cloud Architect,Senior,Government,Singapore,Manual Testing|Airflow|Excel (Basic)|R|dbt,5,253951.0,0.721,125.1,5.92,3,Elite,High Risk,5,0,1.306,4,3
547,2023,Product Manager,Senior,Education,UAE,SQL|Python|MS Access|Machine Learning|Prompt Engineering|Manual Testing,6,280582.0,0.578,108.8,6.75,3,Elite,High Risk,6,0,1.443,17,3
548,2020,AI Engineer,Entry,Manufacturing,Canada,Copy-Paste Reporting|MLOps|Python|Cold Calling,4,150817.0,0.98,112.5,5.3,1,Mid,Critical Risk,4,0,1.377,0,1
549,2024,Statistician,Principal,Media,Netherlands,Cloud (AWS/GCP)|Machine Learning|Tableau|Vector Databases,4,335900.0,0.05,116.9,8.8,5,Elite,Low Risk,4,1,1.313,22,5
550,2021,DevOps Engineer,Principal,Retail,Canada,COBOL|Prompt Engineering|Deep Learning|Excel (Basic)|SQL,5,339458.0,0.556,128.3,6.12,5,Elite,High Risk,5,0,1.327,9,5
551,2020,Product Manager,Entry,Education,UAE,Statistics|Basic SEO|Crystal Reports|Excel (Basic),4,102835.0,0.98,111.2,3.92,1,Low,Critical Risk,4,0,0.939,17,1
552,2019,Accountant,Senior,Tech,Brazil,Deep Learning|Cold Calling|Machine Learning|Basic SEO|MLOps|Vector Databases,6,217284.0,0.98,98.5,6.95,3,High,Critical Risk,6,0,1.117,1,3
553,2022,QA Engineer,Entry,Retail,Brazil,Data Entry|Cold Calling|SQL,3,73404.0,0.98,87.6,3.67,1,Low,Critical Risk,3,0,0.67,18,1
554,2023,Business Analyst,Senior,Media,Brazil,MLOps|A/B Testing|Crystal Reports|Airflow,4,186594.0,0.64,113.5,6.75,3,High,High Risk,4,0,0.959,3,3
555,2024,Product Manager,Lead,Consulting,Brazil,Airflow|Power BI|Prompt Engineering,3,266646.0,0.05,155.8,8.47,4,Elite,Low Risk,3,1,1.159,17,4
556,2020,Data Engineer,Senior,Finance,UAE,R|SQL|Kubernetes,3,205090.0,0.05,100.3,7.37,3,High,Low Risk,3,1,1.055,7,3
557,2023,QA Engineer,Mid,Healthcare,UAE,Statistics|SQL|Data Entry|Excel (Basic),4,117503.0,0.98,94.6,4.97,2,Low,Critical Risk,4,0,0.79,18,2
558,2023,Product Manager,Principal,Retail,Canada,Kubernetes|Cold Calling|Power BI,3,281305.0,0.748,116.3,5.97,5,Elite,High Risk,3,0,1.1,17,5
559,2023,Data Scientist,Entry,Government,Singapore,Vector Databases|dbt|MLOps|Manual Testing|Data Entry,5,149976.0,0.98,115.1,6.18,1,Mid,Critical Risk,5,0,1.369,8,1
560,2021,BI Developer,Senior,Energy,UAE,Tableau|Machine Learning|Basic SEO|Airflow,4,191881.0,0.68,105.8,7.1,3,High,High Risk,4,0,0.987,2,3
561,2021,Data Engineer,Entry,Finance,USA,Manual Testing|Spark/PySpark|Copy-Paste Reporting|Basic SEO,4,114237.0,0.98,115.9,3.88,1,Low,Critical Risk,4,0,1.043,7,1
562,2019,Cloud Architect,Entry,Manufacturing,UAE,Python|MLOps|dbt|MS Access|R|COBOL,6,157621.0,0.555,105.9,6.1,1,Mid,High Risk,6,0,1.439,4,1
563,2023,Statistician,Principal,Consulting,Brazil,Crystal Reports|Legacy VBA|Python|SQL,4,229336.0,0.98,132.7,5.12,5,High,Critical Risk,4,0,0.897,22,5
564,2024,Content Strategist,Entry,Manufacturing,India,Prompt Engineering|dbt|COBOL,3,83924.0,0.633,142.5,6.33,1,Low,High Risk,3,0,0.766,5,1
565,2021,Business Analyst,Lead,Tech,UK,Legacy VBA|Kubernetes|Copy-Paste Reporting|COBOL|Vector Databases|Cloud (AWS/GCP),6,234647.0,0.98,105.0,5.07,4,High,Critical Risk,6,0,1.02,3,4
566,2025,HR Analyst,Lead,Retail,Singapore,MLOps|Statistics|Copy-Paste Reporting,3,186162.0,0.98,144.4,5.8,4,High,Critical Risk,3,0,0.809,13,4
567,2019,BI Developer,Mid,Media,UAE,Machine Learning|Airflow|A/B Testing,3,139569.0,0.05,101.8,8.57,2,Mid,Low Risk,3,1,0.938,2,2
568,2022,Software Developer,Mid,Tech,Australia,Vector Databases|Data Entry|Prompt Engineering|Airflow|A/B Testing,5,190570.0,0.584,119.8,7.22,2,High,High Risk,5,0,1.281,21,2
569,2019,HR Analyst,Senior,Government,USA,Airflow|Spark/PySpark|MLOps|SQL|Legacy VBA,5,171699.0,0.643,103.4,7.1,3,Mid,High Risk,5,0,0.883,13,3
570,2024,Software Developer,Principal,Energy,Canada,Airflow|Excel (Basic)|Spark/PySpark|Power BI|Prompt Engineering|Manual Testing,6,357799.0,0.681,121.6,6.73,5,Elite,High Risk,6,0,1.399,21,5
571,2023,Data Engineer,Mid,Healthcare,Brazil,Copy-Paste Reporting|Spark/PySpark|Prompt Engineering|Crystal Reports,4,183185.0,0.98,125.3,5.2,2,Mid,Critical Risk,4,0,1.232,7,2
572,2023,Data Engineer,Lead,Healthcare,Brazil,MLOps|Deep Learning|R|MS Access,4,311137.0,0.344,112.3,6.7,4,Elite,Moderate Risk,4,0,1.353,7,4
573,2021,Data Engineer,Entry,Education,Singapore,Prompt Engineering|Tableau|MS Access|Data Entry|COBOL|Kubernetes,6,138291.0,0.98,110.6,4.98,1,Mid,Critical Risk,6,0,1.263,7,1
574,2020,Machine Learning Engineer,Mid,Healthcare,USA,Manual Testing|Excel (Basic)|Airflow|Legacy VBA|Python,5,172585.0,0.98,104.3,5.16,2,Mid,Critical Risk,5,0,1.16,15,2
575,2024,Digital Marketer,Mid,Media,Brazil,Crystal Reports|Data Entry|Vector Databases|LLMs/GenAI|SQL|Statistics,6,157256.0,0.98,129.0,6.18,2,Mid,Critical Risk,6,0,1.057,10,2
576,2020,SQL Developer,Mid,Tech,Singapore,Kubernetes|Power BI|Airflow,3,128429.0,0.219,108.5,8.07,2,Low,Low Risk,3,1,0.864,20,2
577,2020,SQL Developer,Entry,Healthcare,UAE,Crystal Reports|MLOps|Tableau|Airflow|Power BI|SQL,6,111767.0,0.67,103.6,7.0,1,Low,High Risk,6,0,1.021,20,1
578,2023,Product Manager,Lead,Education,Singapore,A/B Testing|Cloud (AWS/GCP)|Tableau,3,270200.0,0.05,124.8,8.17,4,Elite,Low Risk,3,1,1.175,17,4
579,2019,Excel Analyst,Principal,Media,Singapore,R|SQL|A/B Testing,3,158799.0,0.482,94.7,7.3,5,Mid,Moderate Risk,3,0,0.621,11,5
580,2019,SQL Developer,Senior,Consulting,Singapore,Cold Calling|Basic SEO|Prompt Engineering|Tableau|LLMs/GenAI,5,176660.0,0.98,108.6,6.34,3,Mid,Critical Risk,5,0,0.908,20,3
581,2023,Business Analyst,Principal,Healthcare,UAE,Deep Learning|MS Access|A/B Testing|Cloud (AWS/GCP)|LLMs/GenAI|Excel (Basic),6,338057.0,0.565,145.9,6.92,5,Elite,High Risk,6,0,1.322,3,5
582,2024,SEO Specialist,Mid,Government,Singapore,Tableau|Python|LLMs/GenAI|Excel (Basic)|Crystal Reports,5,140809.0,0.98,156.0,6.38,2,Mid,Critical Risk,5,0,0.947,19,2
583,2022,Data Scientist,Senior,Education,India,Deep Learning|Cloud (AWS/GCP)|Crystal Reports,3,229174.0,0.46,120.4,6.63,3,High,Moderate Risk,3,0,1.178,8,3
584,2021,Data Scientist,Principal,Government,Netherlands,SQL|R|Machine Learning|Cold Calling,4,288505.0,0.469,110.8,6.38,5,Elite,Moderate Risk,4,0,1.128,8,5
585,2021,Financial Analyst,Mid,Healthcare,India,Cold Calling|Crystal Reports|Machine Learning|Power BI,4,116954.0,0.98,112.7,5.28,2,Low,Critical Risk,4,0,0.786,12,2
586,2024,IT Support Specialist,Senior,Healthcare,UK,dbt|Python|Manual Testing|Cold Calling,4,137030.0,0.98,102.4,5.62,3,Mid,Critical Risk,4,0,0.705,14,3
587,2022,Digital Marketer,Lead,Media,USA,Airflow|dbt|Excel (Basic)|Legacy VBA|Statistics|Tableau,6,203012.0,0.98,126.5,6.22,4,High,Critical Risk,6,0,0.883,10,4
588,2019,Accountant,Principal,Tech,Canada,Manual Testing|Data Entry|R|Basic SEO|dbt,5,170210.0,0.98,92.0,4.46,5,Mid,Critical Risk,5,0,0.665,1,5
589,2020,Business Analyst,Senior,Tech,India,Legacy VBA|Excel (Basic)|Basic SEO,3,104037.0,0.98,118.9,2.83,3,Low,Critical Risk,3,0,0.535,3,3
590,2021,Data Scientist,Entry,Finance,Singapore,LLMs/GenAI|Legacy VBA|Prompt Engineering|Manual Testing,4,127089.0,0.834,120.0,5.98,1,Low,Critical Risk,4,0,1.161,8,1
591,2024,Accountant,Principal,Media,India,MS Access|Excel (Basic)|Vector Databases|Machine Learning|Deep Learning|Prompt Engineering,6,338393.0,0.826,123.0,7.12,5,Elite,Critical Risk,6,0,1.323,1,5
592,2022,Data Scientist,Lead,Media,UK,Statistics|Spark/PySpark|Cloud (AWS/GCP)|Crystal Reports|Copy-Paste Reporting,5,273404.0,0.98,107.6,5.58,4,Elite,Critical Risk,5,0,1.189,8,4
593,2023,QA Engineer,Principal,Retail,Canada,Cloud (AWS/GCP)|Excel (Basic)|MS Access,3,208801.0,0.98,125.0,4.9,5,High,Critical Risk,3,0,0.816,18,5
594,2023,Data Scientist,Lead,Energy,Germany,Manual Testing|MLOps|Kubernetes|A/B Testing|Excel (Basic)|Copy-Paste Reporting,6,284682.0,0.98,121.7,5.38,4,Elite,Critical Risk,6,0,1.238,8,4
595,2020,Accountant,Principal,Consulting,Netherlands,Statistics|COBOL|LLMs/GenAI|Manual Testing|Airflow|Crystal Reports,6,227713.0,0.98,105.3,5.22,5,High,Critical Risk,6,0,0.89,1,5
596,2020,Data Analyst,Entry,Tech,UAE,MS Access|Copy-Paste Reporting|dbt,3,60362.0,0.98,106.2,3.9,1,Low,Critical Risk,3,0,0.551,6,1
597,2022,QA Engineer,Entry,Education,Australia,Python|Data Entry|dbt|Crystal Reports,4,94717.0,0.98,90.1,5.25,1,Low,Critical Risk,4,0,0.865,18,1
598,2025,Data Scientist,Senior,Manufacturing,Netherlands,Cold Calling|Python|Cloud (AWS/GCP)|Legacy VBA|MLOps,5,261452.0,0.98,135.8,6.24,3,Elite,Critical Risk,5,0,1.344,8,3
599,2024,Financial Analyst,Principal,Tech,India,MLOps|Basic SEO|Legacy VBA|Statistics,4,237990.0,0.98,154.2,5.35,5,High,Critical Risk,4,0,0.93,12,5
600,2025,Business Analyst,Mid,Consulting,India,Copy-Paste Reporting|R|MLOps|Tableau|Power BI|Machine Learning,6,167944.0,0.842,162.2,6.9,2,Mid,Critical Risk,6,0,1.129,3,2
601,2021,Financial Analyst,Senior,Media,Netherlands,dbt|Excel (Basic)|Legacy VBA,3,142593.0,0.98,107.1,4.67,3,Mid,Critical Risk,3,0,0.733,12,3
602,2025,DevOps Engineer,Entry,Healthcare,Germany,MLOps|SQL|Data Entry,3,119218.0,0.766,136.1,6.0,1,Low,Critical Risk,3,0,1.089,9,1
603,2020,Financial Analyst,Principal,Government,India,Copy-Paste Reporting|COBOL|Cold Calling,3,154470.0,0.98,97.2,1.4,5,Mid,Critical Risk,3,0,0.604,12,5
604,2025,Cloud Architect,Entry,Manufacturing,Singapore,Statistics|Airflow|Vector Databases,3,165762.0,0.05,139.8,8.27,1,Mid,Low Risk,3,1,1.514,4,1
605,2021,SQL Developer,Principal,Manufacturing,India,Vector Databases|COBOL|Machine Learning,3,249981.0,0.517,108.2,6.6,5,Elite,High Risk,3,0,0.977,20,5
606,2019,IT Support Specialist,Principal,Tech,UAE,dbt|MLOps|Statistics|MS Access,4,186344.0,0.725,96.4,6.78,5,High,High Risk,4,0,0.729,14,5
607,2021,Cloud Architect,Mid,Finance,Netherlands,dbt|MS Access|Machine Learning|Tableau,4,198969.0,0.3,111.1,6.95,2,High,Moderate Risk,4,0,1.338,4,2
608,2025,Content Strategist,Entry,Tech,Germany,Legacy VBA|Copy-Paste Reporting|Manual Testing,3,55153.0,0.98,161.1,1.93,1,Low,Critical Risk,3,0,0.504,5,1
609,2021,IT Support Specialist,Entry,Finance,Netherlands,Python|Excel (Basic)|Cold Calling|Prompt Engineering|Data Entry,5,76443.0,0.98,106.4,5.1,1,Low,Critical Risk,5,0,0.698,14,1
610,2021,SQL Developer,Mid,Manufacturing,Germany,Cold Calling|Tableau|Legacy VBA|Cloud (AWS/GCP)|Kubernetes,5,142504.0,0.98,97.1,5.74,2,Mid,Critical Risk,5,0,0.958,20,2
611,2021,Machine Learning Engineer,Entry,Energy,Netherlands,dbt|R|Vector Databases,3,144503.0,0.05,119.8,8.03,1,Mid,Low Risk,3,1,1.32,15,1
612,2021,Data Engineer,Senior,Energy,Canada,Deep Learning|Prompt Engineering|Manual Testing|MLOps,4,266245.0,0.112,116.6,7.55,3,Elite,Low Risk,4,1,1.369,7,3
613,2019,Data Engineer,Entry,Consulting,USA,SQL|Machine Learning|Deep Learning,3,130031.0,0.05,99.8,8.7,1,Low,Low Risk,3,1,1.187,7,1
614,2020,Operations Analyst,Principal,Energy,UAE,Prompt Engineering|MLOps|Basic SEO|dbt|Crystal Reports,5,246189.0,0.98,100.2,6.32,5,Elite,Critical Risk,5,0,0.963,16,5
615,2025,SEO Specialist,Entry,Consulting,Brazil,Deep Learning|Basic SEO|COBOL|Crystal Reports,4,77468.0,0.98,140.9,3.78,1,Low,Critical Risk,4,0,0.707,19,1
616,2022,AI Engineer,Lead,Consulting,Canada,Spark/PySpark|Copy-Paste Reporting|Manual Testing|Kubernetes,4,303117.0,0.98,129.1,5.15,4,Elite,Critical Risk,4,0,1.318,0,4
617,2022,BI Developer,Senior,Education,UAE,Python|Deep Learning|Statistics|Cloud (AWS/GCP)|Vector Databases|COBOL,6,268974.0,0.168,116.6,7.5,3,Elite,Low Risk,6,1,1.383,2,3
618,2020,AI Engineer,Senior,Energy,Brazil,A/B Testing|Cloud (AWS/GCP)|SQL|Basic SEO,4,261385.0,0.369,113.7,6.85,3,Elite,Moderate Risk,4,0,1.344,0,3
619,2019,Cloud Architect,Principal,Finance,Germany,SQL|Excel (Basic)|Power BI|Airflow|Manual Testing|Cold Calling,6,318202.0,0.98,107.0,5.32,5,Elite,Critical Risk,6,0,1.244,4,5
620,2022,Software Developer,Entry,Education,Canada,COBOL|Power BI|Excel (Basic)|MLOps|R|Crystal Reports,6,120090.0,0.98,114.4,4.97,1,Low,Critical Risk,6,0,1.097,21,1
621,2024,Supply Chain Analyst,Entry,Energy,UAE,Excel (Basic)|Manual Testing|Tableau,3,72312.0,0.98,130.2,4.63,1,Low,Critical Risk,3,0,0.66,23,1
622,2019,IT Support Specialist,Mid,Manufacturing,Singapore,Manual Testing|Cloud (AWS/GCP)|Legacy VBA,3,69757.0,0.98,91.7,4.6,2,Low,Critical Risk,3,0,0.469,14,2
623,2025,Software Developer,Senior,Consulting,USA,dbt|Basic SEO|Spark/PySpark,3,216705.0,0.744,159.8,6.73,3,High,High Risk,3,0,1.114,21,3
624,2025,HR Analyst,Entry,Healthcare,India,R|Prompt Engineering|SQL|Manual Testing|Excel (Basic)|Tableau,6,94977.0,0.947,122.7,6.2,1,Low,Critical Risk,6,0,0.867,13,1
625,2024,Cloud Architect,Senior,Energy,Germany,Crystal Reports|Vector Databases|Deep Learning|Excel (Basic)|Python|Manual Testing,6,307778.0,0.98,165.9,5.92,3,Elite,Critical Risk,6,0,1.583,4,3
626,2022,Data Engineer,Senior,Tech,Australia,Python|Crystal Reports|R,3,210314.0,0.578,129.6,5.83,3,High,High Risk,3,0,1.081,7,3
627,2021,Machine Learning Engineer,Senior,Tech,Canada,Crystal Reports|Excel (Basic)|SQL|Data Entry|MLOps|Copy-Paste Reporting,6,222950.0,0.98,116.5,4.05,3,High,Critical Risk,6,0,1.146,15,3
628,2022,QA Engineer,Principal,Retail,India,Spark/PySpark|dbt|R|SQL|Vector Databases|Power BI,6,323482.0,0.098,92.7,8.02,5,Elite,Low Risk,6,1,1.265,18,5
629,2025,Supply Chain Analyst,Mid,Healthcare,USA,Data Entry|Python|Spark/PySpark,3,128667.0,0.918,151.2,6.47,2,Low,Critical Risk,3,0,0.865,23,2
630,2022,Supply Chain Analyst,Lead,Healthcare,UK,Data Entry|COBOL|Power BI|Copy-Paste Reporting,4,145417.0,0.98,119.6,2.88,4,Mid,Critical Risk,4,0,0.632,23,4
631,2025,Operations Analyst,Principal,Government,Brazil,Tableau|A/B Testing|Power BI|R,4,231466.0,0.31,159.0,7.45,5,High,Moderate Risk,4,1,0.905,16,5
632,2022,DevOps Engineer,Mid,Healthcare,Singapore,Excel (Basic)|Statistics|Copy-Paste Reporting,3,137051.0,0.98,126.1,3.97,2,Mid,Critical Risk,3,0,0.921,9,2
633,2024,Content Strategist,Senior,Government,Netherlands,Machine Learning|Excel (Basic)|Statistics|Crystal Reports|Vector Databases,5,177862.0,0.953,118.5,6.26,3,Mid,Critical Risk,5,0,0.915,5,3
634,2022,Operations Analyst,Entry,Healthcare,Netherlands,Tableau|A/B Testing|Deep Learning|Manual Testing|Airflow,5,109381.0,0.556,118.5,7.14,1,Low,High Risk,5,0,0.999,16,1
635,2024,Supply Chain Analyst,Entry,Media,Brazil,Manual Testing|Machine Learning|MLOps|R|Cold Calling,5,116396.0,0.98,110.0,5.96,1,Low,Critical Risk,5,0,1.063,23,1
636,2022,Content Strategist,Lead,Energy,Australia,Vector Databases|COBOL|Prompt Engineering|Basic SEO|LLMs/GenAI|Machine Learning,6,276336.0,0.588,121.2,6.98,4,Elite,High Risk,6,0,1.201,5,4
637,2023,Product Manager,Senior,Energy,Germany,Data Entry|Statistics|Excel (Basic),3,177070.0,0.98,123.4,4.13,3,Mid,Critical Risk,3,0,0.91,17,3
638,2019,Supply Chain Analyst,Senior,Energy,USA,Statistics|Deep Learning|Spark/PySpark|A/B Testing|Copy-Paste Reporting,5,200956.0,0.829,102.5,6.82,3,High,Critical Risk,5,0,1.033,23,3
639,2021,Data Engineer,Principal,Manufacturing,Germany,Python|MS Access|Cloud (AWS/GCP)|Manual Testing|LLMs/GenAI,5,353874.0,0.654,118.3,6.6,5,Elite,High Risk,5,0,1.384,7,5
640,2024,Data Engineer,Lead,Education,India,COBOL|Crystal Reports|Airflow|Statistics|LLMs/GenAI,5,308155.0,0.85,147.6,5.7,4,Elite,Critical Risk,5,0,1.34,7,4
641,2025,Business Analyst,Senior,Finance,India,Basic SEO|Statistics|Cold Calling|Power BI,4,134371.0,0.98,152.9,5.05,3,Mid,Critical Risk,4,0,0.691,3,3
642,2020,Supply Chain Analyst,Lead,Healthcare,Canada,Machine Learning|Data Entry|Kubernetes|Cold Calling|Basic SEO,5,191051.0,0.98,98.6,4.82,4,High,Critical Risk,5,0,0.831,23,4
643,2020,IT Support Specialist,Lead,Consulting,Germany,MS Access|Cold Calling|R|Airflow|SQL|Legacy VBA,6,123186.0,0.98,109.6,4.75,4,Low,Critical Risk,6,0,0.536,14,4
644,2022,Statistician,Mid,Media,Singapore,Prompt Engineering|COBOL|Tableau,3,142554.0,0.408,119.9,6.03,2,Mid,Moderate Risk,3,0,0.958,22,2
645,2021,Content Strategist,Entry,Finance,Netherlands,Copy-Paste Reporting|Power BI|Manual Testing|Data Entry|Kubernetes,5,69335.0,0.98,123.9,4.24,1,Low,Critical Risk,5,0,0.633,5,1
646,2021,Machine Learning Engineer,Senior,Energy,Singapore,Cold Calling|Legacy VBA|MS Access|Airflow|COBOL|Basic SEO,6,204060.0,0.98,118.1,3.12,3,High,Critical Risk,6,0,1.049,15,3
647,2020,Content Strategist,Senior,Healthcare,Australia,Legacy VBA|Python|Basic SEO,3,114693.0,0.98,104.2,4.73,3,Low,Critical Risk,3,0,0.59,5,3
648,2022,Machine Learning Engineer,Principal,Finance,UAE,Airflow|MS Access|Prompt Engineering|Kubernetes|dbt,5,394716.0,0.233,105.3,7.28,5,Elite,Low Risk,5,1,1.543,15,5
649,2023,Data Scientist,Entry,Energy,Canada,Crystal Reports|Cloud (AWS/GCP)|Deep Learning,3,135520.0,0.449,144.1,6.63,1,Mid,Moderate Risk,3,0,1.237,8,1
650,2020,Software Developer,Principal,Healthcare,UK,Kubernetes|Prompt Engineering|Tableau|Legacy VBA,4,285828.0,0.589,111.1,6.75,5,Elite,High Risk,4,0,1.118,21,5
651,2024,IT Support Specialist,Senior,Government,Australia,LLMs/GenAI|Cold Calling|Deep Learning|Kubernetes|Machine Learning,5,220747.0,0.673,99.6,7.7,3,High,High Risk,5,0,1.135,14,3
652,2021,Business Analyst,Senior,Manufacturing,India,Deep Learning|Statistics|dbt|Manual Testing|SQL|LLMs/GenAI,6,226051.0,0.172,123.8,7.52,3,High,Low Risk,6,1,1.162,3,3
653,2019,Data Engineer,Principal,Government,Canada,Tableau|Crystal Reports|Kubernetes,3,257521.0,0.694,105.3,5.83,5,Elite,High Risk,3,0,1.007,7,5
654,2019,Data Scientist,Principal,Manufacturing,UAE,Statistics|Spark/PySpark|Data Entry,3,254916.0,0.738,101.4,5.87,5,Elite,High Risk,3,0,0.997,8,5
655,2019,Supply Chain Analyst,Lead,Manufacturing,India,SQL|Excel (Basic)|Python|A/B Testing|Crystal Reports,5,181630.0,0.919,102.8,5.98,4,Mid,Critical Risk,5,0,0.79,23,4
656,2022,Digital Marketer,Lead,Government,UK,Python|SQL|Crystal Reports|Basic SEO,4,155409.0,0.98,128.6,5.38,4,Mid,Critical Risk,4,0,0.676,10,4
657,2019,Financial Analyst,Principal,Education,Australia,SQL|Machine Learning|Data Entry|Deep Learning|Vector Databases,5,292425.0,0.574,103.0,7.34,5,Elite,High Risk,5,0,1.143,12,5
658,2021,Data Scientist,Lead,Manufacturing,Canada,R|Machine Learning|SQL|Legacy VBA,4,230236.0,0.52,108.8,6.38,4,High,High Risk,4,0,1.001,8,4
659,2024,Software Developer,Entry,Education,UAE,Data Entry|Tableau|MS Access,3,97359.0,0.98,125.1,3.77,1,Low,Critical Risk,3,0,0.889,21,1
660,2019,SQL Developer,Entry,Energy,Canada,SQL|Deep Learning|COBOL|R|Data Entry|Prompt Engineering,6,113487.0,0.98,102.0,5.85,1,Low,Critical Risk,6,0,1.036,20,1
661,2025,IT Support Specialist,Entry,Tech,Australia,MLOps|COBOL|MS Access,3,66729.0,0.98,81.4,4.13,1,Low,Critical Risk,3,0,0.609,14,1
662,2019,SQL Developer,Principal,Consulting,Netherlands,MS Access|Excel (Basic)|Airflow|Deep Learning,4,225711.0,0.98,102.6,5.78,5,High,Critical Risk,4,0,0.882,20,5
663,2020,Digital Marketer,Entry,Consulting,Brazil,Airflow|Crystal Reports|Data Entry,3,64741.0,0.98,100.1,3.87,1,Low,Critical Risk,3,0,0.591,10,1
664,2020,HR Analyst,Entry,Manufacturing,UK,Manual Testing|LLMs/GenAI|Excel (Basic)|Deep Learning|Cloud (AWS/GCP)|MS Access,6,115934.0,0.98,110.7,6.07,1,Low,Critical Risk,6,0,1.059,13,1
665,2025,Accountant,Mid,Finance,Canada,MLOps|COBOL|MS Access|Legacy VBA|SQL|Copy-Paste Reporting,6,126119.0,0.98,121.0,3.82,2,Low,Critical Risk,6,0,0.848,1,2
666,2024,Financial Analyst,Principal,Healthcare,Australia,Cold Calling|Machine Learning|Excel (Basic)|LLMs/GenAI,4,282775.0,0.98,122.4,6.2,5,Elite,Critical Risk,4,0,1.106,12,5
667,2019,Statistician,Mid,Government,India,R|LLMs/GenAI|Tableau|Airflow|Excel (Basic),5,151684.0,0.138,96.6,7.14,2,Mid,Low Risk,5,1,1.02,22,2
668,2019,HR Analyst,Principal,Government,India,Statistics|Deep Learning|Python,3,217077.0,0.05,98.5,8.57,5,High,Low Risk,3,1,0.849,13,5
669,2019,Operations Analyst,Principal,Manufacturing,Singapore,Crystal Reports|Spark/PySpark|dbt|Basic SEO|Data Entry|Kubernetes,6,220931.0,0.98,100.0,5.27,5,High,Critical Risk,6,0,0.864,16,5
670,2022,Excel Analyst,Mid,Energy,USA,Crystal Reports|Statistics|Manual Testing|Deep Learning,4,101802.0,0.98,114.5,5.28,2,Low,Critical Risk,4,0,0.684,11,2
671,2025,AI Engineer,Senior,Government,USA,dbt|Cloud (AWS/GCP)|A/B Testing|Manual Testing,4,284982.0,0.327,129.9,7.05,3,Elite,Moderate Risk,4,1,1.465,0,3
672,2025,SEO Specialist,Principal,Retail,UAE,Kubernetes|Machine Learning|dbt|Cloud (AWS/GCP),4,287170.0,0.205,158.8,8.78,5,Elite,Low Risk,4,1,1.123,19,5
673,2024,Digital Marketer,Lead,Healthcare,India,Machine Learning|Data Entry|Vector Databases,3,193977.0,0.855,127.4,6.7,4,High,Critical Risk,3,0,0.843,10,4
674,2022,Statistician,Senior,Energy,UAE,Cloud (AWS/GCP)|MS Access|Machine Learning,3,186658.0,0.447,135.1,6.9,3,High,Moderate Risk,3,0,0.96,22,3
675,2020,BI Developer,Entry,Consulting,Netherlands,Deep Learning|Airflow|MS Access,3,105203.0,0.606,91.4,6.53,1,Low,High Risk,3,0,0.961,2,1
676,2023,Cloud Architect,Lead,Retail,Australia,Cold Calling|Cloud (AWS/GCP)|MLOps|Airflow,4,341919.0,0.524,118.1,7.08,4,Elite,High Risk,4,0,1.486,4,4
677,2024,QA Engineer,Mid,Government,Canada,Statistics|Excel (Basic)|Machine Learning,3,136048.0,0.65,133.6,6.8,2,Mid,High Risk,3,0,0.915,18,2
678,2020,SQL Developer,Principal,Consulting,India,Vector Databases|Spark/PySpark|Tableau|MS Access|dbt|Data Entry,6,263579.0,0.98,103.1,6.27,5,Elite,Critical Risk,6,0,1.031,20,5
679,2021,SQL Developer,Senior,Healthcare,USA,Kubernetes|Spark/PySpark|Cloud (AWS/GCP),3,195036.0,0.223,113.0,8.6,3,High,Low Risk,3,1,1.003,20,3
680,2022,QA Engineer,Mid,Education,Canada,Manual Testing|LLMs/GenAI|COBOL|Data Entry|Excel (Basic),5,124305.0,0.98,111.3,3.76,2,Low,Critical Risk,5,0,0.836,18,2
681,2025,Excel Analyst,Entry,Government,Netherlands,Copy-Paste Reporting|dbt|Excel (Basic)|Statistics|Tableau|Kubernetes,6,95282.0,0.98,80.2,6.02,1,Low,Critical Risk,6,0,0.87,11,1
682,2022,Product Manager,Mid,Retail,Australia,Excel (Basic)|Airflow|Copy-Paste Reporting|Spark/PySpark|COBOL|Python,6,185661.0,0.98,124.1,5.32,2,High,Critical Risk,6,0,1.248,17,2
683,2019,Business Analyst,Lead,Media,USA,A/B Testing|SQL|Statistics|Crystal Reports|Cloud (AWS/GCP)|Tableau,6,215451.0,0.51,98.4,6.87,4,High,High Risk,6,0,0.937,3,4
684,2019,SEO Specialist,Entry,Government,Canada,Vector Databases|Prompt Engineering|Airflow|Data Entry,4,88525.0,0.945,95.7,7.05,1,Low,Critical Risk,4,0,0.808,19,1
685,2019,Digital Marketer,Senior,Healthcare,UAE,Tableau|Cold Calling|Spark/PySpark,3,119559.0,0.951,93.3,6.1,3,Low,Critical Risk,3,0,0.615,10,3
686,2022,BI Developer,Senior,Consulting,USA,SQL|Crystal Reports|MLOps,3,160109.0,0.741,126.3,6.1,3,Mid,High Risk,3,0,0.823,2,3
687,2021,QA Engineer,Senior,Energy,Netherlands,COBOL|Legacy VBA|Deep Learning|Manual Testing,4,157605.0,0.98,115.9,3.78,3,Mid,Critical Risk,4,0,0.81,18,3
688,2024,Business Analyst,Principal,Education,USA,SQL|Vector Databases|Tableau,3,231175.0,0.137,140.4,8.07,5,High,Low Risk,3,1,0.904,3,5
689,2021,DevOps Engineer,Mid,Media,UK,Spark/PySpark|MLOps|Airflow|R,4,190326.0,0.05,94.1,8.12,2,High,Low Risk,4,1,1.28,9,2
690,2022,Product Manager,Principal,Retail,Canada,Vector Databases|Kubernetes|A/B Testing|Legacy VBA|Power BI,5,344726.0,0.508,118.9,6.98,5,Elite,High Risk,5,0,1.348,17,5
691,2019,DevOps Engineer,Senior,Consulting,UAE,Statistics|Crystal Reports|R,3,178376.0,0.697,100.4,5.23,3,Mid,High Risk,3,0,0.917,9,3
692,2023,AI Engineer,Lead,Energy,Australia,dbt|Tableau|Deep Learning,3,337724.0,0.05,109.6,8.4,4,Elite,Low Risk,3,1,1.468,0,4
693,2020,AI Engineer,Entry,Finance,India,Cloud (AWS/GCP)|Crystal Reports|Spark/PySpark|Statistics|Copy-Paste Reporting,5,155675.0,0.98,103.3,5.58,1,Mid,Critical Risk,5,0,1.422,0,1
694,2024,Data Analyst,Senior,Government,Netherlands,Statistics|Vector Databases|Power BI|Tableau,4,178367.0,0.125,149.9,7.98,3,Mid,Low Risk,4,1,0.917,6,3
695,2019,AI Engineer,Mid,Finance,USA,Basic SEO|A/B Testing|Data Entry|MLOps,4,176280.0,0.98,97.2,5.35,2,Mid,Critical Risk,4,0,1.185,0,2
696,2021,HR Analyst,Senior,Consulting,Brazil,Tableau|Prompt Engineering|Excel (Basic)|Spark/PySpark|Basic SEO|LLMs/GenAI,6,195916.0,0.765,119.0,6.98,3,High,Critical Risk,6,0,1.007,13,3
697,2020,Digital Marketer,Senior,Manufacturing,USA,Vector Databases|Prompt Engineering|Tableau|LLMs/GenAI,4,194277.0,0.05,109.8,8.95,3,High,Low Risk,4,1,0.999,10,3
698,2020,Operations Analyst,Principal,Manufacturing,India,Basic SEO|Crystal Reports|Legacy VBA|COBOL,4,144489.0,0.98,97.8,2.0,5,Mid,Critical Risk,4,0,0.565,16,5
699,2020,Machine Learning Engineer,Entry,Education,Brazil,Tableau|Kubernetes|Vector Databases|LLMs/GenAI,4,170861.0,0.05,107.4,8.65,1,Mid,Low Risk,4,1,1.56,15,1
700,2024,Business Analyst,Senior,Education,India,Tableau|R|LLMs/GenAI|Prompt Engineering|Cloud (AWS/GCP),5,235221.0,0.05,160.1,8.44,3,High,Low Risk,5,1,1.209,3,3
701,2022,Digital Marketer,Mid,Consulting,Australia,Python|MS Access|R|A/B Testing,4,113682.0,0.718,111.6,6.45,2,Low,High Risk,4,0,0.764,10,2
702,2024,AI Engineer,Lead,Manufacturing,Brazil,COBOL|Excel (Basic)|MS Access|Tableau,4,285499.0,0.98,135.1,3.62,4,Elite,Critical Risk,4,0,1.241,0,4
703,2019,Product Manager,Lead,Tech,India,Prompt Engineering|Python|SQL,3,246596.0,0.05,98.4,8.67,4,Elite,Low Risk,3,1,1.072,17,4
704,2020,IT Support Specialist,Senior,Finance,Australia,Manual Testing|Data Entry|dbt,3,97623.0,0.98,102.0,4.27,3,Low,Critical Risk,3,0,0.502,14,3
705,2020,Statistician,Mid,Tech,UK,Legacy VBA|Copy-Paste Reporting|Deep Learning|A/B Testing|SQL|dbt,6,158567.0,0.98,110.6,6.0,2,Mid,Critical Risk,6,0,1.066,22,2
706,2023,Accountant,Principal,Tech,Australia,Spark/PySpark|Crystal Reports|Power BI|Vector Databases|SQL|Cold Calling,6,249883.0,0.98,103.5,6.15,5,Elite,Critical Risk,6,0,0.977,1,5
707,2021,DevOps Engineer,Senior,Consulting,Netherlands,dbt|MS Access|Tableau,3,178970.0,0.604,130.9,6.1,3,Mid,High Risk,3,0,0.92,9,3
708,2022,IT Support Specialist,Senior,Healthcare,Singapore,Spark/PySpark|Basic SEO|Excel (Basic)|Manual Testing|Deep Learning|Copy-Paste Reporting,6,154154.0,0.98,95.9,4.68,3,Mid,Critical Risk,6,0,0.793,14,3
709,2022,Content Strategist,Senior,Finance,Brazil,Deep Learning|Python|Power BI|Data Entry|Kubernetes|COBOL,6,194364.0,0.98,105.3,6.15,3,High,Critical Risk,6,0,0.999,5,3
710,2022,Operations Analyst,Principal,Healthcare,Canada,Basic SEO|SQL|Prompt Engineering|R,4,217454.0,0.756,124.3,6.58,5,High,Critical Risk,4,0,0.85,16,5
711,2025,AI Engineer,Principal,Manufacturing,UAE,Airflow|Python|COBOL|Basic SEO|Spark/PySpark|Kubernetes,6,458627.0,0.711,133.4,6.42,5,Elite,High Risk,6,0,1.793,0,5
712,2024,HR Analyst,Lead,Finance,Germany,LLMs/GenAI|Statistics|Crystal Reports|Data Entry|Airflow|Python,6,242724.0,0.98,113.1,6.33,4,High,Critical Risk,6,0,1.055,13,4
713,2021,Digital Marketer,Entry,Energy,Australia,Excel (Basic)|Power BI|Kubernetes|Data Entry|Legacy VBA|Statistics,6,84378.0,0.98,117.3,5.05,1,Low,Critical Risk,6,0,0.77,10,1
714,2025,Machine Learning Engineer,Senior,Media,Brazil,Copy-Paste Reporting|Kubernetes|LLMs/GenAI,3,267742.0,0.785,147.2,6.3,3,Elite,Critical Risk,3,0,1.377,15,3
715,2020,Cloud Architect,Lead,Healthcare,Australia,Machine Learning|Kubernetes|Vector Databases|Power BI,4,342447.0,0.05,107.2,8.62,4,Elite,Low Risk,4,1,1.489,4,4
716,2021,Business Analyst,Senior,Manufacturing,Netherlands,A/B Testing|dbt|Cold Calling,3,148044.0,0.782,112.4,6.13,3,Mid,Critical Risk,3,0,0.761,3,3
717,2025,Machine Learning Engineer,Principal,Healthcare,Netherlands,Copy-Paste Reporting|MLOps|Basic SEO|Legacy VBA|COBOL,5,338963.0,0.98,129.2,3.24,5,Elite,Critical Risk,5,0,1.325,15,5
718,2024,Operations Analyst,Senior,Finance,Netherlands,Basic SEO|Spark/PySpark|Python|A/B Testing|Prompt Engineering,5,221101.0,0.526,129.8,7.62,3,High,High Risk,5,0,1.137,16,3
719,2022,QA Engineer,Senior,Healthcare,UK,Spark/PySpark|A/B Testing|Airflow|Basic SEO,4,176072.0,0.887,94.8,6.98,3,Mid,Critical Risk,4,0,0.905,18,3
720,2023,Accountant,Principal,Media,Netherlands,Power BI|Tableau|Deep Learning,3,225121.0,0.458,115.5,8.17,5,High,Moderate Risk,3,0,0.88,1,5
721,2020,Data Analyst,Lead,Education,Germany,Spark/PySpark|Basic SEO|Tableau|Manual Testing|A/B Testing,5,180326.0,0.98,112.1,6.0,4,Mid,Critical Risk,5,0,0.784,6,4
722,2021,BI Developer,Senior,Tech,UK,Spark/PySpark|Copy-Paste Reporting|Crystal Reports|Airflow,4,168818.0,0.98,105.1,4.95,3,Mid,Critical Risk,4,0,0.868,2,3
723,2020,Data Engineer,Entry,Government,UK,Python|Cold Calling|Statistics,3,110489.0,0.597,108.4,6.2,1,Low,High Risk,3,0,1.009,7,1
724,2019,SQL Developer,Entry,Tech,Netherlands,Statistics|Cloud (AWS/GCP)|Kubernetes,3,99831.0,0.18,99.6,8.17,1,Low,Low Risk,3,1,0.912,20,1
725,2021,Supply Chain Analyst,Entry,Finance,UK,Excel (Basic)|dbt|LLMs/GenAI|Legacy VBA,4,94082.0,0.955,106.9,5.95,1,Low,Critical Risk,4,0,0.859,23,1
726,2019,Data Engineer,Senior,Energy,Australia,LLMs/GenAI|Copy-Paste Reporting|A/B Testing|Cold Calling|MS Access,5,223647.0,0.98,100.9,4.58,3,High,Critical Risk,5,0,1.15,7,3
727,2023,Financial Analyst,Entry,Finance,Brazil,A/B Testing|dbt|Crystal Reports,3,99630.0,0.84,114.7,6.07,1,Low,Critical Risk,3,0,0.91,12,1
728,2021,BI Developer,Principal,Tech,UK,A/B Testing|Copy-Paste Reporting|Crystal Reports|Statistics,4,205167.0,0.98,118.2,4.53,5,High,Critical Risk,4,0,0.802,2,5
729,2023,BI Developer,Lead,Finance,India,SQL|Power BI|dbt|A/B Testing|Airflow,5,234460.0,0.176,117.2,8.0,4,High,Low Risk,5,1,1.019,2,4
730,2025,Cloud Architect,Entry,Consulting,UK,Statistics|Cold Calling|Vector Databases|Crystal Reports,4,148310.0,0.98,132.2,5.08,1,Mid,Critical Risk,4,0,1.354,4,1
731,2024,Business Analyst,Entry,Education,UAE,SQL|Prompt Engineering|Tableau,3,87775.0,0.119,150.1,8.13,1,Low,Low Risk,3,1,0.802,3,1
732,2021,Supply Chain Analyst,Lead,Retail,Netherlands,Prompt Engineering|Power BI|dbt|Deep Learning|Statistics|Legacy VBA,6,251142.0,0.416,108.0,7.35,4,Elite,Moderate Risk,6,0,1.092,23,4
733,2019,Supply Chain Analyst,Lead,Finance,Singapore,A/B Testing|Legacy VBA|Basic SEO|Deep Learning|Cloud (AWS/GCP)|Spark/PySpark,6,248579.0,0.98,96.8,6.62,4,Elite,Critical Risk,6,0,1.081,23,4
734,2024,Financial Analyst,Entry,Healthcare,UK,dbt|MLOps|Manual Testing|Copy-Paste Reporting|SQL,5,110439.0,0.98,115.2,5.76,1,Low,Critical Risk,5,0,1.008,12,1
735,2025,QA Engineer,Lead,Manufacturing,Brazil,Cold Calling|COBOL|Data Entry|SQL|Vector Databases,5,208586.0,0.98,105.8,4.26,4,High,Critical Risk,5,0,0.907,18,4
736,2023,Software Developer,Lead,Media,Germany,Cold Calling|Tableau|Cloud (AWS/GCP)|Kubernetes,4,267489.0,0.755,129.4,6.68,4,Elite,Critical Risk,4,0,1.163,21,4
737,2020,HR Analyst,Mid,Tech,UK,Basic SEO|Deep Learning|Statistics,3,105547.0,0.765,102.5,6.5,2,Low,Critical Risk,3,0,0.71,13,2
738,2020,Software Developer,Principal,Education,India,Manual Testing|Cloud (AWS/GCP)|Cold Calling|Deep Learning|Legacy VBA,5,291765.0,0.98,107.3,4.98,5,Elite,Critical Risk,5,0,1.141,21,5
739,2025,Digital Marketer,Lead,Retail,Germany,Statistics|A/B Testing|Kubernetes|R|MLOps|Cold Calling,6,245417.0,0.778,142.6,6.82,4,Elite,Critical Risk,6,0,1.067,10,4
740,2025,Business Analyst,Lead,Finance,Singapore,MLOps|SQL|Tableau|COBOL|Machine Learning|MS Access,6,259023.0,0.893,121.4,6.17,4,Elite,Critical Risk,6,0,1.126,3,4
741,2024,AI Engineer,Mid,Consulting,Singapore,Prompt Engineering|Crystal Reports|SQL|Statistics,4,206895.0,0.396,151.9,6.5,2,High,Moderate Risk,4,0,1.391,0,2
742,2023,Supply Chain Analyst,Lead,Media,Netherlands,Statistics|R|LLMs/GenAI|A/B Testing|Machine Learning|SQL,6,285533.0,0.05,125.1,8.1,4,Elite,Low Risk,6,1,1.241,23,4
743,2023,Software Developer,Principal,Education,Germany,Machine Learning|Python|Excel (Basic)|Spark/PySpark|Basic SEO,5,346668.0,0.692,113.3,6.78,5,Elite,High Risk,5,0,1.355,21,5
744,2025,Product Manager,Principal,Tech,Australia,Cloud (AWS/GCP)|Power BI|Vector Databases|COBOL|Basic SEO|Cold Calling,6,362112.0,0.98,119.3,5.35,5,Elite,Critical Risk,6,0,1.416,17,5
745,2020,Excel Analyst,Mid,Manufacturing,Brazil,Crystal Reports|Deep Learning|Copy-Paste Reporting,3,78811.0,0.98,94.0,3.97,2,Low,Critical Risk,3,0,0.53,11,2
746,2021,BI Developer,Entry,Media,Australia,Tableau|Legacy VBA|Copy-Paste Reporting,3,78466.0,0.98,107.7,3.53,1,Low,Critical Risk,3,0,0.717,2,1
747,2023,QA Engineer,Senior,Tech,UAE,MLOps|SQL|Excel (Basic),3,163844.0,0.711,104.1,6.67,3,Mid,High Risk,3,0,0.842,18,3
748,2023,Machine Learning Engineer,Lead,Finance,Canada,Statistics|A/B Testing|COBOL|Cold Calling|Legacy VBA,5,279984.0,0.98,113.8,4.1,4,Elite,Critical Risk,5,0,1.217,15,4
749,2023,AI Engineer,Senior,Government,Canada,Data Entry|COBOL|Deep Learning|R|dbt|Prompt Engineering,6,321256.0,0.823,114.1,6.02,3,Elite,Critical Risk,6,0,1.652,0,3
750,2021,Financial Analyst,Lead,Retail,Brazil,Crystal Reports|Copy-Paste Reporting|Excel (Basic),3,127617.0,0.98,110.5,2.1,4,Low,Critical Risk,3,0,0.555,12,4
751,2021,Statistician,Entry,Energy,Netherlands,Power BI|dbt|Vector Databases|Deep Learning|Data Entry|Prompt Engineering,6,145049.0,0.405,106.8,7.55,1,Mid,Moderate Risk,6,0,1.325,22,1
752,2021,QA Engineer,Principal,Education,Canada,SQL|Kubernetes|Manual Testing|A/B Testing|Tableau|Legacy VBA,6,251309.0,0.98,111.1,5.98,5,Elite,Critical Risk,6,0,0.983,18,5
753,2020,Data Analyst,Principal,Healthcare,Brazil,dbt|Legacy VBA|MS Access|Tableau|Kubernetes|Data Entry,6,220299.0,0.98,94.3,4.98,5,High,Critical Risk,6,0,0.861,6,5
754,2023,QA Engineer,Principal,Tech,Netherlands,Vector Databases|Tableau|Spark/PySpark|Airflow,4,293044.0,0.253,96.0,8.43,5,Elite,Moderate Risk,4,1,1.146,18,5
755,2024,AI Engineer,Lead,Government,Australia,Data Entry|dbt|Copy-Paste Reporting,3,285178.0,0.98,134.0,3.67,4,Elite,Critical Risk,3,0,1.24,0,4
756,2025,AI Engineer,Mid,Manufacturing,Brazil,SQL|Airflow|Cloud (AWS/GCP)|Spark/PySpark,4,246312.0,0.05,125.1,8.38,2,Elite,Low Risk,4,1,1.656,0,2
757,2020,AI Engineer,Lead,Consulting,Netherlands,Power BI|Data Entry|Machine Learning|dbt|LLMs/GenAI|Kubernetes,6,383545.0,0.213,105.1,7.53,4,Elite,Low Risk,6,1,1.667,0,4
758,2021,Statistician,Principal,Healthcare,USA,COBOL|Python|Machine Learning|Deep Learning|MLOps|Manual Testing,6,354773.0,0.38,110.1,6.8,5,Elite,Moderate Risk,6,0,1.387,22,5
759,2019,QA Engineer,Senior,Finance,Singapore,Airflow|Cloud (AWS/GCP)|Excel (Basic)|MS Access,4,151863.0,0.98,103.4,5.75,3,Mid,Critical Risk,4,0,0.781,18,3
760,2019,Content Strategist,Principal,Media,Germany,Deep Learning|Airflow|Manual Testing|Cloud (AWS/GCP)|MLOps|MS Access,6,267856.0,0.83,102.3,6.73,5,Elite,Critical Risk,6,0,1.047,5,5
761,2024,Software Developer,Mid,Government,Canada,Cloud (AWS/GCP)|LLMs/GenAI|dbt|Kubernetes,4,206245.0,0.05,137.9,8.85,2,High,Low Risk,4,1,1.387,21,2
762,2021,Financial Analyst,Entry,Consulting,Netherlands,Crystal Reports|Cloud (AWS/GCP)|MLOps|R|Power BI,5,107312.0,0.586,115.8,6.82,1,Low,High Risk,5,0,0.98,12,1
763,2020,Statistician,Mid,Education,UAE,Basic SEO|Prompt Engineering|Python|Data Entry|Manual Testing,5,138704.0,0.98,99.4,5.16,2,Mid,Critical Risk,5,0,0.933,22,2
764,2024,Supply Chain Analyst,Entry,Retail,Germany,Prompt Engineering|Data Entry|Crystal Reports|Vector Databases|Legacy VBA|Cloud (AWS/GCP),6,125236.0,0.98,141.6,5.45,1,Low,Critical Risk,6,0,1.144,23,1
765,2020,IT Support Specialist,Lead,Tech,Singapore,Prompt Engineering|Deep Learning|Basic SEO|Cold Calling|Airflow,5,190282.0,0.98,95.8,6.34,4,High,Critical Risk,5,0,0.827,14,4
766,2025,BI Developer,Lead,Education,Singapore,Kubernetes|Copy-Paste Reporting|Deep Learning,3,237902.0,0.98,168.4,6.07,4,High,Critical Risk,3,0,1.034,2,4
767,2022,Digital Marketer,Lead,Education,Singapore,Basic SEO|LLMs/GenAI|Crystal Reports,3,164878.0,0.98,119.1,4.87,4,Mid,Critical Risk,3,0,0.717,10,4
768,2019,DevOps Engineer,Lead,Energy,Netherlands,Tableau|Crystal Reports|Python|Cold Calling|Machine Learning,5,255409.0,0.98,101.3,6.02,4,Elite,Critical Risk,5,0,1.11,9,4
769,2020,HR Analyst,Lead,Healthcare,USA,dbt|Data Entry|Prompt Engineering|MLOps|Excel (Basic)|Deep Learning,6,254645.0,0.98,106.1,6.82,4,Elite,Critical Risk,6,0,1.107,13,4
770,2020,Content Strategist,Mid,Energy,Singapore,Tableau|Statistics|Copy-Paste Reporting|MS Access|Spark/PySpark,5,105171.0,0.98,109.0,5.38,2,Low,Critical Risk,5,0,0.707,5,2
771,2024,Financial Analyst,Senior,Manufacturing,Canada,Power BI|Vector Databases|LLMs/GenAI,3,204609.0,0.089,130.8,8.9,3,High,Low Risk,3,1,1.052,12,3
772,2022,Financial Analyst,Mid,Tech,USA,Deep Learning|Tableau|dbt|Kubernetes,4,165351.0,0.055,129.1,8.32,2,Mid,Low Risk,4,1,1.112,12,2
773,2020,Business Analyst,Lead,Energy,Singapore,Spark/PySpark|Deep Learning|Vector Databases|LLMs/GenAI|Excel (Basic),5,285403.0,0.05,100.4,8.04,4,Elite,Low Risk,5,1,1.241,3,4
774,2024,Content Strategist,Lead,Consulting,UAE,Airflow|Crystal Reports|dbt,3,154052.0,0.888,123.4,6.2,4,Mid,Critical Risk,3,0,0.67,5,4
775,2025,Statistician,Senior,Consulting,Singapore,Power BI|Copy-Paste Reporting|dbt|Manual Testing,4,174213.0,0.98,124.9,5.03,3,Mid,Critical Risk,4,0,0.896,22,3
776,2025,AI Engineer,Mid,Government,India,COBOL|Spark/PySpark|Python|Prompt Engineering|Kubernetes|Airflow,6,279343.0,0.05,147.1,7.47,2,Elite,Low Risk,6,1,1.878,0,2
777,2020,DevOps Engineer,Principal,Consulting,UK,Statistics|Spark/PySpark|Copy-Paste Reporting,3,272847.0,0.98,103.8,5.7,5,Elite,Critical Risk,3,0,1.067,9,5
778,2024,Software Developer,Mid,Government,Singapore,Deep Learning|Cloud (AWS/GCP)|R|Machine Learning|MLOps,5,237017.0,0.05,154.8,8.62,2,High,Low Risk,5,1,1.594,21,2
779,2022,DevOps Engineer,Principal,Energy,USA,Kubernetes|A/B Testing|Manual Testing,3,290831.0,0.552,119.9,6.27,5,Elite,High Risk,3,0,1.137,9,5
780,2022,Supply Chain Analyst,Senior,Healthcare,Netherlands,Excel (Basic)|LLMs/GenAI|Kubernetes,3,174936.0,0.355,107.8,7.13,3,Mid,Moderate Risk,3,0,0.899,23,3
781,2022,Cloud Architect,Lead,Healthcare,UK,Crystal Reports|A/B Testing|Power BI|Spark/PySpark|Kubernetes,5,339243.0,0.428,112.0,6.86,4,Elite,Moderate Risk,5,0,1.475,4,4
782,2019,Data Engineer,Lead,Manufacturing,Australia,Prompt Engineering|Kubernetes|Manual Testing|Cold Calling|Basic SEO|A/B Testing,6,269394.0,0.98,105.5,5.52,4,Elite,Critical Risk,6,0,1.171,7,4
783,2020,Cloud Architect,Lead,Healthcare,Netherlands,Machine Learning|dbt|Spark/PySpark|Copy-Paste Reporting|Airflow|LLMs/GenAI,6,385260.0,0.339,105.8,7.63,4,Elite,Moderate Risk,6,1,1.675,4,4
784,2021,BI Developer,Lead,Government,UK,Machine Learning|Tableau|Vector Databases|Crystal Reports|R|Statistics,6,258439.0,0.502,116.2,6.98,4,Elite,High Risk,6,0,1.124,2,4
785,2019,Product Manager,Mid,Finance,Australia,dbt|Copy-Paste Reporting|Prompt Engineering,3,154417.0,0.779,106.1,6.27,2,Mid,Critical Risk,3,0,1.038,17,2
786,2020,Product Manager,Principal,Manufacturing,Brazil,Excel (Basic)|Python|A/B Testing|Cold Calling,4,274366.0,0.914,108.4,5.65,5,Elite,Critical Risk,4,0,1.073,17,5
787,2022,Data Scientist,Mid,Consulting,UK,Python|Prompt Engineering|Legacy VBA|Cloud (AWS/GCP)|SQL,5,184081.0,0.307,112.1,7.4,2,High,Moderate Risk,5,1,1.238,8,2
788,2019,Cloud Architect,Mid,Tech,UK,Basic SEO|Crystal Reports|Legacy VBA|Statistics|Tableau|Data Entry,6,156236.0,0.98,105.6,3.88,2,Mid,Critical Risk,6,0,1.05,4,2
789,2023,Supply Chain Analyst,Entry,Education,USA,MLOps|MS Access|Basic SEO|Excel (Basic)|Spark/PySpark|dbt,6,110291.0,0.98,139.9,5.82,1,Low,Critical Risk,6,0,1.007,23,1
790,2025,HR Analyst,Senior,Education,USA,R|Manual Testing|SQL,3,111063.0,0.867,123.7,5.6,3,Low,Critical Risk,3,0,0.571,13,3
791,2021,BI Developer,Mid,Government,UK,Copy-Paste Reporting|dbt|LLMs/GenAI,3,135720.0,0.98,112.6,6.43,2,Mid,Critical Risk,3,0,0.913,2,2
792,2022,AI Engineer,Mid,Finance,Germany,COBOL|Power BI|MS Access|Prompt Engineering|Legacy VBA|Manual Testing,6,196546.0,0.98,117.2,4.22,2,High,Critical Risk,6,0,1.321,0,2
793,2024,Machine Learning Engineer,Senior,Media,Canada,Tableau|SQL|Statistics|Kubernetes|Excel (Basic)|Manual Testing,6,269494.0,0.645,129.1,6.15,3,Elite,High Risk,6,0,1.386,15,3
794,2025,QA Engineer,Senior,Energy,India,Data Entry|Power BI|Deep Learning|Machine Learning|A/B Testing|MLOps,6,271896.0,0.701,135.6,7.47,3,Elite,High Risk,6,0,1.398,18,3
795,2024,Excel Analyst,Mid,Consulting,Netherlands,Prompt Engineering|Tableau|Power BI,3,111406.0,0.494,89.1,8.23,2,Low,Moderate Risk,3,0,0.749,11,2
796,2025,Digital Marketer,Senior,Healthcare,India,Basic SEO|Airflow|A/B Testing|Power BI|Prompt Engineering,5,180840.0,0.723,141.5,7.26,3,Mid,High Risk,5,0,0.93,10,3
797,2023,Data Scientist,Entry,Media,UK,Power BI|Cloud (AWS/GCP)|Tableau|Legacy VBA|MS Access|Excel (Basic),6,131500.0,0.98,131.3,5.35,1,Low,Critical Risk,6,0,1.201,8,1
798,2021,Statistician,Principal,Finance,Netherlands,Cloud (AWS/GCP)|MS Access|Legacy VBA,3,209867.0,0.98,110.0,4.4,5,High,Critical Risk,3,0,0.821,22,5
799,2025,BI Developer,Lead,Tech,UK,Crystal Reports|Prompt Engineering|MLOps|Excel (Basic)|MS Access|Tableau,6,254480.0,0.98,152.8,5.57,4,Elite,Critical Risk,6,0,1.106,2,4
800,2022,Accountant,Senior,Education,India,LLMs/GenAI|Deep Learning|MS Access|Manual Testing,4,173860.0,0.98,114.1,5.98,3,Mid,Critical Risk,4,0,0.894,1,3
801,2024,Machine Learning Engineer,Lead,Media,USA,SQL|Cloud (AWS/GCP)|Python,3,315497.0,0.05,115.9,8.57,4,Elite,Low Risk,3,1,1.372,15,4
802,2022,IT Support Specialist,Lead,Energy,UAE,Manual Testing|Basic SEO|Vector Databases|Crystal Reports|Legacy VBA,5,132774.0,0.98,126.6,3.74,4,Low,Critical Risk,5,0,0.577,14,4
803,2024,Software Developer,Senior,Finance,India,Python|dbt|Cloud (AWS/GCP)|Basic SEO,4,229695.0,0.55,114.9,7.42,3,High,High Risk,4,0,1.181,21,3
804,2020,Data Analyst,Mid,Consulting,India,Power BI|Basic SEO|Data Entry|Copy-Paste Reporting,4,78821.0,0.98,117.6,3.32,2,Low,Critical Risk,4,0,0.53,6,2
805,2020,Data Scientist,Senior,Consulting,India,Power BI|Python|Cloud (AWS/GCP)|LLMs/GenAI|Spark/PySpark|Crystal Reports,6,273546.0,0.057,111.5,7.72,3,Elite,Low Risk,6,1,1.407,8,3
806,2022,Digital Marketer,Entry,Consulting,Brazil,dbt|Prompt Engineering|Excel (Basic)|Basic SEO,4,85610.0,0.98,132.7,6.08,1,Low,Critical Risk,4,0,0.782,10,1
807,2019,Cloud Architect,Entry,Finance,Singapore,Copy-Paste Reporting|Statistics|MS Access|Excel (Basic)|Manual Testing|R,6,123453.0,0.98,105.2,3.9,1,Low,Critical Risk,6,0,1.127,4,1
808,2019,Digital Marketer,Lead,Consulting,Netherlands,Airflow|Crystal Reports|Machine Learning|A/B Testing|Python|Power BI,6,229822.0,0.463,99.8,7.42,4,High,Moderate Risk,6,0,0.999,10,4
809,2023,Data Scientist,Senior,Government,UAE,Statistics|Manual Testing|Data Entry,3,166804.0,0.98,124.7,3.9,3,Mid,Critical Risk,3,0,0.858,8,3
810,2024,QA Engineer,Entry,Healthcare,Germany,Statistics|Vector Databases|Tableau|Airflow,4,116548.0,0.329,108.7,8.1,1,Low,Moderate Risk,4,1,1.064,18,1
811,2023,Supply Chain Analyst,Senior,Energy,UAE,Prompt Engineering|MS Access|Crystal Reports|SQL,4,152258.0,0.98,146.3,5.2,3,Mid,Critical Risk,4,0,0.783,23,3
812,2025,Supply Chain Analyst,Senior,Consulting,India,Prompt Engineering|Crystal Reports|MS Access|Deep Learning,4,185255.0,0.98,150.2,5.6,3,High,Critical Risk,4,0,0.953,23,3
813,2020,BI Developer,Mid,Healthcare,Brazil,Cloud (AWS/GCP)|COBOL|Power BI|Statistics|Prompt Engineering|Airflow,6,168467.0,0.35,101.9,7.17,2,Mid,Moderate Risk,6,0,1.133,2,2
814,2019,Data Analyst,Senior,Manufacturing,Australia,LLMs/GenAI|Basic SEO|Copy-Paste Reporting|A/B Testing,4,143417.0,0.98,106.9,5.43,3,Mid,Critical Risk,4,0,0.737,6,3
815,2019,Cloud Architect,Lead,Finance,Brazil,Cloud (AWS/GCP)|R|Airflow|Statistics,4,294238.0,0.05,97.5,7.8,4,Elite,Low Risk,4,1,1.279,4,4
816,2021,DevOps Engineer,Entry,Media,Germany,Copy-Paste Reporting|Crystal Reports|A/B Testing|Manual Testing,4,103298.0,0.98,116.2,3.38,1,Low,Critical Risk,4,0,0.943,9,1
817,2024,Business Analyst,Lead,Consulting,UK,COBOL|Manual Testing|Copy-Paste Reporting,3,133837.0,0.98,152.8,1.67,4,Low,Critical Risk,3,0,0.582,3,4
818,2025,SEO Specialist,Entry,Media,UK,Data Entry|Cloud (AWS/GCP)|Copy-Paste Reporting|dbt,4,79503.0,0.98,163.1,5.0,1,Low,Critical Risk,4,0,0.726,19,1
819,2020,Product Manager,Senior,Consulting,Netherlands,MS Access|Cloud (AWS/GCP)|Spark/PySpark|Data Entry|Vector Databases|MLOps,6,275240.0,0.94,107.3,6.58,3,Elite,Critical Risk,6,0,1.415,17,3
820,2019,SQL Developer,Lead,Government,USA,Basic SEO|COBOL|Statistics|MLOps,4,183322.0,0.98,102.4,5.15,4,Mid,Critical Risk,4,0,0.797,20,4
821,2020,Data Scientist,Senior,Education,Singapore,Data Entry|Legacy VBA|Airflow|Spark/PySpark|Cold Calling,5,192926.0,0.98,111.9,4.5,3,High,Critical Risk,5,0,0.992,8,3
822,2022,Excel Analyst,Mid,Government,Singapore,Tableau|A/B Testing|COBOL|Legacy VBA|Vector Databases|Python,6,127111.0,0.98,108.7,6.17,2,Low,Critical Risk,6,0,0.855,11,2
823,2025,Data Analyst,Principal,Finance,UK,MLOps|SQL|Cold Calling|LLMs/GenAI|Power BI,5,292193.0,0.611,119.1,7.22,5,Elite,High Risk,5,0,1.142,6,5
824,2025,Business Analyst,Mid,Energy,USA,Power BI|SQL|Legacy VBA|Crystal Reports|R,5,113953.0,0.98,176.2,5.12,2,Low,Critical Risk,5,0,0.766,3,2
825,2024,Product Manager,Senior,Education,USA,A/B Testing|Manual Testing|Spark/PySpark|Crystal Reports|SQL,5,226413.0,0.98,133.8,5.74,3,High,Critical Risk,5,0,1.164,17,3
826,2020,SEO Specialist,Principal,Energy,UAE,COBOL|Data Entry|SQL|Cold Calling|dbt,5,162277.0,0.98,118.1,4.14,5,Mid,Critical Risk,5,0,0.634,19,5
827,2019,Business Analyst,Principal,Education,Singapore,A/B Testing|R|Prompt Engineering|dbt,4,229106.0,0.05,97.0,8.05,5,High,Low Risk,4,1,0.896,3,5
828,2023,AI Engineer,Principal,Education,India,Python|COBOL|R,3,351136.0,0.42,127.9,5.63,5,Elite,Moderate Risk,3,0,1.373,0,5
829,2020,AI Engineer,Lead,Media,UK,Basic SEO|Vector Databases|Kubernetes,3,295142.0,0.421,106.3,6.73,4,Elite,Moderate Risk,3,0,1.283,0,4
830,2021,Machine Learning Engineer,Entry,Finance,UAE,Excel (Basic)|MS Access|Python|Tableau|MLOps,5,149004.0,0.571,114.1,6.3,1,Mid,High Risk,5,0,1.361,15,1
831,2025,Product Manager,Principal,Energy,Netherlands,Vector Databases|Prompt Engineering|Legacy VBA|COBOL,4,334235.0,0.909,158.4,5.4,5,Elite,Critical Risk,4,0,1.307,17,5
832,2023,Supply Chain Analyst,Mid,Government,Netherlands,Cloud (AWS/GCP)|MLOps|A/B Testing|Excel (Basic),4,155718.0,0.282,119.8,7.35,2,Mid,Moderate Risk,4,1,1.047,23,2
833,2025,DevOps Engineer,Lead,Finance,India,Basic SEO|Power BI|Deep Learning|COBOL|Machine Learning|Copy-Paste Reporting,6,322128.0,0.98,169.3,5.27,4,Elite,Critical Risk,6,0,1.4,9,4
834,2022,SQL Developer,Lead,Finance,Australia,Excel (Basic)|R|A/B Testing|Cold Calling|SQL|Kubernetes,6,213314.0,0.98,113.4,5.92,4,High,Critical Risk,6,0,0.927,20,4
835,2024,QA Engineer,Lead,Consulting,Singapore,Spark/PySpark|A/B Testing|Statistics|Crystal Reports,4,218927.0,0.927,102.5,6.45,4,High,Critical Risk,4,0,0.952,18,4
836,2024,Content Strategist,Principal,Finance,Canada,Statistics|Machine Learning|MS Access|LLMs/GenAI|R|Vector Databases,6,315822.0,0.393,162.3,7.42,5,Elite,Moderate Risk,6,0,1.235,5,5
837,2019,Accountant,Lead,Finance,UK,Excel (Basic)|Prompt Engineering|Machine Learning|A/B Testing|Spark/PySpark,5,224194.0,0.33,102.4,7.78,4,High,Moderate Risk,5,1,0.975,1,4
838,2021,DevOps Engineer,Senior,Manufacturing,UAE,COBOL|Spark/PySpark|Excel (Basic),3,193836.0,0.846,111.2,4.47,3,High,Critical Risk,3,0,0.997,9,3
839,2021,AI Engineer,Mid,Healthcare,UAE,Cloud (AWS/GCP)|R|Vector Databases,3,205172.0,0.05,105.8,8.2,2,High,Low Risk,3,1,1.379,0,2
840,2019,QA Engineer,Lead,Energy,Germany,MLOps|COBOL|SQL|Statistics|MS Access|Manual Testing,6,190403.0,0.98,95.7,5.02,4,High,Critical Risk,6,0,0.828,18,4
841,2020,Content Strategist,Lead,Consulting,UAE,Copy-Paste Reporting|MS Access|MLOps|Deep Learning,4,183582.0,0.98,111.8,5.32,4,Mid,Critical Risk,4,0,0.798,5,4
842,2024,Accountant,Lead,Government,Canada,MLOps|R|Machine Learning|Legacy VBA|Tableau|Kubernetes,6,265226.0,0.793,144.7,7.12,4,Elite,Critical Risk,6,0,1.153,1,4
843,2025,BI Developer,Entry,Energy,Germany,Data Entry|R|Deep Learning,3,105600.0,0.98,133.8,5.7,1,Low,Critical Risk,3,0,0.964,2,1
844,2023,SEO Specialist,Principal,Tech,Brazil,Cold Calling|Statistics|A/B Testing|Python,4,196305.0,0.98,108.2,6.62,5,High,Critical Risk,4,0,0.768,19,5
845,2023,BI Developer,Entry,Manufacturing,Canada,Basic SEO|Crystal Reports|Excel (Basic)|Tableau,4,84040.0,0.98,109.3,3.98,1,Low,Critical Risk,4,0,0.767,2,1
846,2023,Accountant,Senior,Government,Brazil,Statistics|Copy-Paste Reporting|Python,3,137234.0,0.98,126.2,5.87,3,Mid,Critical Risk,3,0,0.706,1,3
847,2020,QA Engineer,Entry,Media,Australia,Kubernetes|Deep Learning|Cloud (AWS/GCP)|COBOL|R|LLMs/GenAI,6,140602.0,0.327,96.3,7.28,1,Mid,Moderate Risk,6,1,1.284,18,1
848,2020,Statistician,Entry,Healthcare,Germany,Legacy VBA|LLMs/GenAI|Machine Learning|Manual Testing|MLOps|Basic SEO,6,125932.0,0.98,100.7,6.02,1,Low,Critical Risk,6,0,1.15,22,1
849,2019,AI Engineer,Lead,Finance,Australia,Power BI|MLOps|Kubernetes|SQL,4,329883.0,0.05,93.1,8.1,4,Elite,Low Risk,4,1,1.434,0,4
850,2019,Business Analyst,Mid,Retail,Brazil,Statistics|A/B Testing|Cold Calling|SQL,4,104176.0,0.801,110.4,6.2,2,Low,Critical Risk,4,0,0.7,3,2
851,2021,Business Analyst,Senior,Consulting,Netherlands,Deep Learning|Statistics|Python|Power BI|Data Entry|Airflow,6,203645.0,0.524,131.6,7.22,3,High,High Risk,6,0,1.047,3,3
852,2019,Statistician,Principal,Energy,UK,Cold Calling|R|Data Entry|COBOL,4,181948.0,0.98,102.7,2.8,5,Mid,Critical Risk,4,0,0.711,22,5
853,2023,QA Engineer,Lead,Finance,Netherlands,COBOL|Spark/PySpark|Vector Databases|R,4,215291.0,0.72,129.1,6.38,4,High,High Risk,4,0,0.936,18,4
854,2025,Excel Analyst,Principal,Government,Netherlands,Machine Learning|Python|Tableau|Manual Testing|Prompt Engineering|Data Entry,6,278896.0,0.98,140.8,6.65,5,Elite,Critical Risk,6,0,1.09,11,5
855,2019,Business Analyst,Lead,Manufacturing,Brazil,Basic SEO|Legacy VBA|SQL|Vector Databases|Data Entry,5,161222.0,0.98,95.5,4.62,4,Mid,Critical Risk,5,0,0.701,3,4
856,2025,Content Strategist,Senior,Tech,India,Prompt Engineering|Deep Learning|SQL,3,175864.0,0.05,157.2,8.63,3,Mid,Low Risk,3,1,0.904,5,3
857,2025,Data Engineer,Principal,Manufacturing,Singapore,Manual Testing|A/B Testing|COBOL|MLOps,4,337562.0,0.873,165.2,5.22,5,Elite,Critical Risk,4,0,1.32,7,5
858,2021,HR Analyst,Senior,Consulting,Germany,Legacy VBA|MLOps|dbt|Tableau,4,147002.0,0.771,122.9,6.78,3,Mid,Critical Risk,4,0,0.756,13,3
859,2021,Data Analyst,Mid,Tech,Brazil,Python|Copy-Paste Reporting|Legacy VBA|LLMs/GenAI|Power BI|R,6,156428.0,0.98,129.2,6.05,2,Mid,Critical Risk,6,0,1.052,6,2
860,2024,Digital Marketer,Lead,Media,UK,R|Python|Basic SEO,3,164537.0,0.903,159.6,6.23,4,Mid,Critical Risk,3,0,0.715,10,4
861,2022,Supply Chain Analyst,Entry,Education,Singapore,SQL|LLMs/GenAI|Basic SEO|Cold Calling|COBOL,5,95788.0,0.98,126.6,4.7,1,Low,Critical Risk,5,0,0.875,23,1
862,2019,Machine Learning Engineer,Lead,Education,Canada,Python|Airflow|MS Access|Copy-Paste Reporting|Kubernetes|Legacy VBA,6,296742.0,0.98,96.9,5.13,4,Elite,Critical Risk,6,0,1.29,15,4
863,2021,SQL Developer,Entry,Energy,Germany,Airflow|Statistics|Vector Databases|Machine Learning,4,111528.0,0.05,95.6,8.57,1,Low,Low Risk,4,1,1.018,20,1
864,2024,Operations Analyst,Principal,Retail,USA,Basic SEO|Data Entry|SQL|Cloud (AWS/GCP),4,209269.0,0.98,151.2,5.25,5,High,Critical Risk,4,0,0.818,16,5
865,2023,Content Strategist,Lead,Healthcare,Netherlands,Legacy VBA|MS Access|Excel (Basic)|Manual Testing,4,113168.0,0.98,134.8,2.62,4,Low,Critical Risk,4,0,0.492,5,4
866,2019,Financial Analyst,Mid,Finance,India,Excel (Basic)|Copy-Paste Reporting|Airflow|A/B Testing|MS Access,5,98765.0,0.98,101.1,4.58,2,Low,Critical Risk,5,0,0.664,12,2
867,2020,Supply Chain Analyst,Entry,Media,Brazil,Legacy VBA|R|Tableau|Python|Power BI,5,96712.0,0.66,99.0,6.62,1,Low,High Risk,5,0,0.883,23,1
868,2024,Business Analyst,Senior,Government,Singapore,Cloud (AWS/GCP)|Legacy VBA|A/B Testing|Tableau|Statistics,5,194686.0,0.666,122.1,6.78,3,High,High Risk,5,0,1.001,3,3
869,2025,Business Analyst,Mid,Tech,Germany,R|Tableau|MLOps|Python|SQL|dbt,6,176853.0,0.05,129.1,8.05,2,Mid,Low Risk,6,1,1.189,3,2
870,2023,Data Analyst,Mid,Government,UK,dbt|LLMs/GenAI|MLOps|Prompt Engineering,4,167172.0,0.05,116.9,9.15,2,Mid,Low Risk,4,1,1.124,6,2
871,2024,Machine Learning Engineer,Entry,Consulting,Singapore,Excel (Basic)|COBOL|Data Entry,3,121382.0,0.98,155.7,2.07,1,Low,Critical Risk,3,0,1.108,15,1
872,2025,Statistician,Mid,Finance,UAE,MLOps|Basic SEO|Machine Learning|A/B Testing,4,176492.0,0.438,163.0,7.35,2,Mid,Moderate Risk,4,0,1.187,22,2
873,2019,Accountant,Principal,Consulting,UK,Excel (Basic)|Cloud (AWS/GCP)|Deep Learning|Machine Learning|Cold Calling|SQL,6,271729.0,0.98,102.3,6.77,5,Elite,Critical Risk,6,0,1.062,1,5
874,2025,Operations Analyst,Entry,Healthcare,USA,Machine Learning|Prompt Engineering|Manual Testing|Data Entry|Power BI|Deep Learning,6,141829.0,0.98,122.1,6.67,1,Mid,Critical Risk,6,0,1.295,16,1
875,2019,SEO Specialist,Entry,Manufacturing,Singapore,Cloud (AWS/GCP)|Manual Testing|Cold Calling|Power BI|Airflow|Basic SEO,6,81044.0,0.98,102.0,5.48,1,Low,Critical Risk,6,0,0.74,19,1
876,2023,Data Analyst,Lead,Government,UAE,Manual Testing|Copy-Paste Reporting|Cloud (AWS/GCP)|MLOps|Data Entry|Legacy VBA,6,199442.0,0.98,142.8,4.22,4,High,Critical Risk,6,0,0.867,6,4
877,2022,Content Strategist,Senior,Energy,Canada,Cloud (AWS/GCP)|Python|Manual Testing,3,141727.0,0.611,128.9,7.0,3,Mid,High Risk,3,0,0.729,5,3
878,2023,SQL Developer,Principal,Healthcare,Netherlands,Vector Databases|Power BI|Statistics|MS Access|Manual Testing,5,243875.0,0.98,107.3,5.86,5,High,Critical Risk,5,0,0.954,20,5
879,2020,Data Engineer,Entry,Tech,India,Excel (Basic)|Power BI|A/B Testing|Data Entry|Cold Calling,5,119199.0,0.98,106.5,4.54,1,Low,Critical Risk,5,0,1.088,7,1
880,2023,SEO Specialist,Mid,Healthcare,UAE,Manual Testing|MLOps|Prompt Engineering|Vector Databases|Python,5,165306.0,0.399,130.7,7.88,2,Mid,Moderate Risk,5,0,1.111,19,2
881,2024,Supply Chain Analyst,Mid,Tech,Canada,Power BI|Vector Databases|dbt,3,144046.0,0.108,154.6,8.47,2,Mid,Low Risk,3,1,0.969,23,2
882,2024,SQL Developer,Entry,Education,Canada,Crystal Reports|Copy-Paste Reporting|Tableau|Manual Testing|Basic SEO|MLOps,6,93348.0,0.98,123.7,4.2,1,Low,Critical Risk,6,0,0.852,20,1
883,2023,Cloud Architect,Principal,Manufacturing,Singapore,LLMs/GenAI|Cloud (AWS/GCP)|Tableau|COBOL|Machine Learning,5,452557.0,0.05,127.9,7.42,5,Elite,Low Risk,5,1,1.769,4,5
884,2019,HR Analyst,Mid,Retail,UAE,Airflow|Statistics|MS Access|Cold Calling,4,94511.0,0.98,107.6,4.98,2,Low,Critical Risk,4,0,0.635,13,2
885,2021,Product Manager,Lead,Retail,Singapore,Basic SEO|Python|Vector Databases|Deep Learning,4,302827.0,0.301,107.9,7.6,4,Elite,Moderate Risk,4,1,1.316,17,4
886,2023,Machine Learning Engineer,Mid,Manufacturing,UAE,Data Entry|Excel (Basic)|Cold Calling|Vector Databases,4,179172.0,0.98,114.2,4.03,2,Mid,Critical Risk,4,0,1.205,15,2
887,2019,SQL Developer,Mid,Manufacturing,India,Kubernetes|MS Access|LLMs/GenAI|MLOps,4,152859.0,0.457,94.1,7.28,2,Mid,Moderate Risk,4,0,1.028,20,2
888,2020,BI Developer,Mid,Tech,India,Cloud (AWS/GCP)|Python|Basic SEO|Legacy VBA|Spark/PySpark,5,146199.0,0.98,101.0,6.38,2,Mid,Critical Risk,5,0,0.983,2,2
889,2025,Machine Learning Engineer,Senior,Retail,Germany,Airflow|Vector Databases|COBOL|Basic SEO|Legacy VBA|LLMs/GenAI,6,310286.0,0.98,172.7,5.57,3,Elite,Critical Risk,6,0,1.595,15,3
890,2025,Accountant,Lead,Finance,UK,Spark/PySpark|COBOL|dbt|R,4,195259.0,0.917,137.8,6.22,4,High,Critical Risk,4,0,0.849,1,4
891,2021,Cloud Architect,Principal,Government,Canada,Cold Calling|Manual Testing|Excel (Basic),3,266786.0,0.98,109.1,2.77,5,Elite,Critical Risk,3,0,1.043,4,5
892,2023,AI Engineer,Mid,Education,Canada,Data Entry|COBOL|Kubernetes,3,181005.0,0.98,133.1,3.6,2,Mid,Critical Risk,3,0,1.217,0,2
893,2025,Content Strategist,Principal,Consulting,Canada,COBOL|Statistics|Legacy VBA,3,160103.0,0.98,149.4,3.53,5,Mid,Critical Risk,3,0,0.626,5,5
894,2020,Content Strategist,Lead,Media,Australia,A/B Testing|Tableau|LLMs/GenAI|MLOps|Crystal Reports|Vector Databases,6,254471.0,0.325,105.7,7.53,4,Elite,Moderate Risk,6,1,1.106,5,4
895,2022,Operations Analyst,Lead,Consulting,Germany,Data Entry|COBOL|Excel (Basic)|Copy-Paste Reporting|Machine Learning|dbt,6,193304.0,0.98,114.3,4.2,4,High,Critical Risk,6,0,0.84,16,4
896,2020,IT Support Specialist,Mid,Government,Canada,Power BI|SQL|Excel (Basic)|LLMs/GenAI|Basic SEO,5,109718.0,0.98,93.1,6.32,2,Low,Critical Risk,5,0,0.738,14,2
897,2023,Data Scientist,Mid,Finance,Germany,A/B Testing|Vector Databases|Airflow|Excel (Basic)|Machine Learning|Tableau,6,218833.0,0.05,123.4,7.65,2,High,Low Risk,6,1,1.471,8,2
898,2021,QA Engineer,Lead,Consulting,Singapore,Vector Databases|COBOL|Statistics|MLOps|Kubernetes|SQL,6,273827.0,0.449,93.8,7.05,4,Elite,Moderate Risk,6,0,1.19,18,4
899,2022,Excel Analyst,Senior,Finance,Australia,Prompt Engineering|Basic SEO|A/B Testing,3,132335.0,0.98,111.8,6.73,3,Low,Critical Risk,3,0,0.68,11,3
900,2024,Data Scientist,Senior,Retail,UK,Deep Learning|Vector Databases|Machine Learning,3,264001.0,0.05,143.9,9.23,3,Elite,Low Risk,3,1,1.357,8,3
901,2021,SQL Developer,Senior,Manufacturing,Germany,dbt|Crystal Reports|Manual Testing|Spark/PySpark|Copy-Paste Reporting,5,158226.0,0.98,119.1,4.56,3,Mid,Critical Risk,5,0,0.814,20,3
902,2024,SEO Specialist,Senior,Tech,Germany,Basic SEO|Vector Databases|COBOL|SQL|Excel (Basic),5,146249.0,0.98,153.1,4.86,3,Mid,Critical Risk,5,0,0.752,19,3
903,2019,Digital Marketer,Principal,Healthcare,Singapore,Airflow|MS Access|dbt|Statistics,4,191524.0,0.741,98.2,6.6,5,High,High Risk,4,0,0.749,10,5
904,2023,SEO Specialist,Lead,Consulting,Australia,MLOps|Copy-Paste Reporting|dbt,3,176612.0,0.98,132.8,6.17,4,Mid,Critical Risk,3,0,0.768,19,4
905,2024,QA Engineer,Mid,Consulting,UAE,Vector Databases|Spark/PySpark|Excel (Basic),3,144249.0,0.623,130.5,7.1,2,Mid,High Risk,3,0,0.97,18,2
906,2021,Product Manager,Entry,Consulting,Australia,Airflow|Power BI|Legacy VBA|Cold Calling|SQL,5,104868.0,0.98,123.7,5.52,1,Low,Critical Risk,5,0,0.958,17,1
907,2024,SEO Specialist,Senior,Education,Brazil,Excel (Basic)|COBOL|Machine Learning,3,128663.0,0.98,165.9,4.73,3,Low,Critical Risk,3,0,0.662,19,3
908,2020,Cloud Architect,Principal,Energy,Brazil,SQL|dbt|Copy-Paste Reporting|Deep Learning|R|COBOL,6,368316.0,0.98,111.3,5.63,5,Elite,Critical Risk,6,0,1.44,4,5
909,2019,Cloud Architect,Principal,Consulting,Germany,LLMs/GenAI|Cloud (AWS/GCP)|Legacy VBA,3,356312.0,0.38,105.1,6.93,5,Elite,Moderate Risk,3,0,1.393,4,5
910,2019,Operations Analyst,Principal,Consulting,USA,dbt|Deep Learning|SQL|Prompt Engineering,4,265907.0,0.05,97.6,8.6,5,Elite,Low Risk,4,1,1.04,16,5
911,2021,Supply Chain Analyst,Principal,Finance,UAE,Vector Databases|A/B Testing|Python,3,246184.0,0.05,110.3,8.73,5,Elite,Low Risk,3,1,0.963,23,5
912,2025,QA Engineer,Lead,Healthcare,UK,R|Power BI|Statistics|MS Access,4,191675.0,0.98,83.5,5.98,4,High,Critical Risk,4,0,0.833,18,4
913,2025,SQL Developer,Mid,Retail,Germany,Basic SEO|Crystal Reports|Legacy VBA|Statistics|LLMs/GenAI|Manual Testing,6,139199.0,0.98,124.3,4.47,2,Mid,Critical Risk,6,0,0.936,20,2
914,2021,Financial Analyst,Mid,Media,UAE,dbt|Python|Spark/PySpark|Tableau|Deep Learning,5,183294.0,0.05,122.8,8.62,2,Mid,Low Risk,5,1,1.232,12,2
915,2023,Excel Analyst,Principal,Education,Brazil,Tableau|Copy-Paste Reporting|Excel (Basic)|Machine Learning|MS Access|Deep Learning,6,244747.0,0.98,86.9,5.48,5,High,Critical Risk,6,0,0.957,11,5
916,2022,DevOps Engineer,Senior,Government,Brazil,Power BI|Airflow|LLMs/GenAI|Manual Testing,4,234694.0,0.372,122.2,7.18,3,High,Moderate Risk,4,0,1.207,9,3
917,2022,Software Developer,Mid,Energy,UK,Crystal Reports|Machine Learning|Airflow|LLMs/GenAI|Kubernetes|Data Entry,6,209944.0,0.98,130.9,6.5,2,High,Critical Risk,6,0,1.412,21,2
918,2024,Data Scientist,Mid,Consulting,Singapore,Vector Databases|Deep Learning|Cold Calling,3,187865.0,0.521,114.5,6.73,2,High,High Risk,3,0,1.263,8,2
919,2025,Cloud Architect,Lead,Consulting,India,dbt|A/B Testing|Machine Learning|Tableau|Python,5,392671.0,0.05,117.4,8.54,4,Elite,Low Risk,5,1,1.707,4,4
920,2024,Supply Chain Analyst,Lead,Government,Australia,Copy-Paste Reporting|dbt|SQL|Machine Learning|Python|Kubernetes,6,273464.0,0.691,118.8,7.3,4,Elite,High Risk,6,0,1.189,23,4
921,2020,Cloud Architect,Lead,Consulting,UAE,Deep Learning|R|Legacy VBA,3,281973.0,0.501,108.9,5.87,4,Elite,High Risk,3,0,1.226,4,4
922,2022,Data Engineer,Lead,Manufacturing,India,Basic SEO|Python|Manual Testing|Cloud (AWS/GCP),4,267607.0,0.963,115.4,6.0,4,Elite,Critical Risk,4,0,1.163,7,4
923,2019,SEO Specialist,Lead,Healthcare,UK,Legacy VBA|Kubernetes|Spark/PySpark,3,154056.0,0.98,97.4,6.27,4,Mid,Critical Risk,3,0,0.67,19,4
924,2020,SQL Developer,Entry,Media,Canada,Crystal Reports|Machine Learning|Data Entry|A/B Testing|COBOL|Legacy VBA,6,91267.0,0.98,100.4,3.98,1,Low,Critical Risk,6,0,0.833,20,1
925,2019,Software Developer,Senior,Consulting,USA,Machine Learning|Cold Calling|SQL,3,178516.0,0.604,97.5,6.33,3,Mid,High Risk,3,0,0.918,21,3
926,2020,DevOps Engineer,Mid,Retail,UK,Power BI|Python|MLOps,3,168725.0,0.05,109.0,8.67,2,Mid,Low Risk,3,1,1.134,9,2
927,2024,Supply Chain Analyst,Entry,Retail,UK,MS Access|LLMs/GenAI|Machine Learning|Power BI,4,116972.0,0.449,140.0,7.32,1,Low,Moderate Risk,4,0,1.068,23,1
928,2025,Cloud Architect,Senior,Media,Canada,R|SQL|Power BI|Cloud (AWS/GCP),4,274821.0,0.05,120.7,7.7,3,Elite,Low Risk,4,1,1.413,4,3
929,2019,DevOps Engineer,Senior,Healthcare,USA,Data Entry|MLOps|Python|SQL|dbt|Tableau,6,243913.0,0.449,96.2,7.22,3,High,Moderate Risk,6,0,1.254,9,3
930,2024,Statistician,Principal,Education,USA,dbt|Power BI|Prompt Engineering,3,266894.0,0.05,149.3,8.53,5,Elite,Low Risk,3,1,1.044,22,5
931,2022,Machine Learning Engineer,Principal,Energy,India,Cloud (AWS/GCP)|Manual Testing|MLOps|Data Entry|Crystal Reports,5,356112.0,0.98,115.6,4.82,5,Elite,Critical Risk,5,0,1.392,15,5
932,2025,Operations Analyst,Mid,Education,India,Copy-Paste Reporting|Legacy VBA|Statistics|Deep Learning|MLOps,5,151191.0,0.98,108.8,5.7,2,Mid,Critical Risk,5,0,1.017,16,2
933,2023,IT Support Specialist,Lead,Media,Canada,Airflow|Python|Manual Testing,3,152905.0,0.836,116.6,6.77,4,Mid,Critical Risk,3,0,0.665,14,4
934,2019,AI Engineer,Mid,Government,Canada,Machine Learning|Spark/PySpark|Vector Databases,3,213505.0,0.05,113.5,9.1,2,High,Low Risk,3,1,1.436,0,2
935,2020,Data Engineer,Lead,Retail,USA,MS Access|Manual Testing|Tableau|MLOps,4,248799.0,0.905,102.9,5.4,4,Elite,Critical Risk,4,0,1.082,7,4
936,2021,HR Analyst,Entry,Media,Singapore,Cold Calling|Python|Airflow|Copy-Paste Reporting|MS Access,5,67506.0,0.98,106.5,4.54,1,Low,Critical Risk,5,0,0.616,13,1
937,2020,SQL Developer,Principal,Tech,Canada,Manual Testing|Copy-Paste Reporting|SQL|A/B Testing,4,189076.0,0.98,99.6,4.8,5,High,Critical Risk,4,0,0.739,20,5
938,2022,HR Analyst,Entry,Finance,UAE,dbt|Machine Learning|Data Entry,3,80672.0,0.98,134.2,6.5,1,Low,Critical Risk,3,0,0.737,13,1
939,2020,Data Engineer,Entry,Healthcare,Brazil,Airflow|A/B Testing|Deep Learning|Power BI,4,150612.0,0.05,111.7,8.28,1,Mid,Low Risk,4,1,1.375,7,1
940,2021,BI Developer,Mid,Retail,Singapore,Manual Testing|Airflow|Prompt Engineering|Excel (Basic),4,130993.0,0.922,103.3,5.98,2,Low,Critical Risk,4,0,0.881,2,2
941,2024,SQL Developer,Senior,Consulting,UK,SQL|LLMs/GenAI|Statistics|Tableau|Power BI,5,211399.0,0.11,110.0,8.02,3,High,Low Risk,5,1,1.087,20,3
942,2024,QA Engineer,Mid,Consulting,USA,Power BI|Deep Learning|Cold Calling|Prompt Engineering|Manual Testing|R,6,159474.0,0.98,101.2,6.25,2,Mid,Critical Risk,6,0,1.072,18,2
943,2024,BI Developer,Senior,Government,UAE,Tableau|Prompt Engineering|SQL|R|Manual Testing,5,198553.0,0.603,138.8,6.74,3,High,High Risk,5,0,1.021,2,3
944,2021,Data Engineer,Lead,Retail,India,Python|Copy-Paste Reporting|A/B Testing|MS Access,4,245547.0,0.98,113.9,5.08,4,Elite,Critical Risk,4,0,1.067,7,4
945,2022,Software Developer,Lead,Government,Australia,Statistics|Prompt Engineering|Data Entry|Excel (Basic)|Deep Learning|Power BI,6,301074.0,0.877,131.3,6.43,4,Elite,Critical Risk,6,0,1.309,21,4
946,2019,Software Developer,Principal,Healthcare,Canada,Kubernetes|Cold Calling|Basic SEO|MS Access|Vector Databases|A/B Testing,6,289200.0,0.98,108.1,5.38,5,Elite,Critical Risk,6,0,1.131,21,5
947,2024,Operations Analyst,Senior,Tech,Singapore,MS Access|Airflow|Basic SEO|Statistics|Machine Learning|Vector Databases,6,225350.0,0.98,143.0,6.58,3,High,Critical Risk,6,0,1.159,16,3
948,2024,Data Analyst,Mid,Manufacturing,Brazil,Legacy VBA|Spark/PySpark|Kubernetes|Airflow|Manual Testing|Excel (Basic),6,136979.0,0.98,151.8,5.57,2,Mid,Critical Risk,6,0,0.921,6,2
949,2025,BI Developer,Entry,Finance,UK,SQL|Crystal Reports|Excel (Basic)|Deep Learning|A/B Testing|dbt,6,131752.0,0.907,161.6,6.38,1,Low,Critical Risk,6,0,1.203,2,1
950,2020,QA Engineer,Senior,Manufacturing,Netherlands,Excel (Basic)|Prompt Engineering|MS Access|Power BI|COBOL|Deep Learning,6,190358.0,0.98,95.4,5.52,3,High,Critical Risk,6,0,0.979,18,3
951,2023,DevOps Engineer,Mid,Manufacturing,Canada,Crystal Reports|Prompt Engineering|Python|LLMs/GenAI|Statistics|COBOL,6,215608.0,0.625,106.4,6.45,2,High,High Risk,6,0,1.45,9,2
952,2025,Operations Analyst,Lead,Media,Singapore,MS Access|Power BI|LLMs/GenAI|Vector Databases|Crystal Reports,5,240848.0,0.98,117.5,6.14,4,High,Critical Risk,5,0,1.047,16,4
953,2022,BI Developer,Principal,Finance,UAE,LLMs/GenAI|dbt|Machine Learning|MS Access,4,298270.0,0.418,117.4,7.5,5,Elite,Moderate Risk,4,0,1.166,2,5
954,2025,SQL Developer,Senior,Government,UAE,Copy-Paste Reporting|Data Entry|LLMs/GenAI,3,162430.0,0.98,89.2,4.1,3,Mid,Critical Risk,3,0,0.835,20,3
955,2019,Software Developer,Entry,Manufacturing,UK,Python|Excel (Basic)|Airflow|Statistics|Legacy VBA,5,107363.0,0.89,102.0,6.08,1,Low,Critical Risk,5,0,0.98,21,1
956,2019,Business Analyst,Senior,Tech,Brazil,Cloud (AWS/GCP)|dbt|A/B Testing,3,160960.0,0.05,95.6,8.47,3,Mid,Low Risk,3,1,0.828,3,3
957,2022,Accountant,Principal,Manufacturing,UAE,Cold Calling|MLOps|Manual Testing|Power BI|Basic SEO|Vector Databases,6,245516.0,0.98,123.3,5.62,5,Elite,Critical Risk,6,0,0.96,1,5
958,2021,Cloud Architect,Mid,Education,Singapore,Manual Testing|Machine Learning|Vector Databases|MLOps|Cloud (AWS/GCP)|Python,6,266891.0,0.05,110.2,8.1,2,Elite,Low Risk,6,1,1.794,4,2
959,2024,Software Developer,Mid,Tech,Brazil,Copy-Paste Reporting|A/B Testing|Kubernetes,3,153969.0,0.98,152.9,5.67,2,Mid,Critical Risk,3,0,1.035,21,2
960,2025,Excel Analyst,Senior,Consulting,Brazil,A/B Testing|Power BI|Legacy VBA|dbt|Python|Data Entry,6,166343.0,0.98,138.5,6.15,3,Mid,Critical Risk,6,0,0.855,11,3
961,2025,Cloud Architect,Entry,Education,USA,Legacy VBA|Tableau|Airflow|Manual Testing|Statistics,5,140608.0,0.98,133.0,5.62,1,Mid,Critical Risk,5,0,1.284,4,1
962,2023,Data Scientist,Senior,Government,UAE,MS Access|SQL|Prompt Engineering,3,202488.0,0.398,129.8,6.33,3,High,Moderate Risk,3,0,1.041,8,3
963,2024,Data Engineer,Principal,Energy,Netherlands,Spark/PySpark|Statistics|COBOL,3,309218.0,0.537,112.4,5.77,5,Elite,High Risk,3,0,1.209,7,5
964,2025,Supply Chain Analyst,Principal,Consulting,India,Cloud (AWS/GCP)|Statistics|Legacy VBA|R|Airflow|MS Access,6,269979.0,0.98,114.0,5.9,5,Elite,Critical Risk,6,0,1.056,23,5
965,2025,Supply Chain Analyst,Entry,Finance,Singapore,LLMs/GenAI|MLOps|SQL,3,121141.0,0.05,160.5,8.77,1,Low,Low Risk,3,1,1.106,23,1
966,2020,Product Manager,Senior,Consulting,UK,R|Data Entry|MS Access|Statistics,4,198186.0,0.98,111.5,4.4,3,High,Critical Risk,4,0,1.019,17,3
967,2024,Cloud Architect,Mid,Energy,Brazil,Data Entry|MLOps|SQL,3,192062.0,0.734,155.3,6.0,2,High,High Risk,3,0,1.291,4,2
968,2024,Product Manager,Lead,Media,Singapore,Airflow|Kubernetes|Cloud (AWS/GCP)|Prompt Engineering,4,330935.0,0.05,116.0,8.68,4,Elite,Low Risk,4,1,1.439,17,4
969,2019,Cloud Architect,Principal,Retail,UK,Spark/PySpark|Copy-Paste Reporting|MLOps|SQL|Excel (Basic),5,341614.0,0.98,97.9,5.94,5,Elite,Critical Risk,5,0,1.336,4,5
970,2021,Business Analyst,Principal,Media,Canada,Power BI|MLOps|Cold Calling|Vector Databases|Legacy VBA|Spark/PySpark,6,278794.0,0.98,120.7,6.43,5,Elite,Critical Risk,6,0,1.09,3,5
971,2023,Financial Analyst,Mid,Finance,Singapore,R|Copy-Paste Reporting|Tableau,3,103473.0,0.98,117.0,5.03,2,Low,Critical Risk,3,0,0.696,12,2
972,2025,AI Engineer,Mid,Consulting,UAE,Manual Testing|Prompt Engineering|Spark/PySpark|MS Access,4,219989.0,0.861,161.2,5.75,2,High,Critical Risk,4,0,1.479,0,2
973,2025,Operations Analyst,Entry,Energy,Australia,A/B Testing|Crystal Reports|Cloud (AWS/GCP)|Kubernetes|Copy-Paste Reporting,5,108228.0,0.98,154.9,5.56,1,Low,Critical Risk,5,0,0.988,16,1
974,2022,HR Analyst,Mid,Consulting,Germany,Machine Learning|COBOL|MLOps|Spark/PySpark|Crystal Reports|dbt,6,169341.0,0.863,135.2,6.45,2,Mid,Critical Risk,6,0,1.139,13,2
975,2025,Excel Analyst,Entry,Healthcare,UAE,Prompt Engineering|Basic SEO|Legacy VBA|LLMs/GenAI|Python|R,6,116326.0,0.98,106.0,6.63,1,Low,Critical Risk,6,0,1.062,11,1
976,2022,Supply Chain Analyst,Lead,Education,Singapore,Deep Learning|A/B Testing|MS Access|Prompt Engineering|Cold Calling|Crystal Reports,6,230370.0,0.98,134.8,5.38,4,High,Critical Risk,6,0,1.001,23,4
977,2024,SEO Specialist,Lead,Finance,India,Cold Calling|COBOL|Excel (Basic)|Copy-Paste Reporting|Machine Learning,5,164828.0,0.98,156.8,3.44,4,Mid,Critical Risk,5,0,0.717,19,4
978,2024,AI Engineer,Lead,Healthcare,Brazil,Tableau|Crystal Reports|Statistics|Prompt Engineering,4,323803.0,0.398,159.6,6.52,4,Elite,Moderate Risk,4,0,1.408,0,4
979,2020,SQL Developer,Mid,Tech,Australia,Legacy VBA|COBOL|Copy-Paste Reporting,3,87917.0,0.98,95.5,1.4,2,Low,Critical Risk,3,0,0.591,20,2
980,2022,Supply Chain Analyst,Mid,Tech,UK,Statistics|LLMs/GenAI|Machine Learning|Cloud (AWS/GCP)|A/B Testing,5,186977.0,0.05,123.5,8.72,2,High,Low Risk,5,1,1.257,23,2
981,2023,QA Engineer,Mid,Government,Canada,Cloud (AWS/GCP)|Airflow|SQL,3,143582.0,0.356,110.7,8.27,2,Mid,Moderate Risk,3,0,0.965,18,2
982,2024,Accountant,Mid,Government,UK,Copy-Paste Reporting|Basic SEO|Data Entry|SQL|Kubernetes|COBOL,6,110984.0,0.98,136.9,3.72,2,Low,Critical Risk,6,0,0.746,1,2
983,2021,Data Analyst,Entry,Finance,UK,Statistics|Data Entry|Legacy VBA,3,66182.0,0.98,121.2,3.63,1,Low,Critical Risk,3,0,0.604,6,1
984,2020,Data Analyst,Principal,Energy,Brazil,Kubernetes|Crystal Reports|MS Access|Cloud (AWS/GCP)|Excel (Basic)|LLMs/GenAI,6,262140.0,0.98,109.7,5.73,5,Elite,Critical Risk,6,0,1.025,6,5
985,2024,Operations Analyst,Lead,Manufacturing,Brazil,Cloud (AWS/GCP)|MLOps|Deep Learning|Crystal Reports,4,257792.0,0.601,150.7,7.22,4,Elite,High Risk,4,0,1.121,16,4
986,2025,SEO Specialist,Mid,Government,USA,R|Basic SEO|Copy-Paste Reporting|A/B Testing|Statistics|Deep Learning,6,147311.0,0.98,142.0,5.82,2,Mid,Critical Risk,6,0,0.99,19,2
987,2023,SEO Specialist,Entry,Retail,UK,Copy-Paste Reporting|Manual Testing|Crystal Reports|LLMs/GenAI,4,81165.0,0.98,104.1,3.85,1,Low,Critical Risk,4,0,0.741,19,1
988,2022,Cloud Architect,Entry,Tech,India,Data Entry|LLMs/GenAI|Deep Learning|R,4,162238.0,0.469,108.4,6.72,1,Mid,Moderate Risk,4,0,1.481,4,1
989,2025,Business Analyst,Entry,Finance,Netherlands,Vector Databases|R|LLMs/GenAI|Power BI|Legacy VBA,5,129884.0,0.532,113.8,7.04,1,Low,High Risk,5,0,1.186,3,1
990,2021,Business Analyst,Principal,Manufacturing,Netherlands,Spark/PySpark|Excel (Basic)|Statistics|Crystal Reports|MLOps|A/B Testing,6,272143.0,0.725,123.6,6.38,5,Elite,High Risk,6,0,1.064,3,5
991,2021,Accountant,Principal,Media,Canada,Legacy VBA|Basic SEO|Machine Learning,3,169988.0,0.98,101.9,4.83,5,Mid,Critical Risk,3,0,0.665,1,5
992,2020,Data Engineer,Senior,Retail,India,Excel (Basic)|Vector Databases|Kubernetes|Spark/PySpark,4,253783.0,0.172,109.8,7.35,3,Elite,Low Risk,4,1,1.305,7,3
993,2022,Data Scientist,Principal,Manufacturing,Germany,Data Entry|LLMs/GenAI|SQL|Tableau|Deep Learning|Kubernetes,6,402026.0,0.34,129.0,7.27,5,Elite,Moderate Risk,6,1,1.572,8,5
994,2024,Data Engineer,Principal,Retail,UK,Data Entry|Crystal Reports|dbt|Vector Databases|Excel (Basic),5,323986.0,0.98,149.2,4.88,5,Elite,Critical Risk,5,0,1.267,7,5
995,2025,Content Strategist,Principal,Healthcare,Singapore,MLOps|COBOL|Power BI|SQL,4,223082.0,0.639,105.3,6.38,5,High,High Risk,4,0,0.872,5,5
996,2023,Excel Analyst,Entry,Manufacturing,UK,Legacy VBA|R|Power BI,3,56662.0,0.98,91.1,5.43,1,Low,Critical Risk,3,0,0.517,11,1
997,2024,Data Scientist,Senior,Education,Germany,Copy-Paste Reporting|COBOL|Airflow|Kubernetes,4,207873.0,0.98,118.1,4.65,3,High,Critical Risk,4,0,1.069,8,3
998,2022,Excel Analyst,Lead,Finance,UK,A/B Testing|MS Access|Prompt Engineering|Excel (Basic),4,161304.0,0.98,114.6,5.72,4,Mid,Critical Risk,4,0,0.701,11,4
999,2022,Machine Learning Engineer,Principal,Education,Brazil,R|Kubernetes|Manual Testing|Cloud (AWS/GCP)|Machine Learning,5,399655.0,0.157,112.4,7.18,5,Elite,Low Risk,5,1,1.563,15,5
1000,2025,Software Developer,Mid,Education,Netherlands,Statistics|Excel (Basic)|Spark/PySpark|Kubernetes|Python|Legacy VBA,6,195616.0,0.85,142.0,6.48,2,High,Critical Risk,6,0,1.315,21,2
1001,2020,Supply Chain Analyst,Mid,Healthcare,Singapore,Machine Learning|MS Access|Data Entry|Vector Databases|Crystal Reports,5,116023.0,0.98,107.7,4.82,2,Low,Critical Risk,5,0,0.78,23,2
1002,2024,Accountant,Lead,Consulting,India,Vector Databases|COBOL|Tableau|A/B Testing|Prompt Engineering|Kubernetes,6,280591.0,0.572,151.0,7.2,4,Elite,High Risk,6,0,1.22,1,4
1003,2023,Operations Analyst,Mid,Manufacturing,UK,Power BI|Cold Calling|MLOps|Copy-Paste Reporting|Deep Learning,5,148730.0,0.98,138.8,5.78,2,Mid,Critical Risk,5,0,1.0,16,2
1004,2019,Product Manager,Mid,Finance,India,Deep Learning|MS Access|Prompt Engineering,3,162644.0,0.317,106.6,6.87,2,Mid,Moderate Risk,3,0,1.094,17,2
1005,2022,Data Analyst,Lead,Media,India,Statistics|A/B Testing|Legacy VBA|COBOL|R|Crystal Reports,6,171852.0,0.98,106.8,4.47,4,Mid,Critical Risk,6,0,0.747,6,4
1006,2019,Accountant,Mid,Tech,Singapore,Airflow|MS Access|Legacy VBA|Basic SEO|A/B Testing,5,103191.0,0.98,85.8,4.68,2,Low,Critical Risk,5,0,0.694,1,2
1007,2019,Accountant,Lead,Healthcare,Netherlands,LLMs/GenAI|Deep Learning|Vector Databases|Basic SEO,4,229469.0,0.627,106.0,7.75,4,High,High Risk,4,0,0.998,1,4
1008,2021,Business Analyst,Lead,Consulting,Singapore,Vector Databases|Cloud (AWS/GCP)|MLOps|Legacy VBA,4,231230.0,0.468,114.8,7.28,4,High,Moderate Risk,4,0,1.005,3,4
1009,2023,Machine Learning Engineer,Senior,Manufacturing,UAE,Kubernetes|dbt|Python|MS Access|Data Entry,5,259491.0,0.98,131.7,5.9,3,Elite,Critical Risk,5,0,1.334,15,3
1010,2020,AI Engineer,Principal,Tech,UAE,Machine Learning|Vector Databases|Python|Manual Testing|Tableau|MLOps,6,453348.0,0.05,105.2,7.87,5,Elite,Low Risk,6,1,1.772,0,5
1011,2019,Data Analyst,Senior,Healthcare,Singapore,Python|Cloud (AWS/GCP)|Power BI|Statistics|dbt,5,178658.0,0.05,102.3,8.38,3,Mid,Low Risk,5,1,0.919,6,3
1012,2023,Data Engineer,Lead,Finance,UAE,Spark/PySpark|Cold Calling|Legacy VBA,3,234641.0,0.98,120.2,4.23,4,High,Critical Risk,3,0,1.02,7,4
1013,2022,Software Developer,Senior,Manufacturing,Australia,LLMs/GenAI|R|COBOL|Kubernetes|Cloud (AWS/GCP)|Tableau,6,271498.0,0.2,120.9,7.03,3,Elite,Low Risk,6,1,1.396,21,3
1014,2022,BI Developer,Mid,Education,Singapore,Vector Databases|Copy-Paste Reporting|Crystal Reports,3,114529.0,0.98,112.7,3.97,2,Low,Critical Risk,3,0,0.77,2,2
1015,2020,AI Engineer,Entry,Healthcare,Singapore,MS Access|MLOps|Machine Learning|LLMs/GenAI|Legacy VBA|dbt,6,181951.0,0.532,115.1,6.83,1,Mid,High Risk,6,0,1.661,0,1
1016,2024,Statistician,Entry,Government,UAE,COBOL|Legacy VBA|Crystal Reports|Spark/PySpark|MLOps|SQL,6,112937.0,0.98,133.4,5.03,1,Low,Critical Risk,6,0,1.031,22,1
1017,2024,Software Developer,Mid,Finance,UK,Spark/PySpark|Vector Databases|A/B Testing,3,182127.0,0.05,103.8,8.57,2,Mid,Low Risk,3,1,1.225,21,2
1018,2024,Excel Analyst,Entry,Education,Singapore,Power BI|Statistics|Prompt Engineering,3,79984.0,0.466,95.2,8.17,1,Low,Moderate Risk,3,0,0.73,11,1
1019,2019,QA Engineer,Mid,Energy,India,Airflow|Kubernetes|Cold Calling|Cloud (AWS/GCP),4,145674.0,0.894,97.2,6.85,2,Mid,Critical Risk,4,0,0.979,18,2
1020,2024,Excel Analyst,Lead,Retail,UAE,Crystal Reports|MS Access|A/B Testing,3,127443.0,0.98,113.6,3.97,4,Low,Critical Risk,3,0,0.554,11,4
1021,2020,Financial Analyst,Mid,Retail,UK,SQL|Machine Learning|Kubernetes|dbt,4,152262.0,0.05,110.8,8.4,2,Mid,Low Risk,4,1,1.024,12,2
1022,2022,Data Analyst,Principal,Retail,UK,SQL|Power BI|A/B Testing,3,194723.0,0.19,116.8,7.73,5,High,Low Risk,3,1,0.761,6,5
1023,2024,Excel Analyst,Mid,Education,Singapore,Machine Learning|A/B Testing|Power BI|Data Entry|Copy-Paste Reporting|Prompt Engineering,6,150524.0,0.98,91.6,6.17,2,Mid,Critical Risk,6,0,1.012,11,2
1024,2021,Statistician,Senior,Government,Canada,Machine Learning|LLMs/GenAI|Python|Legacy VBA|MS Access,5,228006.0,0.742,118.9,6.54,3,High,High Risk,5,0,1.172,22,3
1025,2021,Digital Marketer,Senior,Energy,UK,LLMs/GenAI|Kubernetes|Statistics|Vector Databases|MLOps|Prompt Engineering,6,263091.0,0.05,102.6,8.78,3,Elite,Low Risk,6,1,1.353,10,3
1026,2024,Data Analyst,Principal,Healthcare,Australia,MS Access|COBOL|Vector Databases|Cold Calling|Excel (Basic),5,211590.0,0.98,139.2,3.6,5,High,Critical Risk,5,0,0.827,6,5
1027,2021,Excel Analyst,Senior,Retail,Brazil,Deep Learning|Cloud (AWS/GCP)|Spark/PySpark|Data Entry|MS Access|Manual Testing,6,178620.0,0.98,102.4,5.55,3,Mid,Critical Risk,6,0,0.918,11,3
1028,2023,HR Analyst,Mid,Retail,UAE,Deep Learning|R|Manual Testing,3,110701.0,0.681,116.1,6.13,2,Low,High Risk,3,0,0.744,13,2
1029,2024,Digital Marketer,Mid,Media,India,Spark/PySpark|dbt|Power BI,3,121695.0,0.314,137.2,8.33,2,Low,Moderate Risk,3,1,0.818,10,2
1030,2021,SEO Specialist,Senior,Education,UAE,Power BI|Deep Learning|Statistics,3,153514.0,0.271,113.1,8.1,3,Mid,Moderate Risk,3,1,0.789,19,3
1031,2023,Data Analyst,Mid,Energy,Germany,Prompt Engineering|Machine Learning|Excel (Basic)|COBOL,4,126210.0,0.753,146.4,5.88,2,Low,Critical Risk,4,0,0.849,6,2
1032,2020,Product Manager,Lead,Consulting,Netherlands,LLMs/GenAI|Tableau|Cold Calling,3,247559.0,0.559,113.5,6.47,4,Elite,High Risk,3,0,1.076,17,4
1033,2023,Software Developer,Lead,Energy,Germany,LLMs/GenAI|Python|Excel (Basic)|dbt,4,295058.0,0.178,131.0,7.75,4,Elite,Low Risk,4,1,1.283,21,4
1034,2019,Content Strategist,Lead,Media,Netherlands,Prompt Engineering|Copy-Paste Reporting|Airflow|Crystal Reports|Kubernetes,5,183474.0,0.98,104.3,5.7,4,Mid,Critical Risk,5,0,0.798,5,4
1035,2020,Excel Analyst,Entry,Media,Canada,Machine Learning|Data Entry|Spark/PySpark|Kubernetes|Copy-Paste Reporting,5,102034.0,0.98,101.3,5.76,1,Low,Critical Risk,5,0,0.932,11,1
1036,2024,Excel Analyst,Mid,Media,UK,Data Entry|Vector Databases|Manual Testing,3,92932.0,0.98,136.5,4.47,2,Low,Critical Risk,3,0,0.625,11,2
1037,2021,Data Scientist,Principal,Manufacturing,India,Manual Testing|Prompt Engineering|MLOps|Machine Learning|Data Entry|Python,6,378363.0,0.624,114.7,6.88,5,Elite,High Risk,6,0,1.479,8,5
1038,2020,Product Manager,Senior,Healthcare,Germany,R|Legacy VBA|Copy-Paste Reporting,3,161815.0,0.98,103.7,3.17,3,Mid,Critical Risk,3,0,0.832,17,3
1039,2025,Financial Analyst,Entry,Government,Germany,Basic SEO|Tableau|Airflow|MLOps,4,113207.0,0.748,127.2,6.98,1,Low,High Risk,4,0,1.034,12,1
1040,2023,HR Analyst,Lead,Healthcare,UAE,MS Access|Power BI|Vector Databases|Spark/PySpark,4,194001.0,0.731,152.4,6.95,4,High,High Risk,4,0,0.843,13,4
1041,2019,Digital Marketer,Mid,Consulting,India,dbt|Excel (Basic)|Statistics|MS Access,4,91582.0,0.98,102.5,5.4,2,Low,Critical Risk,4,0,0.616,10,2
1042,2021,Data Analyst,Senior,Healthcare,India,Legacy VBA|Manual Testing|dbt|Deep Learning|Spark/PySpark|Cold Calling,6,184532.0,0.98,116.2,5.52,3,High,Critical Risk,6,0,0.949,6,3
1043,2022,HR Analyst,Lead,Finance,Netherlands,MS Access|Cold Calling|COBOL|Python,4,133750.0,0.98,124.5,3.65,4,Low,Critical Risk,4,0,0.581,13,4
1044,2022,Software Developer,Entry,Finance,USA,Spark/PySpark|Airflow|Cold Calling,3,110011.0,0.772,108.3,6.33,1,Low,Critical Risk,3,0,1.005,21,1
1045,2020,HR Analyst,Principal,Tech,USA,R|MS Access|Basic SEO,3,126951.0,0.98,105.6,3.9,5,Low,Critical Risk,3,0,0.496,13,5
1046,2024,Data Scientist,Mid,Healthcare,UAE,Basic SEO|LLMs/GenAI|Prompt Engineering|MLOps|Statistics|Spark/PySpark,6,246902.0,0.074,117.1,7.87,2,Elite,Low Risk,6,1,1.66,8,2
1047,2023,Operations Analyst,Senior,Media,UK,Basic SEO|Machine Learning|Cloud (AWS/GCP),3,174682.0,0.682,134.0,7.17,3,Mid,High Risk,3,0,0.898,16,3
1048,2019,Content Strategist,Lead,Healthcare,USA,Python|Airflow|Power BI|SQL,4,161413.0,0.087,97.0,8.2,4,Mid,Low Risk,4,1,0.702,5,4
1049,2024,AI Engineer,Mid,Government,UK,LLMs/GenAI|Cloud (AWS/GCP)|Airflow|Basic SEO|Prompt Engineering|Vector Databases,6,289598.0,0.05,110.3,8.08,2,Elite,Low Risk,6,1,1.947,0,2
1050,2021,Machine Learning Engineer,Senior,Finance,USA,LLMs/GenAI|Power BI|A/B Testing|MLOps,4,284454.0,0.05,111.5,8.62,3,Elite,Low Risk,4,1,1.463,15,3
1051,2024,QA Engineer,Mid,Manufacturing,Brazil,Vector Databases|Cloud (AWS/GCP)|Kubernetes|Statistics|Legacy VBA,5,180272.0,0.784,88.9,7.12,2,Mid,Critical Risk,5,0,1.212,18,2
1052,2021,Operations Analyst,Entry,Tech,India,MLOps|Spark/PySpark|SQL|Tableau,4,103257.0,0.05,110.3,8.2,1,Low,Low Risk,4,1,0.943,16,1
1053,2025,Digital Marketer,Entry,Finance,Brazil,MS Access|Kubernetes|Spark/PySpark|Deep Learning|MLOps|COBOL,6,131812.0,0.903,129.6,6.38,1,Low,Critical Risk,6,0,1.204,10,1
1054,2022,DevOps Engineer,Senior,Consulting,Singapore,Crystal Reports|Power BI|Manual Testing|Data Entry|MLOps|Spark/PySpark,6,238442.0,0.98,132.3,5.27,3,High,Critical Risk,6,0,1.226,9,3
1055,2024,Excel Analyst,Lead,Government,Netherlands,R|Copy-Paste Reporting|Statistics|Basic SEO|Cold Calling|Airflow,6,157257.0,0.98,98.5,4.7,4,Mid,Critical Risk,6,0,0.684,11,4
1056,2023,Operations Analyst,Lead,Media,Brazil,Crystal Reports|Deep Learning|Airflow|Vector Databases,4,223973.0,0.588,108.9,7.08,4,High,High Risk,4,0,0.974,16,4
1057,2025,Data Analyst,Senior,Media,UAE,Cloud (AWS/GCP)|Machine Learning|Vector Databases|Copy-Paste Reporting,4,210311.0,0.848,158.2,7.15,3,High,Critical Risk,4,0,1.081,6,3
1058,2025,Data Engineer,Senior,Consulting,India,Airflow|dbt|Copy-Paste Reporting|Machine Learning|MS Access|Spark/PySpark,6,294566.0,0.98,122.9,6.37,3,Elite,Critical Risk,6,0,1.515,7,3
1059,2024,Operations Analyst,Mid,Government,USA,Vector Databases|Machine Learning|Crystal Reports|Cloud (AWS/GCP)|Legacy VBA|Excel (Basic),6,156988.0,0.98,106.4,5.82,2,Mid,Critical Risk,6,0,1.056,16,2
1060,2025,Accountant,Mid,Tech,India,Spark/PySpark|Deep Learning|Airflow|Python|Excel (Basic),5,169992.0,0.539,164.4,7.76,2,Mid,High Risk,5,0,1.143,1,2
1061,2022,Data Engineer,Mid,Consulting,India,Statistics|Power BI|MS Access|MLOps|Tableau,5,192479.0,0.431,123.9,6.8,2,High,Moderate Risk,5,0,1.294,7,2
1062,2024,Data Analyst,Senior,Finance,India,Data Entry|Machine Learning|Manual Testing,3,141671.0,0.98,154.2,4.6,3,Mid,Critical Risk,3,0,0.728,6,3
1063,2023,BI Developer,Entry,Government,Singapore,R|Crystal Reports|Kubernetes|Excel (Basic)|A/B Testing|Prompt Engineering,6,115703.0,0.947,140.8,6.18,1,Low,Critical Risk,6,0,1.057,2,1
1064,2022,BI Developer,Senior,Finance,Netherlands,Spark/PySpark|MS Access|dbt|SQL|Manual Testing|Machine Learning,6,225760.0,0.933,116.1,6.53,3,High,Critical Risk,6,0,1.161,2,3
1065,2020,Product Manager,Principal,Energy,UK,Statistics|MLOps|Data Entry|COBOL|SQL|MS Access,6,310298.0,0.98,96.0,4.8,5,Elite,Critical Risk,6,0,1.213,17,5
1066,2025,DevOps Engineer,Lead,Retail,Germany,Cloud (AWS/GCP)|Deep Learning|Vector Databases,3,323927.0,0.05,138.8,9.07,4,Elite,Low Risk,3,1,1.408,9,4
1067,2025,Cloud Architect,Entry,Retail,Germany,R|Cloud (AWS/GCP)|Deep Learning|dbt,4,180988.0,0.05,148.8,8.28,1,Mid,Low Risk,4,1,1.653,4,1
1068,2025,AI Engineer,Mid,Media,Canada,Airflow|Kubernetes|Deep Learning,3,239027.0,0.05,177.0,8.5,2,High,Low Risk,3,1,1.607,0,2
1069,2023,Business Analyst,Principal,Consulting,USA,MLOps|Deep Learning|Prompt Engineering,3,288278.0,0.05,104.5,9.13,5,Elite,Low Risk,3,1,1.127,3,5
1070,2021,AI Engineer,Lead,Media,Canada,Cold Calling|SQL|MS Access|Vector Databases|Spark/PySpark,5,323140.0,0.977,120.3,5.9,4,Elite,Critical Risk,5,0,1.405,0,4
1071,2019,Cloud Architect,Lead,Media,UK,Python|Excel (Basic)|COBOL|SQL,4,270967.0,0.585,108.3,5.35,4,Elite,High Risk,4,0,1.178,4,4
1072,2025,Business Analyst,Senior,Healthcare,India,Deep Learning|Data Entry|Copy-Paste Reporting|Crystal Reports|Airflow|dbt,6,205703.0,0.98,169.4,5.03,3,High,Critical Risk,6,0,1.058,3,3
1073,2024,Data Engineer,Mid,Media,Netherlands,Tableau|COBOL|Spark/PySpark|MLOps|Prompt Engineering,5,213904.0,0.149,124.3,7.16,2,High,Low Risk,5,1,1.438,7,2
1074,2025,QA Engineer,Entry,Government,Canada,Manual Testing|Deep Learning|Spark/PySpark|Excel (Basic),4,118319.0,0.98,123.5,6.02,1,Low,Critical Risk,4,0,1.08,18,1
1075,2022,Machine Learning Engineer,Entry,Healthcare,Germany,Statistics|Cloud (AWS/GCP)|Tableau,3,149962.0,0.05,116.8,8.0,1,Mid,Low Risk,3,1,1.369,15,1
1076,2021,BI Developer,Entry,Manufacturing,Brazil,Vector Databases|Deep Learning|LLMs/GenAI|Crystal Reports|Cold Calling,5,125391.0,0.98,119.5,6.36,1,Low,Critical Risk,5,0,1.145,2,1
1077,2022,Statistician,Lead,Healthcare,UK,Machine Learning|Vector Databases|Prompt Engineering|SQL|Power BI|Manual Testing,6,297156.0,0.084,131.4,7.67,4,Elite,Low Risk,6,1,1.292,22,4
1078,2020,IT Support Specialist,Senior,Media,Brazil,Vector Databases|Deep Learning|Legacy VBA|Power BI|A/B Testing,5,159764.0,0.733,111.1,7.18,3,Mid,High Risk,5,0,0.821,14,3
1079,2024,Business Analyst,Principal,Tech,Canada,Spark/PySpark|Copy-Paste Reporting|Cloud (AWS/GCP),3,230522.0,0.98,129.6,6.23,5,High,Critical Risk,3,0,0.901,3,5
1080,2020,Financial Analyst,Lead,Finance,Canada,Copy-Paste Reporting|Tableau|Legacy VBA|Deep Learning|Vector Databases|Basic SEO,6,218533.0,0.98,111.4,5.3,4,High,Critical Risk,6,0,0.95,12,4
1081,2023,IT Support Specialist,Entry,Finance,India,SQL|Cold Calling|Power BI,3,59462.0,0.98,87.6,5.77,1,Low,Critical Risk,3,0,0.543,14,1
1082,2021,Data Scientist,Senior,Education,Brazil,dbt|Crystal Reports|MS Access|Statistics|Cloud (AWS/GCP)|Kubernetes,6,248946.0,0.875,117.0,6.17,3,Elite,Critical Risk,6,0,1.28,8,3
1083,2023,Data Engineer,Lead,Healthcare,Canada,Excel (Basic)|Machine Learning|Manual Testing|Cold Calling|SQL,5,268186.0,0.98,111.6,5.06,4,Elite,Critical Risk,5,0,1.166,7,4
1084,2025,DevOps Engineer,Lead,Consulting,Canada,dbt|Copy-Paste Reporting|Python,3,254520.0,0.978,170.6,6.23,4,Elite,Critical Risk,3,0,1.106,9,4
1085,2024,QA Engineer,Senior,Manufacturing,India,Spark/PySpark|Deep Learning|Kubernetes,3,221105.0,0.287,107.1,8.63,3,High,Moderate Risk,3,1,1.137,18,3
1086,2021,Operations Analyst,Lead,Government,Netherlands,Legacy VBA|Kubernetes|LLMs/GenAI|Basic SEO,4,200922.0,0.98,101.5,5.72,4,High,Critical Risk,4,0,0.873,16,4
1087,2022,Cloud Architect,Senior,Healthcare,Canada,Power BI|Statistics|R|Crystal Reports|COBOL,5,244207.0,0.98,109.6,4.94,3,High,Critical Risk,5,0,1.256,4,3
1088,2024,QA Engineer,Senior,Energy,Singapore,R|COBOL|Manual Testing,3,136242.0,0.98,100.8,3.5,3,Mid,Critical Risk,3,0,0.701,18,3
1089,2024,Supply Chain Analyst,Principal,Energy,India,Legacy VBA|Basic SEO|MS Access|MLOps|Python,5,244302.0,0.98,113.1,5.08,5,High,Critical Risk,5,0,0.955,23,5
1090,2022,Data Engineer,Lead,Education,UK,Kubernetes|A/B Testing|MS Access|Python|Tableau|Spark/PySpark,6,332193.0,0.282,128.3,7.28,4,Elite,Moderate Risk,6,1,1.444,7,4
1091,2024,Financial Analyst,Entry,Tech,Canada,Power BI|Crystal Reports|R|Cold Calling,4,80343.0,0.98,122.7,4.53,1,Low,Critical Risk,4,0,0.734,12,1
1092,2022,SQL Developer,Senior,Retail,Canada,Vector Databases|Basic SEO|Python,3,170606.0,0.678,106.8,7.1,3,Mid,High Risk,3,0,0.877,20,3
1093,2021,Content Strategist,Entry,Consulting,UAE,Power BI|Vector Databases|Basic SEO|R|Copy-Paste Reporting|A/B Testing,6,96019.0,0.98,123.9,5.88,1,Low,Critical Risk,6,0,0.877,5,1
1094,2021,Machine Learning Engineer,Mid,Consulting,Singapore,LLMs/GenAI|R|Manual Testing|Power BI|SQL,5,202270.0,0.214,109.9,6.88,2,High,Low Risk,5,0,1.36,15,2
1095,2024,Operations Analyst,Lead,Manufacturing,Brazil,Deep Learning|COBOL|Basic SEO,3,171459.0,0.98,107.4,4.43,4,Mid,Critical Risk,3,0,0.745,16,4
1096,2024,Data Analyst,Principal,Government,UK,MS Access|Cold Calling|Manual Testing|R|Cloud (AWS/GCP)|Data Entry,6,216092.0,0.98,131.1,4.0,5,High,Critical Risk,6,0,0.845,6,5
1097,2023,Business Analyst,Senior,Government,Canada,Cold Calling|Tableau|R|SQL,4,139146.0,0.881,119.7,5.9,3,Mid,Critical Risk,4,0,0.715,3,3
1098,2025,Digital Marketer,Entry,Education,UAE,Basic SEO|Data Entry|Crystal Reports|MS Access|SQL|Python,6,68635.0,0.98,170.1,4.2,1,Low,Critical Risk,6,0,0.627,10,1
1099,2025,Excel Analyst,Principal,Manufacturing,Germany,Prompt Engineering|Basic SEO|COBOL|Power BI|Legacy VBA,5,186474.0,0.98,104.9,4.66,5,High,Critical Risk,5,0,0.729,11,5
1100,2022,Business Analyst,Entry,Tech,India,Basic SEO|A/B Testing|MS Access|Manual Testing|MLOps,5,88394.0,0.98,121.7,4.98,1,Low,Critical Risk,5,0,0.807,3,1
1101,2023,QA Engineer,Mid,Media,Singapore,Manual Testing|Data Entry|SQL|Basic SEO,4,103442.0,0.98,91.1,3.7,2,Low,Critical Risk,4,0,0.696,18,2
1102,2023,QA Engineer,Mid,Government,India,MLOps|A/B Testing|LLMs/GenAI|Power BI|Airflow|Cloud (AWS/GCP),6,208271.0,0.05,121.7,8.63,2,High,Low Risk,6,1,1.4,18,2
1103,2020,Content Strategist,Entry,Energy,Singapore,Basic SEO|R|LLMs/GenAI|MLOps|dbt,5,109900.0,0.476,111.7,7.36,1,Low,Moderate Risk,5,0,1.004,5,1
1104,2019,QA Engineer,Entry,Energy,India,Manual Testing|Crystal Reports|R,3,67873.0,0.98,102.2,3.7,1,Low,Critical Risk,3,0,0.62,18,1
1105,2019,Financial Analyst,Lead,Tech,India,Data Entry|Copy-Paste Reporting|Cold Calling|Vector Databases|LLMs/GenAI|Airflow,6,236730.0,0.98,98.2,5.28,4,High,Critical Risk,6,0,1.029,12,4
1106,2020,AI Engineer,Mid,Media,Canada,Cold Calling|Kubernetes|Legacy VBA|Machine Learning|Basic SEO|Deep Learning,6,226557.0,0.98,106.4,5.62,2,High,Critical Risk,6,0,1.523,0,2
1107,2024,Data Analyst,Principal,Finance,UK,Manual Testing|Cloud (AWS/GCP)|Basic SEO|Spark/PySpark|Prompt Engineering|Kubernetes,6,322521.0,0.98,155.7,6.82,5,Elite,Critical Risk,6,0,1.261,6,5
1108,2019,Data Scientist,Lead,Education,Canada,Cloud (AWS/GCP)|Statistics|COBOL|Python|Power BI|Deep Learning,6,307029.0,0.05,101.3,7.28,4,Elite,Low Risk,6,1,1.335,8,4
1109,2024,Data Scientist,Mid,Government,Singapore,Data Entry|Tableau|COBOL|LLMs/GenAI|Prompt Engineering,5,200706.0,0.949,110.5,5.88,2,High,Critical Risk,5,0,1.349,8,2
1110,2020,Supply Chain Analyst,Principal,Energy,USA,MLOps|Vector Databases|Statistics,3,238748.0,0.05,116.1,8.5,5,High,Low Risk,3,1,0.933,23,5
1111,2023,SEO Specialist,Entry,Healthcare,Netherlands,Cloud (AWS/GCP)|dbt|Manual Testing|Python|R,5,106043.0,0.664,116.9,7.2,1,Low,High Risk,5,0,0.968,19,1
1112,2023,Data Engineer,Mid,Education,UK,Python|MLOps|Spark/PySpark|Airflow,4,218470.0,0.05,104.6,8.8,2,High,Low Risk,4,1,1.469,7,2
1113,2024,Data Engineer,Senior,Manufacturing,UAE,Deep Learning|Vector Databases|Crystal Reports|R,4,252764.0,0.431,145.1,6.62,3,Elite,Moderate Risk,4,0,1.3,7,3
1114,2022,Product Manager,Lead,Government,Netherlands,dbt|Kubernetes|LLMs/GenAI|Copy-Paste Reporting|Legacy VBA|Crystal Reports,6,308906.0,0.98,113.2,5.2,4,Elite,Critical Risk,6,0,1.343,17,4
1115,2022,Machine Learning Engineer,Principal,Energy,Germany,COBOL|dbt|MS Access|Statistics,4,314143.0,0.942,114.2,4.82,5,Elite,Critical Risk,4,0,1.228,15,5
1116,2022,QA Engineer,Principal,Manufacturing,Australia,Manual Testing|SQL|Power BI,3,201642.0,0.946,104.9,6.03,5,High,Critical Risk,3,0,0.788,18,5
1117,2021,DevOps Engineer,Entry,Consulting,India,A/B Testing|Kubernetes|Excel (Basic),3,120732.0,0.366,109.6,6.5,1,Low,Moderate Risk,3,0,1.102,9,1
1118,2023,HR Analyst,Principal,Education,Singapore,Cloud (AWS/GCP)|LLMs/GenAI|COBOL,3,233915.0,0.573,121.3,6.67,5,High,High Risk,3,0,0.915,13,5
1119,2025,BI Developer,Senior,Retail,UK,Legacy VBA|Vector Databases|Spark/PySpark|Cold Calling,4,187643.0,0.98,131.3,5.45,3,High,Critical Risk,4,0,0.965,2,3
1120,2019,Cloud Architect,Entry,Education,Canada,Excel (Basic)|COBOL|MLOps|Airflow|R|Deep Learning,6,152856.0,0.384,95.1,6.27,1,Mid,Moderate Risk,6,0,1.396,4,1
1121,2023,SQL Developer,Principal,Retail,UK,Crystal Reports|Manual Testing|COBOL|Copy-Paste Reporting|Legacy VBA,5,158573.0,0.98,82.0,1.76,5,Mid,Critical Risk,5,0,0.62,20,5
1122,2024,QA Engineer,Lead,Education,Australia,dbt|Machine Learning|COBOL|Statistics,4,230372.0,0.664,119.7,6.65,4,High,High Risk,4,0,1.001,18,4
1123,2021,QA Engineer,Entry,Finance,UAE,Manual Testing|MLOps|Excel (Basic)|SQL,4,89508.0,0.98,100.7,5.7,1,Low,Critical Risk,4,0,0.817,18,1
1124,2019,AI Engineer,Entry,Energy,USA,Prompt Engineering|Spark/PySpark|SQL|Machine Learning|R|A/B Testing,6,179905.0,0.05,94.0,8.23,1,Mid,Low Risk,6,1,1.643,0,1
1125,2024,Data Analyst,Entry,Consulting,UK,MS Access|Prompt Engineering|Kubernetes|MLOps|Vector Databases|SQL,6,148160.0,0.329,105.6,7.53,1,Mid,Moderate Risk,6,1,1.353,6,1
1126,2025,Cloud Architect,Lead,Energy,USA,Prompt Engineering|Crystal Reports|Tableau|Statistics|Data Entry|Cloud (AWS/GCP),6,358509.0,0.98,157.8,6.1,4,Elite,Critical Risk,6,0,1.559,4,4
1127,2023,Machine Learning Engineer,Entry,Retail,USA,Spark/PySpark|Cloud (AWS/GCP)|MLOps,3,168354.0,0.05,153.3,8.9,1,Mid,Low Risk,3,1,1.537,15,1
1128,2024,QA Engineer,Mid,Healthcare,UK,MS Access|COBOL|Vector Databases|Basic SEO,4,129140.0,0.98,135.3,3.88,2,Low,Critical Risk,4,0,0.868,18,2
1129,2019,Operations Analyst,Entry,Manufacturing,USA,Machine Learning|Prompt Engineering|Deep Learning,3,115029.0,0.05,95.9,9.3,1,Low,Low Risk,3,1,1.05,16,1
1130,2024,Accountant,Lead,Manufacturing,India,Excel (Basic)|Tableau|Cloud (AWS/GCP)|Spark/PySpark,4,212256.0,0.761,126.7,7.2,4,High,Critical Risk,4,0,0.923,1,4
1131,2020,Financial Analyst,Lead,Consulting,UK,Excel (Basic)|Statistics|Legacy VBA|Kubernetes,4,170849.0,0.98,104.8,5.25,4,Mid,Critical Risk,4,0,0.743,12,4
1132,2024,Digital Marketer,Mid,Finance,Germany,Crystal Reports|Deep Learning|Vector Databases|R|Basic SEO,5,139121.0,0.98,146.7,5.9,2,Mid,Critical Risk,5,0,0.935,10,2
1133,2024,HR Analyst,Mid,Finance,UK,Machine Learning|dbt|Python|Legacy VBA|Basic SEO|Tableau,6,152715.0,0.98,162.3,6.63,2,Mid,Critical Risk,6,0,1.027,13,2
1134,2020,Digital Marketer,Entry,Education,Canada,Cold Calling|Prompt Engineering|Crystal Reports|Tableau|Data Entry,5,71778.0,0.98,106.4,4.44,1,Low,Critical Risk,5,0,0.655,10,1
1135,2023,Machine Learning Engineer,Mid,Retail,Australia,Tableau|Manual Testing|A/B Testing|dbt|SQL|Cold Calling,6,200627.0,0.98,112.9,6.05,2,High,Critical Risk,6,0,1.349,15,2
1136,2022,BI Developer,Senior,Energy,UK,Tableau|Cloud (AWS/GCP)|MS Access|Airflow,4,171110.0,0.715,107.1,6.78,3,Mid,High Risk,4,0,0.88,2,3
1137,2022,BI Developer,Senior,Tech,UAE,Vector Databases|Kubernetes|Cloud (AWS/GCP)|R|Deep Learning|Copy-Paste Reporting,6,254630.0,0.806,115.6,7.13,3,Elite,Critical Risk,6,0,1.309,2,3
1138,2020,Software Developer,Principal,Government,Netherlands,Machine Learning|Tableau|Kubernetes|Vector Databases|Cloud (AWS/GCP),5,371597.0,0.05,98.3,8.66,5,Elite,Low Risk,5,1,1.453,21,5
1139,2022,Product Manager,Lead,Retail,Germany,SQL|LLMs/GenAI|Manual Testing|Kubernetes,4,285510.0,0.311,126.1,7.05,4,Elite,Moderate Risk,4,1,1.241,17,4
1140,2022,Content Strategist,Lead,Finance,USA,Cloud (AWS/GCP)|Airflow|Machine Learning|Excel (Basic),4,209320.0,0.316,111.3,7.58,4,High,Moderate Risk,4,1,0.91,5,4
1141,2019,SEO Specialist,Entry,Manufacturing,Canada,SQL|Copy-Paste Reporting|Cloud (AWS/GCP)|Airflow|MS Access|Crystal Reports,6,76088.0,0.98,102.1,4.97,1,Low,Critical Risk,6,0,0.695,19,1
1142,2020,BI Developer,Mid,Education,Germany,MS Access|Python|Cloud (AWS/GCP)|LLMs/GenAI|A/B Testing,5,175316.0,0.282,116.4,7.62,2,Mid,Moderate Risk,5,1,1.179,2,2
1143,2023,Digital Marketer,Senior,Retail,India,Legacy VBA|Deep Learning|LLMs/GenAI|MLOps|Tableau,5,225772.0,0.542,115.9,7.5,3,High,High Risk,5,0,1.161,10,3
1144,2019,Supply Chain Analyst,Lead,Government,Australia,LLMs/GenAI|Kubernetes|Deep Learning,3,239556.0,0.05,106.7,9.0,4,High,Low Risk,3,1,1.041,23,4
1145,2025,Data Analyst,Principal,Education,UAE,Statistics|Copy-Paste Reporting|Airflow,3,203401.0,0.98,151.7,5.57,5,High,Critical Risk,3,0,0.795,6,5
1146,2019,Data Analyst,Principal,Manufacturing,Canada,Cold Calling|Spark/PySpark|Cloud (AWS/GCP)|Prompt Engineering,4,247445.0,0.617,93.6,7.25,5,Elite,High Risk,4,0,0.967,6,5
1147,2021,IT Support Specialist,Lead,Education,Netherlands,Legacy VBA|Statistics|Kubernetes|Vector Databases|Tableau,5,183975.0,0.889,95.0,6.84,4,High,Critical Risk,5,0,0.8,14,4
1148,2021,AI Engineer,Senior,Media,Brazil,Cloud (AWS/GCP)|Kubernetes|Legacy VBA|A/B Testing|MS Access|Data Entry,6,270611.0,0.98,112.4,5.12,3,Elite,Critical Risk,6,0,1.391,0,3
1149,2022,Excel Analyst,Mid,Education,UAE,Airflow|Excel (Basic)|MS Access,3,84102.0,0.98,111.3,4.67,2,Low,Critical Risk,3,0,0.565,11,2
1150,2022,DevOps Engineer,Mid,Finance,Canada,Data Entry|Cloud (AWS/GCP)|Kubernetes|Copy-Paste Reporting|Legacy VBA|R,6,171737.0,0.98,130.9,4.68,2,Mid,Critical Risk,6,0,1.155,9,2
1151,2022,Content Strategist,Mid,Manufacturing,Australia,SQL|Excel (Basic)|Power BI|Kubernetes|Prompt Engineering,5,127686.0,0.347,111.1,7.24,2,Low,Moderate Risk,5,1,0.859,5,2
1152,2023,Content Strategist,Senior,Energy,UK,COBOL|Tableau|Excel (Basic)|Vector Databases|Prompt Engineering|Cloud (AWS/GCP),6,199541.0,0.572,157.0,6.62,3,High,High Risk,6,0,1.026,5,3
1153,2022,Supply Chain Analyst,Mid,Consulting,India,Manual Testing|R|Legacy VBA|LLMs/GenAI|Prompt Engineering,5,148956.0,0.974,120.7,6.08,2,Mid,Critical Risk,5,0,1.002,23,2
1154,2019,AI Engineer,Entry,Consulting,USA,Prompt Engineering|Basic SEO|Excel (Basic)|Cloud (AWS/GCP),4,137766.0,0.681,109.5,6.2,1,Mid,High Risk,4,0,1.258,0,1
1155,2021,Data Analyst,Lead,Education,USA,Kubernetes|Spark/PySpark|Vector Databases,3,217240.0,0.061,122.5,8.63,4,High,Low Risk,3,1,0.944,6,4
1156,2025,Content Strategist,Principal,Healthcare,UK,Spark/PySpark|MS Access|dbt|Power BI|Excel (Basic),5,218946.0,0.98,167.8,6.14,5,High,Critical Risk,5,0,0.856,5,5
1157,2021,Excel Analyst,Entry,Consulting,Australia,COBOL|Legacy VBA|Data Entry|SQL,4,52458.0,0.98,102.0,3.05,1,Low,Critical Risk,4,0,0.479,11,1
1158,2019,Statistician,Senior,Energy,Germany,Excel (Basic)|Power BI|Legacy VBA|MLOps,4,162745.0,0.912,94.7,5.58,3,Mid,Critical Risk,4,0,0.837,22,3
1159,2020,Supply Chain Analyst,Mid,Manufacturing,India,R|dbt|Prompt Engineering|COBOL|Deep Learning|Cold Calling,6,148114.0,0.876,112.6,6.1,2,Mid,Critical Risk,6,0,0.996,23,2
1160,2024,IT Support Specialist,Principal,Healthcare,Singapore,Cloud (AWS/GCP)|Spark/PySpark|A/B Testing|Tableau|Crystal Reports|MLOps,6,281071.0,0.76,117.1,7.33,5,Elite,Critical Risk,6,0,1.099,14,5
1161,2024,Operations Analyst,Senior,Consulting,Australia,Tableau|Power BI|Basic SEO|Copy-Paste Reporting|Python|R,6,169601.0,0.98,109.5,5.85,3,Mid,Critical Risk,6,0,0.872,16,3
1162,2025,QA Engineer,Entry,Healthcare,Brazil,COBOL|Airflow|Excel (Basic)|A/B Testing|Vector Databases,5,116979.0,0.98,87.1,6.0,1,Low,Critical Risk,5,0,1.068,18,1
1163,2023,Financial Analyst,Senior,Tech,Singapore,SQL|Legacy VBA|Python|Tableau,4,173530.0,0.82,135.7,6.57,3,Mid,Critical Risk,4,0,0.892,12,3
1164,2025,Content Strategist,Lead,Tech,UK,Kubernetes|Basic SEO|Data Entry,3,139068.0,0.98,117.4,4.2,4,Mid,Critical Risk,3,0,0.605,5,4
1165,2023,Machine Learning Engineer,Senior,Energy,UAE,Copy-Paste Reporting|Machine Learning|Cloud (AWS/GCP)|MS Access|Excel (Basic),5,267030.0,0.98,137.5,5.04,3,Elite,Critical Risk,5,0,1.373,15,3
1166,2024,Operations Analyst,Entry,Retail,Netherlands,R|MS Access|Statistics|Spark/PySpark,4,103332.0,0.809,120.9,6.2,1,Low,Critical Risk,4,0,0.944,16,1
1167,2024,HR Analyst,Mid,Manufacturing,Germany,COBOL|Statistics|Manual Testing,3,87959.0,0.98,150.3,3.8,2,Low,Critical Risk,3,0,0.591,13,2
1168,2019,Data Scientist,Entry,Healthcare,Brazil,A/B Testing|Cloud (AWS/GCP)|Airflow,3,116113.0,0.05,100.3,8.4,1,Low,Low Risk,3,1,1.06,8,1
1169,2022,Data Analyst,Principal,Consulting,Singapore,Cloud (AWS/GCP)|Prompt Engineering|SQL,3,235496.0,0.05,122.1,8.6,5,High,Low Risk,3,1,0.921,6,5
1170,2020,Excel Analyst,Principal,Manufacturing,Brazil,Copy-Paste Reporting|Legacy VBA|Manual Testing|Cloud (AWS/GCP)|Power BI|Spark/PySpark,6,203567.0,0.98,100.7,5.22,5,High,Critical Risk,6,0,0.796,11,5
1171,2020,Data Engineer,Mid,Healthcare,Netherlands,Statistics|Prompt Engineering|Legacy VBA|Cloud (AWS/GCP),4,184966.0,0.409,120.2,6.93,2,High,Moderate Risk,4,0,1.244,7,2
1172,2022,DevOps Engineer,Senior,Government,Singapore,Tableau|Power BI|Basic SEO,3,179924.0,0.728,121.1,6.13,3,Mid,High Risk,3,0,0.925,9,3
1173,2019,AI Engineer,Lead,Finance,Brazil,Python|Excel (Basic)|Prompt Engineering|Machine Learning|Data Entry|MS Access,6,324622.0,0.98,106.4,5.87,4,Elite,Critical Risk,6,0,1.411,0,4
1174,2023,IT Support Specialist,Entry,Education,India,MS Access|Tableau|Kubernetes|Python|LLMs/GenAI|Vector Databases,6,116378.0,0.515,95.6,7.67,1,Low,High Risk,6,0,1.063,14,1
1175,2025,Content Strategist,Mid,Education,Netherlands,A/B Testing|Deep Learning|LLMs/GenAI|Data Entry|Spark/PySpark|Vector Databases,6,196421.0,0.559,148.4,7.68,2,High,High Risk,6,0,1.321,5,2
1176,2023,Cloud Architect,Lead,Healthcare,Germany,SQL|Deep Learning|Basic SEO|Data Entry|Statistics,5,315523.0,0.98,133.4,5.7,4,Elite,Critical Risk,5,0,1.372,4,4
1177,2022,Accountant,Mid,Energy,Netherlands,Spark/PySpark|Crystal Reports|MLOps|Excel (Basic)|Vector Databases,5,137579.0,0.98,131.0,6.42,2,Mid,Critical Risk,5,0,0.925,1,2
1178,2025,Software Developer,Entry,Tech,USA,Airflow|Cloud (AWS/GCP)|Legacy VBA|Statistics,4,140819.0,0.687,161.9,6.68,1,Mid,High Risk,4,0,1.286,21,1
1179,2022,Cloud Architect,Mid,Retail,UK,MS Access|SQL|Cold Calling|Power BI,4,180329.0,0.98,137.1,4.88,2,Mid,Critical Risk,4,0,1.212,4,2
1180,2019,Accountant,Senior,Finance,USA,Tableau|Cold Calling|Vector Databases,3,125287.0,0.98,99.2,6.23,3,Low,Critical Risk,3,0,0.644,1,3
1181,2025,Data Analyst,Mid,Education,UK,SQL|Spark/PySpark|Data Entry|Excel (Basic)|R|dbt,6,144254.0,0.98,128.1,6.03,2,Mid,Critical Risk,6,0,0.97,6,2
1182,2022,IT Support Specialist,Senior,Retail,Canada,Power BI|Basic SEO|A/B Testing|COBOL,4,108509.0,0.98,116.3,4.98,3,Low,Critical Risk,4,0,0.558,14,3
1183,2019,Financial Analyst,Entry,Finance,Canada,COBOL|Spark/PySpark|Python,3,94185.0,0.574,94.4,6.37,1,Low,High Risk,3,0,0.86,12,1
1184,2022,Financial Analyst,Principal,Finance,Australia,Legacy VBA|MS Access|Data Entry|A/B Testing,4,182678.0,0.98,113.0,3.4,5,Mid,Critical Risk,4,0,0.714,12,5
1185,2025,SQL Developer,Principal,Consulting,Netherlands,Vector Databases|Manual Testing|R|Copy-Paste Reporting|Spark/PySpark,5,266693.0,0.98,120.9,5.62,5,Elite,Critical Risk,5,0,1.043,20,5
1186,2022,QA Engineer,Lead,Finance,Brazil,Spark/PySpark|COBOL|A/B Testing,3,196456.0,0.844,100.6,5.93,4,High,Critical Risk,3,0,0.854,18,4
1187,2019,Digital Marketer,Mid,Tech,Brazil,Python|Airflow|Basic SEO|Prompt Engineering|Kubernetes,5,137934.0,0.471,101.2,7.58,2,Mid,Moderate Risk,5,0,0.927,10,2
1188,2021,Data Scientist,Mid,Manufacturing,UK,Copy-Paste Reporting|A/B Testing|Manual Testing|Prompt Engineering,4,148466.0,0.98,118.0,5.25,2,Mid,Critical Risk,4,0,0.998,8,2
1189,2019,SEO Specialist,Entry,Energy,UAE,Data Entry|Python|Machine Learning|MLOps|Power BI,5,106791.0,0.772,101.1,7.4,1,Low,Critical Risk,5,0,0.975,19,1
1190,2021,Business Analyst,Mid,Retail,Netherlands,Cold Calling|Legacy VBA|Machine Learning|Airflow|Statistics,5,137146.0,0.98,110.0,5.84,2,Mid,Critical Risk,5,0,0.922,3,2
1191,2023,Accountant,Entry,Education,UK,Manual Testing|MS Access|Copy-Paste Reporting|Deep Learning|R|Statistics,6,94212.0,0.98,147.5,4.83,1,Low,Critical Risk,6,0,0.86,1,1
1192,2021,Product Manager,Entry,Finance,USA,A/B Testing|Airflow|Data Entry|Vector Databases|Power BI|Statistics,6,145870.0,0.522,111.5,7.0,1,Mid,High Risk,6,0,1.332,17,1
1193,2025,Excel Analyst,Entry,Tech,USA,R|Manual Testing|Copy-Paste Reporting|SQL,4,59665.0,0.98,118.8,4.45,1,Low,Critical Risk,4,0,0.545,11,1
1194,2024,Data Analyst,Principal,Consulting,USA,Cold Calling|SQL|Crystal Reports|Spark/PySpark|Power BI|COBOL,6,222481.0,0.98,138.0,4.83,5,High,Critical Risk,6,0,0.87,6,5
1195,2020,Machine Learning Engineer,Lead,Finance,Brazil,Vector Databases|dbt|MLOps|Power BI|Machine Learning,5,375014.0,0.05,104.7,8.78,4,Elite,Low Risk,5,1,1.63,15,4
1196,2019,Financial Analyst,Entry,Retail,Singapore,COBOL|Python|Copy-Paste Reporting,3,69282.0,0.98,95.4,3.8,1,Low,Critical Risk,3,0,0.633,12,1
1197,2025,Business Analyst,Entry,Tech,India,LLMs/GenAI|Prompt Engineering|Machine Learning|MLOps|Vector Databases|Manual Testing,6,176972.0,0.05,156.7,8.25,1,Mid,Low Risk,6,1,1.616,3,1
1198,2020,AI Engineer,Mid,Energy,Singapore,Legacy VBA|Cloud (AWS/GCP)|Copy-Paste Reporting|Deep Learning|Cold Calling|Kubernetes,6,222883.0,0.98,104.0,5.2,2,High,Critical Risk,6,0,1.499,0,2
1199,2020,Digital Marketer,Senior,Retail,UAE,Vector Databases|Cold Calling|R|Prompt Engineering|Copy-Paste Reporting,5,159533.0,0.98,103.7,5.58,3,Mid,Critical Risk,5,0,0.82,10,3
1200,2023,Statistician,Senior,Media,Netherlands,Machine Learning|Vector Databases|Power BI,3,213815.0,0.05,135.1,8.8,3,High,Low Risk,3,1,1.099,22,3
1201,2023,Digital Marketer,Senior,Finance,Canada,Basic SEO|A/B Testing|Airflow|Prompt Engineering,4,159615.0,0.718,147.9,7.13,3,Mid,High Risk,4,0,0.821,10,3
1202,2020,Machine Learning Engineer,Senior,Healthcare,USA,Crystal Reports|Tableau|Data Entry|Cold Calling,4,193215.0,0.98,102.6,3.22,3,High,Critical Risk,4,0,0.993,15,3
1203,2019,Data Analyst,Lead,Tech,Germany,Excel (Basic)|SQL|Prompt Engineering|Basic SEO|Deep Learning,5,201475.0,0.822,93.3,6.48,4,High,Critical Risk,5,0,0.876,6,4
1204,2025,Accountant,Lead,Consulting,USA,SQL|Tableau|Machine Learning|Airflow|dbt|Copy-Paste Reporting,6,246582.0,0.98,123.6,7.07,4,Elite,Critical Risk,6,0,1.072,1,4
1205,2022,SEO Specialist,Entry,Manufacturing,USA,Python|Manual Testing|Cold Calling|MLOps|Basic SEO,5,83357.0,0.98,136.7,5.2,1,Low,Critical Risk,5,0,0.761,19,1
1206,2025,Financial Analyst,Mid,Tech,Australia,Copy-Paste Reporting|Power BI|COBOL|MS Access|Cold Calling|Machine Learning,6,139373.0,0.98,159.0,3.95,2,Mid,Critical Risk,6,0,0.937,12,2
1207,2023,Software Developer,Senior,Media,UAE,Excel (Basic)|MS Access|Copy-Paste Reporting|Cold Calling|A/B Testing|Kubernetes,6,206173.0,0.98,107.6,4.12,3,High,Critical Risk,6,0,1.06,21,3
1208,2022,IT Support Specialist,Mid,Healthcare,USA,COBOL|Legacy VBA|Kubernetes|Deep Learning|Airflow,5,130219.0,0.98,114.4,5.74,2,Low,Critical Risk,5,0,0.876,14,2
1209,2021,Cloud Architect,Principal,Government,USA,Vector Databases|Kubernetes|Legacy VBA|COBOL|Data Entry,5,358193.0,0.98,116.0,4.38,5,Elite,Critical Risk,5,0,1.4,4,5
1210,2023,Data Analyst,Entry,Manufacturing,Brazil,Basic SEO|Kubernetes|Copy-Paste Reporting|LLMs/GenAI|Tableau,5,112720.0,0.98,123.3,5.9,1,Low,Critical Risk,5,0,1.029,6,1
1211,2022,Data Analyst,Lead,Tech,Australia,Data Entry|R|dbt|Power BI|Machine Learning|Excel (Basic),6,219594.0,0.98,133.0,6.22,4,High,Critical Risk,6,0,0.955,6,4
1212,2021,Accountant,Principal,Education,UK,LLMs/GenAI|Kubernetes|Cold Calling|Basic SEO|COBOL|Statistics,6,254145.0,0.98,107.9,5.25,5,Elite,Critical Risk,6,0,0.994,1,5
1213,2024,BI Developer,Mid,Energy,USA,Cloud (AWS/GCP)|Data Entry|Machine Learning|LLMs/GenAI,4,180554.0,0.676,143.6,7.45,2,Mid,High Risk,4,0,1.214,2,2
1214,2025,IT Support Specialist,Principal,Education,USA,Machine Learning|Crystal Reports|Kubernetes|Python,4,245514.0,0.785,121.8,7.15,5,Elite,Critical Risk,4,0,0.96,14,5
1215,2025,DevOps Engineer,Principal,Tech,Brazil,Vector Databases|Cloud (AWS/GCP)|Deep Learning|A/B Testing,4,409050.0,0.05,134.6,8.78,5,Elite,Low Risk,4,1,1.599,9,5
1216,2023,Data Scientist,Mid,Retail,Australia,Basic SEO|Legacy VBA|Power BI|Deep Learning|Data Entry,5,158329.0,0.98,126.1,4.68,2,Mid,Critical Risk,5,0,1.065,8,2
1217,2021,Data Engineer,Entry,Education,Brazil,MLOps|Power BI|Data Entry|Vector Databases|Statistics,5,150389.0,0.517,124.9,6.96,1,Mid,High Risk,5,0,1.373,7,1
1218,2021,Accountant,Entry,Healthcare,Australia,Prompt Engineering|Spark/PySpark|Excel (Basic),3,90166.0,0.683,100.4,7.17,1,Low,High Risk,3,0,0.823,1,1
1219,2023,SQL Developer,Senior,Media,Netherlands,dbt|SQL|Basic SEO|Excel (Basic)|Machine Learning,5,185931.0,0.98,114.3,6.4,3,High,Critical Risk,5,0,0.956,20,3
1220,2020,Software Developer,Entry,Finance,Canada,R|MS Access|Cloud (AWS/GCP)|A/B Testing|Machine Learning|Manual Testing,6,123330.0,0.8,117.8,6.32,1,Low,Critical Risk,6,0,1.126,21,1
1221,2023,Content Strategist,Lead,Education,Germany,Basic SEO|Excel (Basic)|Prompt Engineering|Airflow,4,169552.0,0.98,123.0,6.02,4,Mid,Critical Risk,4,0,0.737,5,4
1222,2025,DevOps Engineer,Mid,Consulting,Australia,Crystal Reports|Airflow|Tableau,3,161411.0,0.766,149.7,5.9,2,Mid,Critical Risk,3,0,1.085,9,2
1223,2022,DevOps Engineer,Entry,Education,Netherlands,Vector Databases|Data Entry|Statistics,3,122981.0,0.793,123.4,6.0,1,Low,Critical Risk,3,0,1.123,9,1
1224,2022,QA Engineer,Mid,Energy,India,Cold Calling|Power BI|Legacy VBA|Excel (Basic),4,102205.0,0.98,115.3,3.82,2,Low,Critical Risk,4,0,0.687,18,2
1225,2023,Statistician,Senior,Education,Australia,Deep Learning|Power BI|A/B Testing,3,194484.0,0.05,147.0,8.27,3,High,Low Risk,3,1,1.0,22,3
1226,2023,Digital Marketer,Mid,Healthcare,UAE,LLMs/GenAI|Cloud (AWS/GCP)|Power BI,3,138964.0,0.132,117.8,8.87,2,Mid,Low Risk,3,1,0.934,10,2
1227,2023,Operations Analyst,Lead,Finance,India,Basic SEO|Power BI|Python,3,177311.0,0.817,130.0,6.67,4,Mid,Critical Risk,3,0,0.771,16,4
1228,2019,Data Engineer,Principal,Media,Singapore,Vector Databases|Spark/PySpark|SQL|Crystal Reports|R|Airflow,6,342732.0,0.325,106.1,6.98,5,Elite,Moderate Risk,6,0,1.34,7,5
1229,2019,Cloud Architect,Senior,Energy,Brazil,MS Access|Machine Learning|Deep Learning,3,255215.0,0.214,112.4,6.93,3,Elite,Low Risk,3,0,1.312,4,3
1230,2021,IT Support Specialist,Lead,Consulting,Singapore,Cold Calling|Statistics|Crystal Reports|Spark/PySpark|MS Access,5,143730.0,0.98,96.9,4.42,4,Mid,Critical Risk,5,0,0.625,14,4
1231,2025,Financial Analyst,Principal,Finance,India,Excel (Basic)|Vector Databases|Legacy VBA,3,218981.0,0.98,157.1,4.87,5,High,Critical Risk,3,0,0.856,12,5
1232,2022,Cloud Architect,Lead,Healthcare,Netherlands,Cold Calling|Cloud (AWS/GCP)|Airflow|Prompt Engineering|Statistics,5,351866.0,0.411,114.7,7.2,4,Elite,Moderate Risk,5,0,1.53,4,4
1233,2023,Content Strategist,Principal,Energy,Netherlands,Prompt Engineering|MLOps|SQL|Basic SEO|LLMs/GenAI|Spark/PySpark,6,326811.0,0.3,114.3,7.88,5,Elite,Moderate Risk,6,1,1.278,5,5
1234,2024,Product Manager,Mid,Government,Netherlands,Excel (Basic)|Manual Testing|MLOps|Cloud (AWS/GCP)|Vector Databases,5,208136.0,0.587,131.5,6.68,2,High,High Risk,5,0,1.399,17,2
1235,2019,AI Engineer,Senior,Consulting,UAE,LLMs/GenAI|Prompt Engineering|Kubernetes|Manual Testing,4,276218.0,0.05,99.3,7.5,3,Elite,Low Risk,4,1,1.42,0,3
1236,2020,Supply Chain Analyst,Senior,Healthcare,UK,R|Basic SEO|A/B Testing|Cold Calling,4,128791.0,0.98,110.4,4.85,3,Low,Critical Risk,4,0,0.662,23,3
1237,2023,Business Analyst,Principal,Media,Canada,Statistics|Basic SEO|Python,3,211010.0,0.701,115.6,6.53,5,High,High Risk,3,0,0.825,3,5
1238,2021,Financial Analyst,Lead,Consulting,Netherlands,Basic SEO|Tableau|Prompt Engineering|Cloud (AWS/GCP),4,211505.0,0.628,107.7,7.22,4,High,High Risk,4,0,0.919,12,4
1239,2025,Machine Learning Engineer,Lead,Government,UAE,Deep Learning|Copy-Paste Reporting|Spark/PySpark|Kubernetes|MS Access,5,366910.0,0.98,168.3,5.82,4,Elite,Critical Risk,5,0,1.595,15,4
1240,2021,Data Scientist,Mid,Finance,Australia,A/B Testing|MLOps|Kubernetes|Tableau,4,195814.0,0.05,116.1,8.15,2,High,Low Risk,4,1,1.317,8,2
1241,2023,Supply Chain Analyst,Entry,Education,USA,Cloud (AWS/GCP)|Crystal Reports|COBOL|A/B Testing|MLOps|dbt,6,129965.0,0.941,133.5,6.23,1,Low,Critical Risk,6,0,1.187,23,1
1242,2024,HR Analyst,Entry,Tech,Canada,Excel (Basic)|SQL|Copy-Paste Reporting|Airflow,4,65318.0,0.98,146.6,5.08,1,Low,Critical Risk,4,0,0.596,13,1
1243,2021,Digital Marketer,Mid,Consulting,India,Prompt Engineering|Spark/PySpark|dbt|Data Entry|Deep Learning|A/B Testing,6,172584.0,0.652,115.1,7.5,2,Mid,High Risk,6,0,1.16,10,2
1244,2024,SQL Developer,Entry,Government,UK,R|Manual Testing|dbt|Crystal Reports|LLMs/GenAI|Machine Learning,6,120466.0,0.98,101.8,6.48,1,Low,Critical Risk,6,0,1.1,20,1
1245,2021,Accountant,Lead,Energy,Canada,Statistics|A/B Testing|Legacy VBA|LLMs/GenAI|Prompt Engineering,5,223453.0,0.724,124.8,7.28,4,High,High Risk,5,0,0.971,1,4
1246,2021,Supply Chain Analyst,Lead,Consulting,Singapore,R|Statistics|Prompt Engineering|Cloud (AWS/GCP)|Airflow,5,241887.0,0.05,105.5,8.1,4,High,Low Risk,5,1,1.052,23,4
1247,2025,AI Engineer,Lead,Consulting,Australia,Legacy VBA|Power BI|Cloud (AWS/GCP)|LLMs/GenAI,4,366233.0,0.35,136.3,7.15,4,Elite,Moderate Risk,4,0,1.592,0,4
1248,2021,Supply Chain Analyst,Entry,Education,Singapore,Cold Calling|Statistics|Basic SEO|COBOL,4,73087.0,0.98,122.1,3.4,1,Low,Critical Risk,4,0,0.667,23,1
1249,2023,QA Engineer,Mid,Tech,Germany,A/B Testing|dbt|Copy-Paste Reporting|COBOL|Power BI,5,129224.0,0.98,79.5,5.28,2,Low,Critical Risk,5,0,0.869,18,2
1250,2025,Cloud Architect,Senior,Education,Singapore,COBOL|Tableau|Power BI|SQL|Kubernetes|Machine Learning,6,320074.0,0.233,120.7,6.95,3,Elite,Low Risk,6,0,1.646,4,3
1251,2024,Excel Analyst,Senior,Tech,Germany,Power BI|Airflow|Excel (Basic)|LLMs/GenAI|R|dbt,6,194507.0,0.625,130.2,7.4,3,High,High Risk,6,0,1.0,11,3
1252,2019,Accountant,Principal,Education,India,MS Access|Python|COBOL,3,159758.0,0.98,90.2,4.2,5,Mid,Critical Risk,3,0,0.625,1,5
1253,2025,Operations Analyst,Senior,Education,Netherlands,Data Entry|Machine Learning|A/B Testing,3,164967.0,0.98,126.0,6.3,3,Mid,Critical Risk,3,0,0.848,16,3
1254,2023,SQL Developer,Mid,Media,Singapore,Prompt Engineering|COBOL|LLMs/GenAI|Vector Databases,4,169288.0,0.33,101.2,7.35,2,Mid,Moderate Risk,4,1,1.138,20,2
1255,2020,SEO Specialist,Mid,Tech,USA,Cold Calling|A/B Testing|Cloud (AWS/GCP),3,93309.0,0.98,108.1,6.3,2,Low,Critical Risk,3,0,0.627,19,2
1256,2025,Digital Marketer,Entry,Healthcare,Germany,Python|Airflow|Data Entry|Cold Calling|Crystal Reports,5,84181.0,0.98,133.4,4.56,1,Low,Critical Risk,5,0,0.769,10,1
1257,2021,Product Manager,Entry,Government,Singapore,Basic SEO|MS Access|Kubernetes|Copy-Paste Reporting,4,110817.0,0.98,110.7,3.58,1,Low,Critical Risk,4,0,1.012,17,1
1258,2019,Content Strategist,Lead,Tech,USA,Cloud (AWS/GCP)|MS Access|Excel (Basic)|COBOL,4,137012.0,0.98,96.2,3.97,4,Mid,Critical Risk,4,0,0.596,5,4
1259,2025,Accountant,Senior,Education,Singapore,Prompt Engineering|Kubernetes|Tableau,3,166807.0,0.414,115.0,8.33,3,Mid,Moderate Risk,3,0,0.858,1,3
1260,2021,HR Analyst,Principal,Consulting,Singapore,Power BI|Deep Learning|Airflow|R|Kubernetes,5,260347.0,0.05,113.2,7.96,5,Elite,Low Risk,5,1,1.018,13,5
1261,2024,SEO Specialist,Principal,Retail,Singapore,Statistics|MS Access|SQL,3,161248.0,0.98,152.4,5.7,5,Mid,Critical Risk,3,0,0.63,19,5
1262,2025,SEO Specialist,Entry,Consulting,Canada,SQL|Cold Calling|Airflow,3,64863.0,0.98,136.1,5.93,1,Low,Critical Risk,3,0,0.592,19,1
1263,2022,Financial Analyst,Entry,Manufacturing,Australia,COBOL|Data Entry|Deep Learning|Cloud (AWS/GCP),4,108813.0,0.98,123.7,5.2,1,Low,Critical Risk,4,0,0.994,12,1
1264,2020,Digital Marketer,Principal,Retail,UK,SQL|Manual Testing|Basic SEO|Statistics,4,166108.0,0.98,105.2,5.18,5,Mid,Critical Risk,4,0,0.649,10,5
1265,2025,Financial Analyst,Mid,Tech,UAE,Power BI|Prompt Engineering|MS Access|MLOps|Basic SEO,5,158260.0,0.98,121.1,6.26,2,Mid,Critical Risk,5,0,1.064,12,2
1266,2021,Operations Analyst,Principal,Energy,Singapore,Kubernetes|Crystal Reports|dbt,3,199656.0,0.805,120.2,6.13,5,High,Critical Risk,3,0,0.781,16,5
1267,2025,Digital Marketer,Principal,Consulting,Australia,MLOps|Tableau|Crystal Reports|Statistics,4,222733.0,0.79,135.9,6.45,5,High,Critical Risk,4,0,0.871,10,5
1268,2025,Product Manager,Entry,Finance,Singapore,SQL|Spark/PySpark|Cold Calling,3,115336.0,0.733,113.6,6.07,1,Low,High Risk,3,0,1.053,17,1
1269,2023,Product Manager,Entry,Healthcare,Canada,Copy-Paste Reporting|Cloud (AWS/GCP)|Machine Learning|Power BI|Statistics|LLMs/GenAI,6,170436.0,0.515,133.2,7.42,1,Mid,High Risk,6,0,1.556,17,1
1270,2023,Digital Marketer,Mid,Media,Singapore,Python|Prompt Engineering|Cloud (AWS/GCP)|Power BI|Basic SEO|Legacy VBA,6,140857.0,0.98,122.9,6.72,2,Mid,Critical Risk,6,0,0.947,10,2
1271,2021,Accountant,Senior,Energy,India,Prompt Engineering|A/B Testing|Legacy VBA|dbt,4,155418.0,0.933,115.8,6.93,3,Mid,Critical Risk,4,0,0.799,1,3
1272,2024,DevOps Engineer,Principal,Energy,Germany,Tableau|dbt|MLOps|MS Access|Cold Calling|Spark/PySpark,6,374100.0,0.98,109.2,6.33,5,Elite,Critical Risk,6,0,1.463,9,5
1273,2024,Digital Marketer,Entry,Education,Singapore,Spark/PySpark|Statistics|Deep Learning|Python,4,117898.0,0.05,123.6,8.6,1,Low,Low Risk,4,1,1.077,10,1
1274,2020,SQL Developer,Entry,Media,UAE,Cloud (AWS/GCP)|Machine Learning|Manual Testing|Tableau|LLMs/GenAI,5,121307.0,0.293,99.0,7.74,1,Low,Moderate Risk,5,1,1.108,20,1
1275,2024,SEO Specialist,Mid,Education,USA,Kubernetes|Prompt Engineering|Basic SEO|Copy-Paste Reporting,4,113963.0,0.98,128.0,5.35,2,Low,Critical Risk,4,0,0.766,19,2
1276,2024,AI Engineer,Senior,Energy,Singapore,R|Data Entry|Legacy VBA|dbt|Deep Learning,5,291777.0,0.98,142.1,5.52,3,Elite,Critical Risk,5,0,1.5,0,3
1277,2019,Product Manager,Mid,Manufacturing,India,Excel (Basic)|Cloud (AWS/GCP)|Spark/PySpark|COBOL|A/B Testing,5,180909.0,0.604,99.0,6.06,2,Mid,High Risk,5,0,1.216,17,2
1278,2025,Software Developer,Senior,Energy,Brazil,COBOL|MS Access|Copy-Paste Reporting|Manual Testing|Legacy VBA,5,162556.0,0.98,159.4,1.84,3,Mid,Critical Risk,5,0,0.836,21,3
1279,2020,BI Developer,Entry,Retail,Canada,COBOL|Manual Testing|Spark/PySpark,3,78943.0,0.98,109.6,4.23,1,Low,Critical Risk,3,0,0.721,2,1
1280,2022,Data Analyst,Senior,Finance,USA,A/B Testing|COBOL|Tableau|Power BI,4,150732.0,0.616,124.4,6.12,3,Mid,High Risk,4,0,0.775,6,3
1281,2021,AI Engineer,Principal,Finance,Canada,SQL|Cold Calling|Copy-Paste Reporting|Crystal Reports|Statistics|Vector Databases,6,349413.0,0.98,115.1,4.8,5,Elite,Critical Risk,6,0,1.366,0,5
1282,2023,Cloud Architect,Principal,Finance,Brazil,LLMs/GenAI|Data Entry|Basic SEO|Kubernetes,4,370331.0,0.98,140.6,5.6,5,Elite,Critical Risk,4,0,1.448,4,5
1283,2025,QA Engineer,Principal,Consulting,UAE,Legacy VBA|Cloud (AWS/GCP)|R|Power BI|Data Entry,5,254889.0,0.98,102.1,5.36,5,Elite,Critical Risk,5,0,0.997,18,5
1284,2019,DevOps Engineer,Lead,Education,Singapore,Manual Testing|R|dbt|SQL,4,219134.0,0.474,102.5,6.32,4,High,Moderate Risk,4,0,0.953,9,4
1285,2024,Data Analyst,Mid,Consulting,Australia,Python|Excel (Basic)|Prompt Engineering|MLOps,4,160605.0,0.192,112.9,7.75,2,Mid,Low Risk,4,1,1.08,6,2
1286,2021,Statistician,Principal,Tech,Brazil,Machine Learning|Data Entry|Kubernetes|Statistics|SQL,5,288413.0,0.558,107.8,6.8,5,Elite,High Risk,5,0,1.128,22,5
1287,2024,Operations Analyst,Senior,Manufacturing,USA,Copy-Paste Reporting|Crystal Reports|Statistics,3,118498.0,0.98,157.6,3.4,3,Low,Critical Risk,3,0,0.609,16,3
1288,2024,IT Support Specialist,Lead,Healthcare,UAE,Machine Learning|Vector Databases|Python,3,205303.0,0.165,114.6,9.27,4,High,Low Risk,3,1,0.893,14,4
1289,2024,Data Engineer,Mid,Healthcare,UK,Basic SEO|Cloud (AWS/GCP)|Machine Learning|Tableau|Data Entry|Crystal Reports,6,198953.0,0.98,114.7,5.4,2,High,Critical Risk,6,0,1.338,7,2
1290,2019,SEO Specialist,Senior,Retail,Brazil,MLOps|Basic SEO|Legacy VBA,3,120068.0,0.98,105.0,4.67,3,Low,Critical Risk,3,0,0.617,19,3
1291,2021,Operations Analyst,Mid,Energy,Australia,Legacy VBA|SQL|Power BI,3,87023.0,0.945,115.3,5.77,2,Low,Critical Risk,3,0,0.585,16,2
1292,2024,Business Analyst,Entry,Retail,Netherlands,MS Access|Kubernetes|Deep Learning|LLMs/GenAI,4,121709.0,0.363,138.1,7.3,1,Low,Moderate Risk,4,0,1.111,3,1
1293,2021,Accountant,Mid,Media,Singapore,Data Entry|MS Access|Basic SEO|Python,4,97675.0,0.98,102.6,3.97,2,Low,Critical Risk,4,0,0.657,1,2
1294,2023,DevOps Engineer,Entry,Education,UAE,Excel (Basic)|Tableau|Deep Learning,3,126481.0,0.349,113.5,6.73,1,Low,Moderate Risk,3,0,1.155,9,1
1295,2019,BI Developer,Entry,Healthcare,Australia,Cold Calling|LLMs/GenAI|COBOL,3,79281.0,0.98,99.7,4.33,1,Low,Critical Risk,3,0,0.724,2,1
1296,2024,DevOps Engineer,Lead,Finance,Canada,Basic SEO|Legacy VBA|Data Entry|Copy-Paste Reporting|dbt,5,232856.0,0.98,146.6,3.2,4,High,Critical Risk,5,0,1.012,9,4
1297,2024,Data Engineer,Senior,Tech,Singapore,LLMs/GenAI|Kubernetes|Spark/PySpark|Excel (Basic)|MLOps,5,315152.0,0.05,134.2,7.82,3,Elite,Low Risk,5,1,1.62,7,3
1298,2025,SQL Developer,Senior,Retail,India,Kubernetes|Crystal Reports|Tableau|Deep Learning|Statistics,5,221182.0,0.666,93.8,6.8,3,High,High Risk,5,0,1.137,20,3
1299,2021,DevOps Engineer,Principal,Consulting,India,Basic SEO|Excel (Basic)|SQL,3,237119.0,0.98,114.1,4.67,5,High,Critical Risk,3,0,0.927,9,5
1300,2023,SQL Developer,Lead,Education,Germany,MLOps|Crystal Reports|A/B Testing|R,4,212415.0,0.773,123.1,6.3,4,High,Critical Risk,4,0,0.923,20,4
1301,2025,Statistician,Entry,Media,Canada,dbt|Tableau|Kubernetes|Machine Learning|Cloud (AWS/GCP),5,152900.0,0.05,151.4,8.54,1,Mid,Low Risk,5,1,1.396,22,1
1302,2024,BI Developer,Lead,Healthcare,UAE,Vector Databases|Excel (Basic)|SQL|Legacy VBA|Machine Learning,5,243771.0,0.98,124.5,6.32,4,High,Critical Risk,5,0,1.06,2,4
1303,2019,HR Analyst,Senior,Tech,India,Statistics|MLOps|Basic SEO|Data Entry|Cloud (AWS/GCP)|LLMs/GenAI,6,204877.0,0.98,102.9,6.62,3,High,Critical Risk,6,0,1.053,13,3
1304,2021,BI Developer,Lead,Media,India,Tableau|COBOL|Manual Testing,3,156624.0,0.98,114.2,3.87,4,Mid,Critical Risk,3,0,0.681,2,4
1305,2023,Operations Analyst,Lead,Government,UAE,Kubernetes|MS Access|Vector Databases|Manual Testing,4,201122.0,0.98,114.0,5.55,4,High,Critical Risk,4,0,0.874,16,4
1306,2024,Software Developer,Senior,Tech,Canada,Power BI|Cold Calling|Kubernetes,3,194053.0,0.842,160.4,5.97,3,High,Critical Risk,3,0,0.998,21,3
1307,2022,Financial Analyst,Entry,Healthcare,Netherlands,Prompt Engineering|Manual Testing|Crystal Reports|A/B Testing,4,97869.0,0.98,121.2,5.45,1,Low,Critical Risk,4,0,0.894,12,1
1308,2023,Data Engineer,Mid,Education,USA,Prompt Engineering|COBOL|Cold Calling,3,159521.0,0.98,105.6,4.17,2,Mid,Critical Risk,3,0,1.073,7,2
1309,2021,IT Support Specialist,Lead,Healthcare,UAE,Legacy VBA|Spark/PySpark|dbt,3,145975.0,0.98,116.5,6.4,4,Mid,Critical Risk,3,0,0.635,14,4
1310,2021,AI Engineer,Entry,Healthcare,Canada,Power BI|Deep Learning|MS Access|Airflow,4,157449.0,0.285,107.9,6.85,1,Mid,Moderate Risk,4,0,1.438,0,1
1311,2023,DevOps Engineer,Entry,Consulting,India,Cloud (AWS/GCP)|Statistics|R|Legacy VBA|SQL,5,138245.0,0.646,140.4,6.48,1,Mid,High Risk,5,0,1.262,9,1
1312,2022,Supply Chain Analyst,Lead,Consulting,Canada,SQL|Spark/PySpark|MLOps,3,213751.0,0.05,130.8,8.4,4,High,Low Risk,3,1,0.929,23,4
1313,2020,Software Developer,Senior,Manufacturing,Singapore,R|Deep Learning|Vector Databases|Statistics|Legacy VBA|Excel (Basic),6,240101.0,0.695,100.5,6.27,3,High,High Risk,6,0,1.235,21,3
1314,2023,BI Developer,Mid,Education,Australia,A/B Testing|Basic SEO|Python|Manual Testing|Cold Calling,5,126487.0,0.98,130.1,4.98,2,Low,Critical Risk,5,0,0.85,2,2
1315,2019,HR Analyst,Mid,Healthcare,UAE,Machine Learning|dbt|Prompt Engineering|Power BI,4,131015.0,0.05,97.9,8.78,2,Low,Low Risk,4,1,0.881,13,2
1316,2022,HR Analyst,Mid,Government,India,Prompt Engineering|SQL|Legacy VBA|Basic SEO|Statistics,5,118517.0,0.98,109.2,5.84,2,Low,Critical Risk,5,0,0.797,13,2
1317,2022,BI Developer,Mid,Government,Netherlands,Tableau|COBOL|Deep Learning,3,133512.0,0.567,119.0,5.97,2,Low,High Risk,3,0,0.898,2,2
1318,2024,Machine Learning Engineer,Lead,Tech,India,Spark/PySpark|Excel (Basic)|A/B Testing|SQL|Legacy VBA,5,307087.0,0.921,135.6,5.92,4,Elite,Critical Risk,5,0,1.335,15,4
1319,2022,HR Analyst,Lead,Government,USA,Power BI|Kubernetes|MS Access|Data Entry|Cloud (AWS/GCP),5,188715.0,0.98,123.6,5.72,4,High,Critical Risk,5,0,0.82,13,4
1320,2025,IT Support Specialist,Principal,Education,UAE,Copy-Paste Reporting|R|Vector Databases|Cloud (AWS/GCP)|COBOL,5,224432.0,0.98,93.7,5.36,5,High,Critical Risk,5,0,0.877,14,5
1321,2022,SEO Specialist,Lead,Finance,India,MLOps|Crystal Reports|Excel (Basic),3,140472.0,0.98,114.0,4.77,4,Mid,Critical Risk,3,0,0.611,19,4
1322,2023,Accountant,Lead,Government,USA,Prompt Engineering|Machine Learning|Cloud (AWS/GCP)|Statistics|Tableau|Vector Databases,6,308186.0,0.05,111.8,8.65,4,Elite,Low Risk,6,1,1.34,1,4
1323,2023,Supply Chain Analyst,Senior,Manufacturing,Singapore,Legacy VBA|Prompt Engineering|Cold Calling|Basic SEO|Python,5,166005.0,0.98,139.8,5.1,3,Mid,Critical Risk,5,0,0.854,23,3
1324,2020,AI Engineer,Senior,Government,USA,MLOps|Prompt Engineering|Data Entry|Machine Learning|Manual Testing|Cloud (AWS/GCP),6,323588.0,0.613,100.1,6.85,3,Elite,High Risk,6,0,1.664,0,3
1325,2019,SEO Specialist,Lead,Retail,India,R|Cloud (AWS/GCP)|Spark/PySpark,3,170687.0,0.333,101.8,8.07,4,Mid,Moderate Risk,3,1,0.742,19,4
1326,2024,Digital Marketer,Lead,Manufacturing,Australia,Crystal Reports|Manual Testing|Airflow|MS Access|A/B Testing|Excel (Basic),6,169229.0,0.98,140.2,4.42,4,Mid,Critical Risk,6,0,0.736,10,4
1327,2019,Cloud Architect,Senior,Tech,India,SQL|A/B Testing|MS Access,3,213440.0,0.469,106.8,5.87,3,High,Moderate Risk,3,0,1.097,4,3
1328,2024,Product Manager,Senior,Government,Singapore,LLMs/GenAI|MS Access|Kubernetes,3,249515.0,0.54,140.5,6.7,3,Elite,High Risk,3,0,1.283,17,3
1329,2024,Data Scientist,Lead,Finance,Canada,Prompt Engineering|Manual Testing|A/B Testing|R|Copy-Paste Reporting,5,266264.0,0.98,152.5,5.5,4,Elite,Critical Risk,5,0,1.158,8,4
1330,2024,Business Analyst,Senior,Energy,UAE,Cold Calling|Power BI|Kubernetes|MS Access,4,149358.0,0.98,140.6,5.02,3,Mid,Critical Risk,4,0,0.768,3,3
1331,2020,Statistician,Principal,Tech,Brazil,LLMs/GenAI|Legacy VBA|Prompt Engineering|Kubernetes|Python|Power BI,6,337491.0,0.141,94.2,7.7,5,Elite,Low Risk,6,1,1.32,22,5
1332,2025,QA Engineer,Mid,Manufacturing,Germany,Manual Testing|COBOL|Data Entry|MLOps|Cloud (AWS/GCP)|Airflow,6,171655.0,0.98,95.6,5.3,2,Mid,Critical Risk,6,0,1.154,18,2
1333,2024,Cloud Architect,Mid,Finance,Brazil,MS Access|Crystal Reports|Manual Testing|Basic SEO|Tableau,5,162298.0,0.98,147.6,3.48,2,Mid,Critical Risk,5,0,1.091,4,2
1334,2024,Accountant,Senior,Media,Singapore,R|Python|MLOps|COBOL|Cold Calling|Vector Databases,6,209478.0,0.98,151.0,6.17,3,High,Critical Risk,6,0,1.077,1,3
1335,2020,IT Support Specialist,Lead,Retail,Netherlands,Legacy VBA|SQL|Kubernetes|Machine Learning,4,170880.0,0.889,96.8,6.78,4,Mid,Critical Risk,4,0,0.743,14,4
1336,2023,Data Scientist,Lead,Media,Australia,dbt|MS Access|A/B Testing,3,239957.0,0.479,119.6,6.2,4,High,Moderate Risk,3,0,1.043,8,4
1337,2021,Cloud Architect,Lead,Consulting,USA,Manual Testing|Excel (Basic)|LLMs/GenAI|Vector Databases,4,314921.0,0.539,115.4,6.3,4,Elite,High Risk,4,0,1.369,4,4
1338,2022,Data Analyst,Senior,Media,UAE,SQL|R|Spark/PySpark|Manual Testing,4,143902.0,0.635,135.5,6.38,3,Mid,High Risk,4,0,0.74,6,3
1339,2019,Machine Learning Engineer,Lead,Retail,Canada,Excel (Basic)|Prompt Engineering|LLMs/GenAI,3,291004.0,0.05,97.6,7.53,4,Elite,Low Risk,3,1,1.265,15,4
1340,2025,Product Manager,Lead,Media,Singapore,Cold Calling|dbt|Power BI|Manual Testing|Kubernetes,5,286898.0,0.98,130.7,5.84,4,Elite,Critical Risk,5,0,1.247,17,4
1341,2021,HR Analyst,Entry,Education,Netherlands,Airflow|SQL|Statistics|Cold Calling|Tableau|Prompt Engineering,6,111255.0,0.677,111.3,7.02,1,Low,High Risk,6,0,1.016,13,1
1342,2022,BI Developer,Mid,Government,Germany,R|Basic SEO|MLOps,3,130230.0,0.755,127.3,6.17,2,Low,Critical Risk,3,0,0.876,2,2
1343,2024,BI Developer,Entry,Government,Brazil,Power BI|Copy-Paste Reporting|dbt|Data Entry|Python|Manual Testing,6,104094.0,0.98,129.2,5.13,1,Low,Critical Risk,6,0,0.951,2,1
1344,2023,Accountant,Principal,Finance,Brazil,Python|MLOps|Manual Testing|Airflow|LLMs/GenAI|Excel (Basic),6,314870.0,0.846,125.9,7.1,5,Elite,Critical Risk,6,0,1.231,1,5
1345,2024,Data Scientist,Senior,Tech,Brazil,R|A/B Testing|dbt|LLMs/GenAI|Tableau|Vector Databases,6,296250.0,0.05,142.1,8.23,3,Elite,Low Risk,6,1,1.523,8,3
1346,2020,BI Developer,Lead,Retail,Australia,Prompt Engineering|Deep Learning|Python|dbt,4,270104.0,0.05,106.7,9.02,4,Elite,Low Risk,4,1,1.174,2,4
1347,2022,Excel Analyst,Principal,Consulting,Canada,Tableau|A/B Testing|Data Entry|Cloud (AWS/GCP),4,198225.0,0.98,116.1,6.5,5,High,Critical Risk,4,0,0.775,11,5
1348,2025,Cloud Architect,Mid,Retail,UAE,Python|MS Access|Machine Learning,3,215429.0,0.312,154.4,6.97,2,High,Moderate Risk,3,0,1.448,4,2
1349,2022,Content Strategist,Lead,Government,UK,Kubernetes|Crystal Reports|R|Cloud (AWS/GCP)|Basic SEO|Manual Testing,6,192948.0,0.98,128.9,5.2,4,High,Critical Risk,6,0,0.839,5,4
1350,2023,Operations Analyst,Entry,Consulting,UAE,Prompt Engineering|COBOL|SQL,3,99873.0,0.627,143.1,6.0,1,Low,High Risk,3,0,0.912,16,1
1351,2024,Business Analyst,Senior,Government,Netherlands,Power BI|COBOL|Cloud (AWS/GCP)|Basic SEO|Spark/PySpark|Kubernetes,6,214953.0,0.98,150.2,6.3,3,High,Critical Risk,6,0,1.105,3,3
1352,2023,Machine Learning Engineer,Mid,Education,Singapore,Spark/PySpark|Airflow|COBOL|Statistics|dbt,5,218774.0,0.219,119.6,6.82,2,High,Low Risk,5,0,1.471,15,2
1353,2021,HR Analyst,Entry,Consulting,UAE,Cold Calling|Kubernetes|MLOps|Prompt Engineering,4,108110.0,0.693,122.6,7.1,1,Low,High Risk,4,0,0.987,13,1
1354,2021,IT Support Specialist,Senior,Energy,Germany,Cold Calling|Spark/PySpark|A/B Testing,3,118934.0,0.98,101.2,6.2,3,Low,Critical Risk,3,0,0.612,14,3
1355,2020,DevOps Engineer,Principal,Education,Germany,Crystal Reports|LLMs/GenAI|Excel (Basic)|Data Entry|Prompt Engineering,5,306127.0,0.98,101.8,5.18,5,Elite,Critical Risk,5,0,1.197,9,5
1356,2022,Supply Chain Analyst,Senior,Healthcare,India,Manual Testing|Prompt Engineering|Copy-Paste Reporting|SQL,4,142175.0,0.98,115.2,5.15,3,Mid,Critical Risk,4,0,0.731,23,3
1357,2020,Data Analyst,Mid,Energy,Germany,Excel (Basic)|Python|Kubernetes|Vector Databases,4,130378.0,0.297,112.1,7.48,2,Low,Moderate Risk,4,1,0.877,6,2
1358,2024,Content Strategist,Lead,Consulting,Brazil,Vector Databases|Data Entry|Spark/PySpark|Excel (Basic),4,181313.0,0.98,151.9,5.7,4,Mid,Critical Risk,4,0,0.788,5,4
1359,2021,Content Strategist,Senior,Government,UAE,Copy-Paste Reporting|A/B Testing|Statistics|LLMs/GenAI,4,156110.0,0.98,111.9,6.52,3,Mid,Critical Risk,4,0,0.803,5,3
1360,2022,Data Analyst,Entry,Education,Canada,dbt|Airflow|Spark/PySpark|Kubernetes|Manual Testing,5,103643.0,0.493,127.8,7.28,1,Low,Moderate Risk,5,0,0.946,6,1
1361,2025,Machine Learning Engineer,Mid,Education,UAE,Excel (Basic)|Data Entry|Python|MS Access|A/B Testing|Airflow,6,213618.0,0.98,164.9,5.43,2,High,Critical Risk,6,0,1.436,15,2
1362,2021,Supply Chain Analyst,Entry,Government,UK,A/B Testing|Deep Learning|Kubernetes|R|Copy-Paste Reporting,5,101479.0,0.919,117.7,6.52,1,Low,Critical Risk,5,0,0.927,23,1
1363,2025,Data Scientist,Entry,Consulting,Brazil,Airflow|Kubernetes|COBOL|MS Access,4,131085.0,0.98,128.7,4.95,1,Low,Critical Risk,4,0,1.197,8,1
1364,2024,Excel Analyst,Mid,Consulting,India,Manual Testing|Kubernetes|R,3,93688.0,0.98,106.0,5.8,2,Low,Critical Risk,3,0,0.63,11,2
1365,2024,SQL Developer,Entry,Healthcare,Netherlands,Machine Learning|dbt|Airflow|Excel (Basic)|Cold Calling,5,112495.0,0.98,120.2,6.36,1,Low,Critical Risk,5,0,1.027,20,1
1366,2022,Machine Learning Engineer,Principal,Tech,Australia,dbt|Statistics|Cloud (AWS/GCP),3,348945.0,0.05,116.3,8.3,5,Elite,Low Risk,3,1,1.364,15,5
1367,2022,SQL Developer,Entry,Media,Brazil,Manual Testing|Statistics|Prompt Engineering|Excel (Basic),4,90445.0,0.977,83.8,5.75,1,Low,Critical Risk,4,0,0.826,20,1
1368,2022,Machine Learning Engineer,Lead,Retail,Brazil,Python|Kubernetes|Cold Calling|Power BI|Manual Testing|Basic SEO,6,301862.0,0.98,125.2,5.48,4,Elite,Critical Risk,6,0,1.312,15,4
1369,2020,Cloud Architect,Principal,Consulting,Netherlands,Data Entry|Prompt Engineering|Kubernetes|Copy-Paste Reporting|R,5,344701.0,0.98,103.0,5.28,5,Elite,Critical Risk,5,0,1.348,4,5
1370,2021,Supply Chain Analyst,Principal,Media,Germany,Cloud (AWS/GCP)|Cold Calling|LLMs/GenAI|Statistics|Python|MLOps,6,345092.0,0.274,123.0,7.73,5,Elite,Moderate Risk,6,1,1.349,23,5
1371,2023,Digital Marketer,Lead,Healthcare,India,Cold Calling|Power BI|Legacy VBA,3,132752.0,0.98,128.0,3.93,4,Low,Critical Risk,3,0,0.577,10,4
1372,2025,IT Support Specialist,Senior,Media,India,Cold Calling|Cloud (AWS/GCP)|Airflow|dbt,4,150817.0,0.98,98.6,6.95,3,Mid,Critical Risk,4,0,0.775,14,3
1373,2021,Cloud Architect,Principal,Consulting,UK,Manual Testing|dbt|Excel (Basic)|Legacy VBA|Spark/PySpark,5,336151.0,0.98,108.2,5.1,5,Elite,Critical Risk,5,0,1.314,4,5
1374,2020,Software Developer,Mid,Healthcare,Brazil,MLOps|A/B Testing|Statistics|Data Entry,4,151625.0,0.697,107.3,6.45,2,Mid,High Risk,4,0,1.019,21,2
1375,2022,Product Manager,Senior,Retail,Germany,Copy-Paste Reporting|Basic SEO|Prompt Engineering|Vector Databases|Spark/PySpark|COBOL,6,259832.0,0.98,117.6,5.38,3,Elite,Critical Risk,6,0,1.336,17,3
1376,2021,Product Manager,Senior,Consulting,Germany,Excel (Basic)|SQL|Cold Calling|Power BI|Python|Basic SEO,6,204049.0,0.98,114.1,5.5,3,High,Critical Risk,6,0,1.049,17,3
1377,2022,DevOps Engineer,Mid,Consulting,Germany,Basic SEO|Crystal Reports|dbt,3,138223.0,0.98,111.0,4.43,2,Mid,Critical Risk,3,0,0.929,9,2
1378,2024,Statistician,Senior,Education,USA,Power BI|COBOL|SQL|MLOps|R,5,206223.0,0.437,144.4,6.4,3,High,Moderate Risk,5,0,1.06,22,3
1379,2020,SQL Developer,Principal,Media,UAE,Cloud (AWS/GCP)|Deep Learning|Airflow|LLMs/GenAI|MLOps,5,361065.0,0.05,103.9,9.04,5,Elite,Low Risk,5,1,1.412,20,5
1380,2024,Financial Analyst,Lead,Tech,Singapore,Airflow|Kubernetes|Manual Testing|Excel (Basic)|SQL|Machine Learning,6,261508.0,0.822,115.1,6.62,4,Elite,Critical Risk,6,0,1.137,12,4
1381,2024,Cloud Architect,Senior,Media,Australia,Prompt Engineering|Cloud (AWS/GCP)|Statistics|Spark/PySpark|MS Access|Deep Learning,6,358481.0,0.104,128.1,7.62,3,Elite,Low Risk,6,1,1.843,4,3
1382,2025,Product Manager,Lead,Healthcare,India,Excel (Basic)|dbt|R|Deep Learning|Tableau,5,316169.0,0.194,113.6,7.04,4,Elite,Low Risk,5,1,1.374,17,4
1383,2023,SEO Specialist,Senior,Media,Netherlands,Crystal Reports|Python|Spark/PySpark|Cold Calling|Deep Learning,5,182836.0,0.98,140.3,6.16,3,Mid,Critical Risk,5,0,0.94,19,3
1384,2024,Operations Analyst,Senior,Education,UAE,LLMs/GenAI|MLOps|Tableau|Airflow,4,219861.0,0.05,138.7,8.68,3,High,Low Risk,4,1,1.13,16,3
1385,2021,SQL Developer,Senior,Manufacturing,Brazil,Spark/PySpark|Cloud (AWS/GCP)|Data Entry,3,164230.0,0.958,107.2,6.4,3,Mid,Critical Risk,3,0,0.844,20,3
1386,2022,Digital Marketer,Entry,Media,USA,Python|Excel (Basic)|Power BI|Machine Learning|A/B Testing,5,105339.0,0.351,129.8,7.58,1,Low,Moderate Risk,5,0,0.962,10,1
1387,2021,SEO Specialist,Lead,Manufacturing,Brazil,Data Entry|Deep Learning|MS Access|Excel (Basic)|R,5,156245.0,0.98,119.7,4.56,4,Mid,Critical Risk,5,0,0.679,19,4
1388,2023,BI Developer,Principal,Finance,Brazil,Manual Testing|Data Entry|dbt|Cold Calling|Deep Learning|Legacy VBA,6,258809.0,0.98,116.1,4.32,5,Elite,Critical Risk,6,0,1.012,2,5
1389,2021,IT Support Specialist,Lead,Healthcare,Australia,LLMs/GenAI|Data Entry|Excel (Basic),3,139428.0,0.98,99.3,4.93,4,Mid,Critical Risk,3,0,0.606,14,4
1390,2023,Operations Analyst,Lead,Tech,Singapore,Python|Manual Testing|Basic SEO|SQL|Airflow,5,193990.0,0.98,117.3,6.16,4,High,Critical Risk,5,0,0.843,16,4
1391,2020,Statistician,Mid,Energy,Australia,Data Entry|Legacy VBA|dbt|Cold Calling|Excel (Basic)|Vector Databases,6,125023.0,0.98,108.5,4.43,2,Low,Critical Risk,6,0,0.841,22,2
1392,2024,Financial Analyst,Mid,Retail,India,Prompt Engineering|LLMs/GenAI|Cloud (AWS/GCP)|Python,4,187543.0,0.05,139.1,9.32,2,High,Low Risk,4,1,1.261,12,2
1393,2025,Business Analyst,Mid,Media,Australia,MLOps|Copy-Paste Reporting|Airflow,3,129903.0,0.98,160.6,6.1,2,Low,Critical Risk,3,0,0.873,3,2
1394,2020,AI Engineer,Mid,Government,Germany,dbt|Cold Calling|Vector Databases|Python,4,203285.0,0.363,100.8,7.2,2,High,Moderate Risk,4,0,1.367,0,2
1395,2022,Machine Learning Engineer,Lead,Tech,UAE,SQL|Machine Learning|Tableau|dbt,4,316521.0,0.05,109.8,8.28,4,Elite,Low Risk,4,1,1.376,15,4
1396,2022,Financial Analyst,Entry,Finance,India,LLMs/GenAI|Cold Calling|dbt,3,102578.0,0.845,106.0,6.77,1,Low,Critical Risk,3,0,0.937,12,1
1397,2022,Product Manager,Principal,Education,Australia,dbt|Copy-Paste Reporting|Deep Learning|A/B Testing|Vector Databases|Statistics,6,392656.0,0.573,115.6,7.17,5,Elite,High Risk,6,0,1.535,17,5
1398,2019,IT Support Specialist,Entry,Tech,Singapore,SQL|Cloud (AWS/GCP)|Vector Databases|COBOL|Prompt Engineering|Deep Learning,6,120567.0,0.349,87.9,7.53,1,Low,Moderate Risk,6,1,1.101,14,1
1399,2025,HR Analyst,Senior,Retail,UK,Statistics|Python|Kubernetes|MS Access|Data Entry|MLOps,6,192880.0,0.98,120.2,6.23,3,High,Critical Risk,6,0,0.992,13,3
1400,2025,Excel Analyst,Mid,Energy,USA,A/B Testing|Spark/PySpark|Crystal Reports|Statistics,4,110046.0,0.98,130.6,6.45,2,Low,Critical Risk,4,0,0.74,11,2
1401,2019,Accountant,Mid,Manufacturing,Australia,Basic SEO|LLMs/GenAI|Power BI|Copy-Paste Reporting|Cold Calling|A/B Testing,6,122718.0,0.98,95.1,5.25,2,Low,Critical Risk,6,0,0.825,1,2
1402,2024,Supply Chain Analyst,Mid,Education,UK,Python|Statistics|dbt|Prompt Engineering,4,151526.0,0.05,127.1,8.6,2,Mid,Low Risk,4,1,1.019,23,2
1403,2021,Statistician,Principal,Education,USA,MLOps|Python|Statistics,3,272740.0,0.05,100.4,8.53,5,Elite,Low Risk,3,1,1.066,22,5
1404,2025,Data Engineer,Lead,Tech,Netherlands,Cold Calling|Manual Testing|MS Access|A/B Testing|LLMs/GenAI|COBOL,6,293829.0,0.98,115.3,4.32,4,Elite,Critical Risk,6,0,1.277,7,4
1405,2021,Excel Analyst,Entry,Government,UK,Statistics|Tableau|Power BI,3,72895.0,0.514,111.4,7.6,1,Low,High Risk,3,0,0.666,11,1
1406,2023,IT Support Specialist,Mid,Energy,USA,Statistics|Kubernetes|Spark/PySpark|MLOps|Legacy VBA,5,145241.0,0.896,107.2,7.04,2,Mid,Critical Risk,5,0,0.977,14,2
1407,2023,Supply Chain Analyst,Entry,Consulting,UAE,Spark/PySpark|Airflow|A/B Testing|COBOL,4,103922.0,0.486,133.7,6.52,1,Low,Moderate Risk,4,0,0.949,23,1
1408,2020,Supply Chain Analyst,Entry,Finance,Singapore,Manual Testing|Cloud (AWS/GCP)|Airflow|Kubernetes|LLMs/GenAI,5,127223.0,0.285,115.2,7.6,1,Low,Moderate Risk,5,1,1.162,23,1
1409,2021,Cloud Architect,Lead,Energy,Netherlands,Cold Calling|Spark/PySpark|MLOps|Power BI|Vector Databases,5,343045.0,0.346,126.6,7.32,4,Elite,Moderate Risk,5,1,1.491,4,4
1410,2023,Product Manager,Entry,Government,USA,LLMs/GenAI|Python|Spark/PySpark|Data Entry,4,153073.0,0.528,109.4,7.3,1,Mid,High Risk,4,0,1.398,17,1
1411,2025,Excel Analyst,Mid,Government,Australia,Excel (Basic)|Statistics|Copy-Paste Reporting,3,73795.0,0.98,99.6,3.97,2,Low,Critical Risk,3,0,0.496,11,2
1412,2024,Financial Analyst,Lead,Consulting,Canada,Manual Testing|Kubernetes|R|Tableau|Cloud (AWS/GCP)|Basic SEO,6,246647.0,0.98,136.9,6.17,4,Elite,Critical Risk,6,0,1.072,12,4
1413,2023,Cloud Architect,Senior,Healthcare,Germany,COBOL|Copy-Paste Reporting|Statistics|Cold Calling|R,5,237405.0,0.98,133.5,3.62,3,High,Critical Risk,5,0,1.221,4,3
1414,2019,Supply Chain Analyst,Senior,Media,Germany,COBOL|Vector Databases|Power BI,3,140008.0,0.465,104.5,6.03,3,Mid,Moderate Risk,3,0,0.72,23,3
1415,2023,Data Engineer,Entry,Retail,UAE,Cloud (AWS/GCP)|R|Crystal Reports,3,120388.0,0.661,120.0,5.77,1,Low,High Risk,3,0,1.099,7,1
1416,2025,DevOps Engineer,Senior,Consulting,Singapore,Copy-Paste Reporting|A/B Testing|LLMs/GenAI,3,228494.0,0.905,146.8,6.23,3,High,Critical Risk,3,0,1.175,9,3
1417,2023,SQL Developer,Mid,Retail,USA,MS Access|Vector Databases|A/B Testing|Manual Testing,4,128964.0,0.98,124.6,5.5,2,Low,Critical Risk,4,0,0.867,20,2
1418,2023,Content Strategist,Principal,Tech,Netherlands,R|Airflow|Crystal Reports|A/B Testing|LLMs/GenAI,5,251523.0,0.626,117.5,6.86,5,Elite,High Risk,5,0,0.983,5,5
1419,2019,Supply Chain Analyst,Mid,Energy,Canada,R|Manual Testing|Power BI|Copy-Paste Reporting,4,92169.0,0.98,95.8,4.53,2,Low,Critical Risk,4,0,0.62,23,2
1420,2019,Software Developer,Senior,Government,Netherlands,Statistics|Tableau|MLOps|Spark/PySpark|MS Access|Prompt Engineering,6,256072.0,0.197,95.6,7.37,3,Elite,Low Risk,6,1,1.317,21,3
1421,2021,Operations Analyst,Principal,Manufacturing,Canada,Machine Learning|Cold Calling|Power BI,3,205328.0,0.831,110.6,6.43,5,High,Critical Risk,3,0,0.803,16,5
1422,2022,BI Developer,Mid,Government,India,SQL|Excel (Basic)|dbt|Airflow|Vector Databases|Deep Learning,6,185591.0,0.183,115.3,7.67,2,High,Low Risk,6,1,1.248,2,2
1423,2021,Data Engineer,Lead,Finance,Brazil,dbt|Tableau|Spark/PySpark|Legacy VBA,4,269991.0,0.53,103.9,6.7,4,Elite,High Risk,4,0,1.174,7,4
1424,2021,Data Analyst,Entry,Media,Germany,Cold Calling|Data Entry|Manual Testing,3,62134.0,0.98,110.8,2.1,1,Low,Critical Risk,3,0,0.567,6,1
1425,2024,IT Support Specialist,Senior,Finance,Netherlands,Spark/PySpark|Deep Learning|Cold Calling|MS Access|MLOps|Kubernetes,6,208194.0,0.98,122.4,6.52,3,High,Critical Risk,6,0,1.07,14,3
1426,2019,Software Developer,Senior,Finance,UAE,Excel (Basic)|LLMs/GenAI|Crystal Reports|COBOL|Statistics|Prompt Engineering,6,223743.0,0.98,95.2,5.5,3,High,Critical Risk,6,0,1.15,21,3
1427,2019,Data Scientist,Principal,Energy,Australia,Copy-Paste Reporting|Legacy VBA|Statistics|Basic SEO,4,221059.0,0.98,110.5,3.35,5,High,Critical Risk,4,0,0.864,8,5
1428,2022,QA Engineer,Entry,Finance,Germany,Kubernetes|Data Entry|A/B Testing|MLOps|Power BI,5,110959.0,0.98,115.9,6.86,1,Low,Critical Risk,5,0,1.013,18,1
1429,2021,DevOps Engineer,Entry,Tech,UK,Airflow|Excel (Basic)|Statistics|Copy-Paste Reporting|Basic SEO|Power BI,6,116198.0,0.98,115.0,5.17,1,Low,Critical Risk,6,0,1.061,9,1
1430,2019,Operations Analyst,Lead,Media,Brazil,Manual Testing|A/B Testing|Legacy VBA|SQL|Machine Learning|Copy-Paste Reporting,6,186153.0,0.98,103.0,5.12,4,High,Critical Risk,6,0,0.809,16,4
1431,2025,HR Analyst,Entry,Energy,UK,Cold Calling|Airflow|Vector Databases,3,88793.0,0.937,139.4,6.47,1,Low,Critical Risk,3,0,0.811,13,1
1432,2024,Accountant,Lead,Government,USA,Data Entry|COBOL|Tableau|Copy-Paste Reporting|Excel (Basic),5,142817.0,0.98,145.5,2.96,4,Mid,Critical Risk,5,0,0.621,1,4
1433,2019,Software Developer,Lead,Tech,Canada,Python|Data Entry|MLOps|Cloud (AWS/GCP),4,256674.0,0.564,95.1,7.18,4,Elite,High Risk,4,0,1.116,21,4
1434,2022,Data Analyst,Lead,Manufacturing,Australia,Vector Databases|Airflow|Kubernetes|Tableau|COBOL,5,228479.0,0.422,100.6,6.86,4,High,Moderate Risk,5,0,0.993,6,4
1435,2022,Operations Analyst,Senior,Healthcare,Canada,MS Access|SQL|Cold Calling|Vector Databases|Basic SEO,5,141168.0,0.98,104.6,4.76,3,Mid,Critical Risk,5,0,0.726,16,3
1436,2022,Data Scientist,Senior,Education,Brazil,MLOps|Basic SEO|Prompt Engineering|Cloud (AWS/GCP),4,241464.0,0.256,137.1,7.58,3,High,Moderate Risk,4,1,1.242,8,3
1437,2019,HR Analyst,Lead,Education,Brazil,Data Entry|LLMs/GenAI|Cold Calling|SQL|dbt|Kubernetes,6,209815.0,0.98,100.2,6.23,4,High,Critical Risk,6,0,0.912,13,4
1438,2022,DevOps Engineer,Senior,Consulting,Australia,LLMs/GenAI|MLOps|Python|Cloud (AWS/GCP),4,283348.0,0.05,113.6,9.25,3,Elite,Low Risk,4,1,1.457,9,3
1439,2021,Content Strategist,Principal,Manufacturing,Netherlands,SQL|Manual Testing|Crystal Reports|Deep Learning,4,186008.0,0.98,102.3,5.3,5,High,Critical Risk,4,0,0.727,5,5
1440,2019,Operations Analyst,Principal,Government,Germany,Crystal Reports|MLOps|R|Vector Databases,4,231539.0,0.595,98.3,6.6,5,High,High Risk,4,0,0.905,16,5
1441,2022,Machine Learning Engineer,Senior,Energy,Brazil,MLOps|Airflow|Tableau,3,254944.0,0.05,136.9,8.3,3,Elite,Low Risk,3,1,1.311,15,3
1442,2020,SEO Specialist,Mid,Manufacturing,USA,Airflow|Basic SEO|Crystal Reports|Copy-Paste Reporting|Cold Calling|MS Access,6,73541.0,0.98,111.6,3.05,2,Low,Critical Risk,6,0,0.494,19,2
1443,2025,SQL Developer,Mid,Tech,Germany,Python|Copy-Paste Reporting|Manual Testing|Statistics,4,121222.0,0.98,140.8,5.1,2,Low,Critical Risk,4,0,0.815,20,2
1444,2022,SEO Specialist,Principal,Energy,Canada,LLMs/GenAI|A/B Testing|Excel (Basic)|SQL|Data Entry|COBOL,6,222451.0,0.98,126.9,5.23,5,High,Critical Risk,6,0,0.87,19,5
1445,2022,Product Manager,Senior,Education,Germany,Vector Databases|Copy-Paste Reporting|Airflow|MLOps|R|Basic SEO,6,260214.0,0.98,110.7,6.15,3,Elite,Critical Risk,6,0,1.338,17,3
1446,2024,Data Engineer,Senior,Retail,Netherlands,Cloud (AWS/GCP)|COBOL|A/B Testing|Crystal Reports,4,228578.0,0.965,136.3,4.98,3,High,Critical Risk,4,0,1.175,7,3
1447,2021,Machine Learning Engineer,Principal,Retail,Australia,Tableau|Kubernetes|Excel (Basic)|Basic SEO,4,305312.0,0.84,109.8,5.55,5,Elite,Critical Risk,4,0,1.194,15,5
1448,2023,IT Support Specialist,Lead,Energy,Singapore,LLMs/GenAI|Python|R,3,188509.0,0.318,111.1,8.5,4,High,Moderate Risk,3,1,0.82,14,4
1449,2024,Business Analyst,Senior,Consulting,India,Legacy VBA|Vector Databases|Deep Learning,3,180274.0,0.636,157.5,6.73,3,Mid,High Risk,3,0,0.927,3,3
1450,2021,Financial Analyst,Senior,Tech,Brazil,Power BI|Crystal Reports|Cold Calling|Spark/PySpark|SQL|dbt,6,172951.0,0.98,114.4,6.05,3,Mid,Critical Risk,6,0,0.889,12,3
1451,2021,SEO Specialist,Senior,Education,Canada,Spark/PySpark|Cold Calling|R|Legacy VBA|Excel (Basic)|MLOps,6,144746.0,0.98,120.0,5.28,3,Mid,Critical Risk,6,0,0.744,19,3
1452,2023,Business Analyst,Senior,Energy,UK,Manual Testing|Deep Learning|A/B Testing,3,158945.0,0.572,128.1,6.6,3,Mid,High Risk,3,0,0.817,3,3
1453,2020,Product Manager,Mid,Retail,Brazil,Basic SEO|LLMs/GenAI|Python|Data Entry,4,169747.0,0.98,114.2,5.88,2,Mid,Critical Risk,4,0,1.141,17,2
1454,2024,Machine Learning Engineer,Senior,Finance,UK,Excel (Basic)|Crystal Reports|Legacy VBA|SQL|Power BI|Cold Calling,6,230088.0,0.98,140.7,4.1,3,High,Critical Risk,6,0,1.183,15,3
1455,2020,Cloud Architect,Mid,Finance,Germany,LLMs/GenAI|Crystal Reports|Power BI|Kubernetes|Statistics,5,216120.0,0.311,99.9,6.98,2,High,Moderate Risk,5,0,1.453,4,2
1456,2021,Software Developer,Mid,Retail,Australia,MLOps|Tableau|Cold Calling,3,155914.0,0.704,106.0,6.2,2,Mid,High Risk,3,0,1.048,21,2
1457,2021,Data Analyst,Principal,Tech,Netherlands,Legacy VBA|Vector Databases|Cloud (AWS/GCP),3,216822.0,0.707,98.7,6.7,5,High,High Risk,3,0,0.848,6,5
1458,2023,Data Analyst,Entry,Education,Singapore,Python|COBOL|Excel (Basic)|Vector Databases|Copy-Paste Reporting,5,93794.0,0.98,111.5,4.8,1,Low,Critical Risk,5,0,0.856,6,1
1459,2020,SQL Developer,Principal,Consulting,India,Vector Databases|Cloud (AWS/GCP)|Copy-Paste Reporting|Legacy VBA,4,230984.0,0.98,94.3,5.28,5,High,Critical Risk,4,0,0.903,20,5
1460,2023,DevOps Engineer,Principal,Healthcare,UAE,A/B Testing|Spark/PySpark|Basic SEO|Tableau,4,325030.0,0.609,105.3,6.8,5,Elite,High Risk,4,0,1.271,9,5
1461,2019,SEO Specialist,Entry,Manufacturing,Germany,Vector Databases|Legacy VBA|LLMs/GenAI,3,85160.0,0.805,96.7,6.97,1,Low,Critical Risk,3,0,0.778,19,1
1462,2020,Machine Learning Engineer,Lead,Retail,Brazil,Manual Testing|MLOps|Tableau|Legacy VBA,4,271077.0,0.937,105.5,5.35,4,Elite,Critical Risk,4,0,1.178,15,4
1463,2022,IT Support Specialist,Entry,Media,UK,Airflow|Vector Databases|Spark/PySpark|Basic SEO|Statistics,5,96140.0,0.762,97.4,7.3,1,Low,Critical Risk,5,0,0.878,14,1
1464,2022,Business Analyst,Senior,Tech,UAE,Copy-Paste Reporting|A/B Testing|Deep Learning,3,165036.0,0.98,130.0,6.0,3,Mid,Critical Risk,3,0,0.849,3,3
1465,2021,Content Strategist,Principal,Energy,Netherlands,Cold Calling|R|Data Entry|dbt|Prompt Engineering|MLOps,6,245431.0,0.98,110.9,6.13,5,Elite,Critical Risk,6,0,0.96,5,5
1466,2025,SQL Developer,Senior,Government,Singapore,SQL|Deep Learning|Statistics|Python|COBOL|Cloud (AWS/GCP),6,244372.0,0.323,96.5,7.23,3,High,Moderate Risk,6,1,1.257,20,3
1467,2022,Accountant,Lead,Manufacturing,UAE,Cold Calling|Legacy VBA|Crystal Reports|Machine Learning|A/B Testing,5,183689.0,0.98,133.4,4.64,4,Mid,Critical Risk,5,0,0.799,1,4
1468,2020,Data Scientist,Senior,Energy,Brazil,Data Entry|MLOps|MS Access|Machine Learning,4,218559.0,0.98,109.1,5.55,3,High,Critical Risk,4,0,1.124,8,3
1469,2019,AI Engineer,Lead,Retail,Australia,Basic SEO|Legacy VBA|Copy-Paste Reporting,3,227224.0,0.98,99.4,2.0,4,High,Critical Risk,3,0,0.988,0,4
1470,2023,Content Strategist,Mid,Media,Australia,dbt|Cloud (AWS/GCP)|Tableau,3,117425.0,0.236,150.4,8.37,2,Low,Low Risk,3,1,0.79,5,2
1471,2020,Operations Analyst,Senior,Finance,Canada,dbt|Excel (Basic)|Data Entry|Manual Testing|Python|Machine Learning,6,173880.0,0.98,105.9,5.83,3,Mid,Critical Risk,6,0,0.894,16,3
1472,2020,Operations Analyst,Entry,Manufacturing,USA,Legacy VBA|Basic SEO|MLOps|LLMs/GenAI,4,85909.0,0.98,114.9,5.95,1,Low,Critical Risk,4,0,0.784,16,1
1473,2025,Excel Analyst,Senior,Government,USA,Spark/PySpark|Manual Testing|Airflow|Legacy VBA,4,141092.0,0.98,95.7,5.45,3,Mid,Critical Risk,4,0,0.725,11,3
1474,2022,Supply Chain Analyst,Principal,Manufacturing,Canada,Power BI|Crystal Reports|Python|Basic SEO|SQL,5,203693.0,0.98,108.9,5.86,5,High,Critical Risk,5,0,0.796,23,5
1475,2020,Digital Marketer,Senior,Energy,USA,Machine Learning|Crystal Reports|Cold Calling|Tableau|Spark/PySpark|Legacy VBA,6,166843.0,0.98,104.4,5.27,3,Mid,Critical Risk,6,0,0.858,10,3
1476,2019,HR Analyst,Entry,Finance,India,Deep Learning|LLMs/GenAI|R|MLOps|Basic SEO|Kubernetes,6,124461.0,0.311,95.8,7.58,1,Low,Moderate Risk,6,1,1.137,13,1
1477,2024,Operations Analyst,Lead,Manufacturing,Netherlands,Prompt Engineering|Copy-Paste Reporting|Excel (Basic)|Kubernetes|Cloud (AWS/GCP),5,237662.0,0.98,139.1,6.18,4,High,Critical Risk,5,0,1.033,16,4
1478,2022,SQL Developer,Entry,Media,UAE,Spark/PySpark|A/B Testing|Machine Learning|Statistics,4,107366.0,0.05,102.6,8.38,1,Low,Low Risk,4,1,0.98,20,1
1479,2019,Excel Analyst,Entry,Government,India,Cold Calling|Crystal Reports|COBOL,3,43359.0,0.98,105.9,1.67,1,Low,Critical Risk,3,0,0.396,11,1
1480,2022,Accountant,Senior,Consulting,India,Manual Testing|Cold Calling|Machine Learning|Legacy VBA|A/B Testing|dbt,6,169831.0,0.98,131.6,5.45,3,Mid,Critical Risk,6,0,0.873,1,3
1481,2024,Cloud Architect,Entry,Energy,USA,MLOps|Copy-Paste Reporting|Kubernetes|LLMs/GenAI,4,172934.0,0.622,130.3,6.98,1,Mid,High Risk,4,0,1.579,4,1
1482,2020,HR Analyst,Entry,Government,Singapore,Prompt Engineering|A/B Testing|Deep Learning|Airflow,4,111026.0,0.05,100.0,8.65,1,Low,Low Risk,4,1,1.014,13,1
1483,2020,Cloud Architect,Lead,Tech,UAE,Basic SEO|Airflow|Manual Testing,3,244248.0,0.98,109.7,4.7,4,High,Critical Risk,3,0,1.062,4,4
1484,2023,BI Developer,Mid,Media,Australia,Cloud (AWS/GCP)|Legacy VBA|Deep Learning,3,156533.0,0.725,121.9,6.7,2,Mid,High Risk,3,0,1.052,2,2
1485,2023,Data Analyst,Principal,Healthcare,Australia,Machine Learning|Spark/PySpark|Cloud (AWS/GCP)|Legacy VBA|Airflow,5,309678.0,0.529,114.6,7.5,5,Elite,High Risk,5,0,1.211,6,5
1486,2019,Financial Analyst,Entry,Government,Brazil,Copy-Paste Reporting|Airflow|Cold Calling,3,71943.0,0.98,93.3,3.77,1,Low,Critical Risk,3,0,0.657,12,1
1487,2023,SEO Specialist,Entry,Tech,UAE,Prompt Engineering|Legacy VBA|Manual Testing|SQL|Tableau|Airflow,6,86292.0,0.98,141.3,6.25,1,Low,Critical Risk,6,0,0.788,19,1
1488,2023,Statistician,Senior,Consulting,UAE,Tableau|R|Vector Databases|Airflow,4,213021.0,0.05,119.6,7.88,3,High,Low Risk,4,1,1.095,22,3
1489,2024,Product Manager,Mid,Government,Germany,Vector Databases|MS Access|Python|Power BI,4,182724.0,0.37,154.5,7.08,2,Mid,Moderate Risk,4,0,1.229,17,2
1490,2020,Business Analyst,Lead,Government,Netherlands,SQL|Spark/PySpark|Basic SEO|Data Entry,4,168112.0,0.98,107.5,5.18,4,Mid,Critical Risk,4,0,0.731,3,4
1491,2022,QA Engineer,Lead,Consulting,UAE,SQL|Tableau|Vector Databases|MLOps|Cold Calling|Legacy VBA,6,244888.0,0.98,109.4,6.2,4,High,Critical Risk,6,0,1.065,18,4
1492,2024,Content Strategist,Mid,Retail,Canada,Excel (Basic)|dbt|Copy-Paste Reporting|MS Access,4,92721.0,0.98,145.5,3.8,2,Low,Critical Risk,4,0,0.623,5,2
1493,2023,DevOps Engineer,Lead,Media,Singapore,Data Entry|Prompt Engineering|dbt|SQL|Spark/PySpark,5,302889.0,0.623,119.8,7.1,4,Elite,High Risk,5,0,1.317,9,4
1494,2023,HR Analyst,Lead,Manufacturing,Brazil,Machine Learning|dbt|Basic SEO|MLOps|R|LLMs/GenAI,6,289151.0,0.314,135.8,7.72,4,Elite,Moderate Risk,6,1,1.257,13,4
1495,2023,QA Engineer,Mid,Consulting,USA,SQL|Excel (Basic)|Legacy VBA|LLMs/GenAI,4,130524.0,0.98,98.8,5.7,2,Low,Critical Risk,4,0,0.878,18,2
1496,2024,Supply Chain Analyst,Principal,Healthcare,Singapore,Spark/PySpark|Power BI|MLOps|Tableau,4,268438.0,0.058,119.4,8.28,5,Elite,Low Risk,4,1,1.05,23,5
1497,2024,Data Engineer,Lead,Education,Brazil,Legacy VBA|Cloud (AWS/GCP)|COBOL,3,258121.0,0.98,115.2,4.07,4,Elite,Critical Risk,3,0,1.122,7,4
1498,2019,Data Analyst,Entry,Education,UK,Vector Databases|dbt|MS Access|Spark/PySpark|Prompt Engineering,5,108462.0,0.312,97.7,7.56,1,Low,Moderate Risk,5,1,0.99,6,1
1499,2021,Accountant,Senior,Energy,UAE,MLOps|Crystal Reports|LLMs/GenAI|Prompt Engineering|Cold Calling|Cloud (AWS/GCP),6,230191.0,0.98,116.0,6.82,3,High,Critical Risk,6,0,1.184,1,3
1500,2020,Data Engineer,Mid,Government,UK,LLMs/GenAI|R|Basic SEO|Data Entry|Statistics|Crystal Reports,6,179634.0,0.98,105.9,5.0,2,Mid,Critical Risk,6,0,1.208,7,2
1501,2024,Excel Analyst,Entry,Healthcare,UAE,Cold Calling|Machine Learning|Spark/PySpark,3,82112.0,0.98,121.1,6.73,1,Low,Critical Risk,3,0,0.75,11,1
1502,2022,Software Developer,Lead,Healthcare,USA,Tableau|Excel (Basic)|LLMs/GenAI|Python|Statistics,5,294491.0,0.119,136.3,7.5,4,Elite,Low Risk,5,1,1.28,21,4
1503,2023,DevOps Engineer,Senior,Finance,Australia,LLMs/GenAI|Spark/PySpark|Manual Testing,3,240832.0,0.398,123.3,7.1,3,High,Moderate Risk,3,0,1.238,9,3
1504,2022,Data Engineer,Entry,Retail,Australia,Crystal Reports|COBOL|Deep Learning|Vector Databases|Manual Testing,5,140342.0,0.98,140.8,4.8,1,Mid,Critical Risk,5,0,1.282,7,1
1505,2022,Data Analyst,Principal,Energy,Singapore,Vector Databases|Copy-Paste Reporting|Kubernetes|dbt,4,244734.0,0.937,120.5,6.68,5,High,Critical Risk,4,0,0.957,6,5
1506,2023,Data Analyst,Lead,Education,India,Data Entry|Airflow|Crystal Reports,3,142918.0,0.98,122.0,3.87,4,Mid,Critical Risk,3,0,0.621,6,4
1507,2022,QA Engineer,Senior,Tech,Germany,Legacy VBA|Deep Learning|MLOps|R|Machine Learning|Spark/PySpark,6,262375.0,0.488,114.7,7.47,3,Elite,Moderate Risk,6,0,1.349,18,3
1508,2023,Data Analyst,Principal,Tech,Germany,dbt|Statistics|SQL|COBOL|Machine Learning|Crystal Reports,6,271681.0,0.98,145.3,5.98,5,Elite,Critical Risk,6,0,1.062,6,5
1509,2024,Software Developer,Senior,Education,Netherlands,Power BI|Crystal Reports|MLOps|Spark/PySpark|Vector Databases|Kubernetes,6,297669.0,0.349,130.7,7.42,3,Elite,Moderate Risk,6,1,1.531,21,3
1510,2022,AI Engineer,Senior,Finance,UAE,COBOL|Legacy VBA|MLOps,3,244888.0,0.953,129.1,4.07,3,High,Critical Risk,3,0,1.259,0,3
1511,2019,Data Analyst,Mid,Finance,Canada,LLMs/GenAI|Vector Databases|Deep Learning,3,152840.0,0.05,102.5,9.33,2,Mid,Low Risk,3,1,1.028,6,2
1512,2025,Excel Analyst,Entry,Finance,USA,MS Access|COBOL|MLOps,3,69782.0,0.98,131.0,4.13,1,Low,Critical Risk,3,0,0.637,11,1
1513,2023,Data Scientist,Mid,Energy,UAE,COBOL|Legacy VBA|Cloud (AWS/GCP)|Manual Testing|Machine Learning,5,178733.0,0.98,135.1,4.9,2,Mid,Critical Risk,5,0,1.202,8,2
1514,2020,Product Manager,Entry,Healthcare,UK,Python|Power BI|COBOL,3,115299.0,0.374,118.6,6.07,1,Low,Moderate Risk,3,0,1.053,17,1
1515,2020,Business Analyst,Entry,Government,Australia,Statistics|Basic SEO|dbt|Crystal Reports,4,70075.0,0.98,113.7,5.18,1,Low,Critical Risk,4,0,0.64,3,1
1516,2023,Operations Analyst,Mid,Consulting,Germany,Tableau|LLMs/GenAI|A/B Testing,3,139871.0,0.127,108.0,8.43,2,Mid,Low Risk,3,1,0.94,16,2
1517,2020,SQL Developer,Senior,Healthcare,Netherlands,Crystal Reports|Cloud (AWS/GCP)|Cold Calling|Deep Learning,4,173279.0,0.98,105.8,5.48,3,Mid,Critical Risk,4,0,0.891,20,3
1518,2025,Cloud Architect,Mid,Healthcare,Singapore,Manual Testing|Power BI|A/B Testing|Data Entry|Prompt Engineering,5,215796.0,0.98,120.3,5.86,2,High,Critical Risk,5,0,1.451,4,2
1519,2021,DevOps Engineer,Mid,Media,USA,Prompt Engineering|Cold Calling|LLMs/GenAI|Deep Learning|Machine Learning,5,229553.0,0.091,100.2,7.94,2,High,Low Risk,5,1,1.543,9,2
1520,2021,Product Manager,Entry,Energy,Singapore,Legacy VBA|Cold Calling|Crystal Reports,3,93150.0,0.98,116.2,1.93,1,Low,Critical Risk,3,0,0.851,17,1
1521,2024,Supply Chain Analyst,Entry,Education,Brazil,Crystal Reports|Legacy VBA|Manual Testing|Deep Learning|Excel (Basic),5,84086.0,0.98,118.6,3.84,1,Low,Critical Risk,5,0,0.768,23,1
1522,2025,Cloud Architect,Lead,Education,UAE,Statistics|Prompt Engineering|Cold Calling|MLOps|R,5,362944.0,0.444,169.1,6.84,4,Elite,Moderate Risk,5,0,1.578,4,4
1523,2020,Excel Analyst,Principal,Healthcare,USA,Power BI|Tableau|MLOps|COBOL|Copy-Paste Reporting,5,195219.0,0.98,113.7,5.32,5,High,Critical Risk,5,0,0.763,11,5
1524,2022,IT Support Specialist,Lead,Consulting,India,MS Access|Cold Calling|SQL|Power BI,4,121706.0,0.98,118.0,4.88,4,Low,Critical Risk,4,0,0.529,14,4
1525,2025,Data Engineer,Senior,Government,India,Vector Databases|Python|Power BI|Legacy VBA|LLMs/GenAI|Spark/PySpark,6,332197.0,0.182,143.8,7.77,3,Elite,Low Risk,6,1,1.708,7,3
1526,2020,SQL Developer,Entry,Tech,Singapore,Spark/PySpark|Kubernetes|MLOps|dbt|Python|Statistics,6,141111.0,0.05,110.0,8.48,1,Mid,Low Risk,6,1,1.289,20,1
1527,2021,SEO Specialist,Senior,Retail,Canada,Manual Testing|MS Access|Statistics|Power BI|Cold Calling|LLMs/GenAI,6,150048.0,0.98,114.8,5.33,3,Mid,Critical Risk,6,0,0.772,19,3
1528,2024,Business Analyst,Senior,Finance,UK,Crystal Reports|Statistics|Manual Testing|Prompt Engineering|Spark/PySpark,5,183008.0,0.98,125.7,6.0,3,Mid,Critical Risk,5,0,0.941,3,3
1529,2022,SQL Developer,Lead,Consulting,USA,Data Entry|LLMs/GenAI|MLOps|Prompt Engineering|Legacy VBA,5,254828.0,0.98,114.7,6.32,4,Elite,Critical Risk,5,0,1.108,20,4
1530,2023,Machine Learning Engineer,Principal,Healthcare,Netherlands,MLOps|MS Access|Vector Databases|COBOL|Crystal Reports,5,371884.0,0.98,137.2,4.66,5,Elite,Critical Risk,5,0,1.454,15,5
1531,2021,Financial Analyst,Lead,Finance,USA,Vector Databases|Power BI|Airflow|dbt|MLOps|Crystal Reports,6,264655.0,0.446,111.4,7.42,4,Elite,Moderate Risk,6,0,1.151,12,4
1532,2025,Cloud Architect,Lead,Manufacturing,Netherlands,Excel (Basic)|COBOL|MLOps|Crystal Reports|dbt,5,318013.0,0.98,166.9,4.8,4,Elite,Critical Risk,5,0,1.382,4,4
1533,2021,HR Analyst,Principal,Retail,Brazil,Basic SEO|Airflow|Statistics|Excel (Basic),4,173437.0,0.98,115.5,5.55,5,Mid,Critical Risk,4,0,0.678,13,5
1534,2019,Cloud Architect,Principal,Finance,Singapore,Manual Testing|MLOps|Deep Learning|A/B Testing,4,377350.0,0.144,104.7,7.2,5,Elite,Low Risk,4,1,1.475,4,5
1535,2023,Product Manager,Senior,Finance,UAE,Cold Calling|dbt|COBOL|Copy-Paste Reporting|Kubernetes|Crystal Reports,6,226250.0,0.98,108.3,3.77,3,High,Critical Risk,6,0,1.163,17,3
1536,2025,Business Analyst,Lead,Retail,Canada,MLOps|Vector Databases|Basic SEO,3,217087.0,0.6,151.7,7.03,4,High,High Risk,3,0,0.944,3,4
1537,2023,Data Engineer,Senior,Education,UAE,Manual Testing|R|dbt|Basic SEO|COBOL,5,214356.0,0.98,134.2,4.4,3,High,Critical Risk,5,0,1.102,7,3
1538,2023,Accountant,Entry,Manufacturing,USA,A/B Testing|COBOL|Prompt Engineering|Airflow,4,88075.0,0.803,137.1,6.68,1,Low,Critical Risk,4,0,0.804,1,1
1539,2022,Operations Analyst,Entry,Manufacturing,Germany,Spark/PySpark|Prompt Engineering|Python|Data Entry,4,105898.0,0.756,131.0,7.18,1,Low,Critical Risk,4,0,0.967,16,1
1540,2022,Data Scientist,Senior,Consulting,India,Data Entry|SQL|R|LLMs/GenAI|Manual Testing|Tableau,6,217098.0,0.98,128.2,5.95,3,High,Critical Risk,6,0,1.116,8,3
1541,2019,Statistician,Lead,Manufacturing,Canada,Prompt Engineering|LLMs/GenAI|Excel (Basic)|Spark/PySpark|MLOps|Python,6,315481.0,0.05,95.6,8.25,4,Elite,Low Risk,6,1,1.371,22,4
1542,2025,Cloud Architect,Principal,Consulting,Australia,MLOps|Basic SEO|MS Access|SQL,4,365073.0,0.98,151.3,5.42,5,Elite,Critical Risk,4,0,1.427,4,5
1543,2024,QA Engineer,Senior,Government,India,Manual Testing|Basic SEO|Cold Calling|Machine Learning|Data Entry,5,156807.0,0.98,104.6,3.76,3,Mid,Critical Risk,5,0,0.806,18,3
1544,2023,Financial Analyst,Entry,Media,USA,Statistics|Deep Learning|Spark/PySpark|Cloud (AWS/GCP),4,134951.0,0.05,126.2,8.55,1,Mid,Low Risk,4,1,1.232,12,1
1545,2024,Excel Analyst,Entry,Education,Australia,Deep Learning|Power BI|MLOps|Cold Calling|Statistics,5,111619.0,0.98,101.6,7.06,1,Low,Critical Risk,5,0,1.019,11,1
1546,2019,Content Strategist,Lead,Government,India,Basic SEO|dbt|Tableau,3,121828.0,0.846,93.9,6.37,4,Low,Critical Risk,3,0,0.53,5,4
1547,2025,Statistician,Mid,Retail,USA,Machine Learning|Data Entry|Basic SEO,3,123888.0,0.98,157.9,4.67,2,Low,Critical Risk,3,0,0.833,22,2
1548,2022,Business Analyst,Entry,Retail,Canada,Copy-Paste Reporting|Spark/PySpark|A/B Testing|MLOps,4,107068.0,0.898,122.6,6.65,1,Low,Critical Risk,4,0,0.978,3,1
1549,2025,HR Analyst,Lead,Tech,Netherlands,Statistics|Python|Legacy VBA|Crystal Reports|Power BI,5,186784.0,0.98,138.0,5.64,4,High,Critical Risk,5,0,0.812,13,4
1550,2019,SQL Developer,Principal,Tech,Canada,Excel (Basic)|Statistics|Python|Vector Databases,4,235627.0,0.301,98.9,7.3,5,High,Moderate Risk,4,1,0.921,20,5
1551,2023,DevOps Engineer,Principal,Healthcare,Singapore,Spark/PySpark|R|Python|Data Entry,4,315556.0,0.749,138.0,6.48,5,Elite,High Risk,4,0,1.234,9,5
1552,2021,Statistician,Principal,Education,Netherlands,LLMs/GenAI|Basic SEO|dbt|Cold Calling|Manual Testing|Kubernetes,6,298902.0,0.98,121.5,5.7,5,Elite,Critical Risk,6,0,1.169,22,5
1553,2021,Statistician,Lead,Finance,Germany,Python|Tableau|Manual Testing|Data Entry|Legacy VBA|A/B Testing,6,213253.0,0.98,120.6,5.17,4,High,Critical Risk,6,0,0.927,22,4
1554,2020,BI Developer,Entry,Tech,Singapore,MS Access|Copy-Paste Reporting|dbt,3,73632.0,0.98,102.6,3.9,1,Low,Critical Risk,3,0,0.672,2,1
1555,2023,Product Manager,Senior,Retail,Brazil,Vector Databases|Tableau|Machine Learning|Data Entry|Airflow,5,262437.0,0.506,134.3,7.2,3,Elite,High Risk,5,0,1.349,17,3
1556,2025,Statistician,Mid,Media,USA,Python|dbt|Basic SEO|LLMs/GenAI|Copy-Paste Reporting,5,176886.0,0.98,140.4,6.3,2,Mid,Critical Risk,5,0,1.189,22,2
1557,2022,Product Manager,Lead,Education,UAE,Manual Testing|Cold Calling|LLMs/GenAI|Statistics|Basic SEO|R,6,271483.0,0.98,127.2,5.25,4,Elite,Critical Risk,6,0,1.18,17,4
1558,2025,Supply Chain Analyst,Mid,Finance,Brazil,Python|Copy-Paste Reporting|Manual Testing,3,98793.0,0.98,109.7,4.33,2,Low,Critical Risk,3,0,0.664,23,2
1559,2019,Statistician,Entry,Manufacturing,UAE,MS Access|Excel (Basic)|LLMs/GenAI|Cloud (AWS/GCP)|Machine Learning|Vector Databases,6,148113.0,0.291,103.5,7.18,1,Mid,Moderate Risk,6,1,1.352,22,1
1560,2020,QA Engineer,Senior,Finance,Germany,Data Entry|Python|Prompt Engineering|Cold Calling|Machine Learning|Cloud (AWS/GCP),6,229389.0,0.98,101.3,6.75,3,High,Critical Risk,6,0,1.179,18,3
1561,2021,IT Support Specialist,Mid,Finance,USA,LLMs/GenAI|Python|Cloud (AWS/GCP)|Deep Learning|MS Access|Airflow,6,175243.0,0.373,110.5,7.93,2,Mid,Moderate Risk,6,0,1.178,14,2
1562,2023,Operations Analyst,Principal,Manufacturing,Germany,Crystal Reports|Excel (Basic)|Statistics,3,165792.0,0.98,113.9,4.23,5,Mid,Critical Risk,3,0,0.648,16,5
1563,2024,Data Engineer,Mid,Finance,Singapore,Python|Machine Learning|Statistics|Power BI|Tableau|Cold Calling,6,212581.0,0.386,111.5,7.25,2,High,Moderate Risk,6,0,1.429,7,2
1564,2019,Financial Analyst,Entry,Finance,Germany,MS Access|Statistics|dbt|COBOL|Kubernetes,5,94335.0,0.98,101.2,5.48,1,Low,Critical Risk,5,0,0.861,12,1
1565,2021,SQL Developer,Mid,Consulting,USA,Copy-Paste Reporting|Excel (Basic)|Basic SEO,3,90331.0,0.98,110.2,2.5,2,Low,Critical Risk,3,0,0.607,20,2
1566,2023,Operations Analyst,Lead,Retail,USA,Vector Databases|Deep Learning|Manual Testing|Tableau|Basic SEO,5,227479.0,0.98,133.3,6.32,4,High,Critical Risk,5,0,0.989,16,4
1567,2020,DevOps Engineer,Senior,Media,Netherlands,MLOps|MS Access|Data Entry|Vector Databases,4,216496.0,0.98,101.1,5.45,3,High,Critical Risk,4,0,1.113,9,3
1568,2023,Software Developer,Senior,Consulting,Australia,Spark/PySpark|Basic SEO|Legacy VBA|Cold Calling|Statistics,5,190113.0,0.98,137.9,4.62,3,High,Critical Risk,5,0,0.978,21,3
1569,2022,DevOps Engineer,Lead,Finance,Brazil,Spark/PySpark|MLOps|Vector Databases|Data Entry|Tableau,5,320307.0,0.521,126.6,7.18,4,Elite,High Risk,5,0,1.392,9,4
1570,2023,Supply Chain Analyst,Mid,Tech,Australia,Manual Testing|MLOps|R|Data Entry,4,114179.0,0.98,141.1,4.95,2,Low,Critical Risk,4,0,0.768,23,2
1571,2020,Financial Analyst,Mid,Retail,Singapore,Basic SEO|Power BI|Cloud (AWS/GCP),3,112270.0,0.803,114.0,6.6,2,Low,Critical Risk,3,0,0.755,12,2
1572,2023,Business Analyst,Principal,Finance,Brazil,Kubernetes|R|Legacy VBA,3,202754.0,0.842,145.5,5.53,5,High,Critical Risk,3,0,0.793,3,5
1573,2024,Excel Analyst,Senior,Consulting,UK,MS Access|Basic SEO|COBOL|Vector Databases|R,5,147223.0,0.98,135.5,4.4,3,Mid,Critical Risk,5,0,0.757,11,3
1574,2023,Supply Chain Analyst,Lead,Retail,Brazil,MS Access|Power BI|Crystal Reports|Cold Calling|Cloud (AWS/GCP),5,182141.0,0.98,119.6,4.56,4,Mid,Critical Risk,5,0,0.792,23,4
1575,2024,IT Support Specialist,Mid,Retail,USA,Statistics|Spark/PySpark|Deep Learning,3,128381.0,0.326,119.3,8.4,2,Low,Moderate Risk,3,1,0.863,14,2
1576,2021,Excel Analyst,Lead,Manufacturing,Canada,Basic SEO|dbt|Python,3,134691.0,0.98,91.9,6.9,4,Mid,Critical Risk,3,0,0.586,11,4
1577,2021,Machine Learning Engineer,Mid,Healthcare,UK,Kubernetes|Tableau|Cloud (AWS/GCP),3,202738.0,0.05,106.5,8.23,2,High,Low Risk,3,1,1.363,15,2
1578,2021,Supply Chain Analyst,Lead,Tech,Brazil,MLOps|SQL|Vector Databases|dbt|Prompt Engineering,5,266660.0,0.05,114.9,8.68,4,Elite,Low Risk,5,1,1.159,23,4
1579,2023,Digital Marketer,Principal,Energy,USA,Machine Learning|Statistics|MLOps|Vector Databases|Python|Kubernetes,6,365774.0,0.05,132.1,8.72,5,Elite,Low Risk,6,1,1.43,10,5
1580,2025,Software Developer,Principal,Finance,Singapore,Legacy VBA|Statistics|Python|SQL|Machine Learning,5,346895.0,0.439,173.3,7.12,5,Elite,Moderate Risk,5,0,1.356,21,5
1581,2025,Data Scientist,Lead,Manufacturing,Netherlands,Deep Learning|Airflow|MS Access,3,275316.0,0.505,161.8,6.53,4,Elite,High Risk,3,0,1.197,8,4
1582,2024,Machine Learning Engineer,Lead,Government,Australia,Manual Testing|Statistics|Machine Learning|MLOps,4,343848.0,0.243,124.1,7.18,4,Elite,Low Risk,4,1,1.495,15,4
1583,2025,Operations Analyst,Lead,Retail,Brazil,Cloud (AWS/GCP)|Python|Legacy VBA|Spark/PySpark|Excel (Basic)|COBOL,6,245786.0,0.98,154.5,5.6,4,Elite,Critical Risk,6,0,1.069,16,4
1584,2023,IT Support Specialist,Entry,Media,India,Kubernetes|Crystal Reports|Excel (Basic)|SQL|R|Data Entry,6,75976.0,0.98,115.7,4.82,1,Low,Critical Risk,6,0,0.694,14,1
1585,2021,Financial Analyst,Entry,Media,UAE,Tableau|Prompt Engineering|Copy-Paste Reporting|LLMs/GenAI,4,109464.0,0.858,102.1,6.92,1,Low,Critical Risk,4,0,1.0,12,1
1586,2023,Cloud Architect,Lead,Finance,India,dbt|Statistics|Airflow,3,308374.0,0.05,114.6,8.07,4,Elite,Low Risk,3,1,1.341,4,4
1587,2025,Product Manager,Mid,Government,USA,LLMs/GenAI|Airflow|MLOps|Copy-Paste Reporting|Legacy VBA,5,207697.0,0.98,140.7,6.02,2,High,Critical Risk,5,0,1.396,17,2
1588,2022,Excel Analyst,Lead,Finance,UK,Spark/PySpark|MS Access|Manual Testing|Excel (Basic),4,139976.0,0.98,93.6,4.3,4,Mid,Critical Risk,4,0,0.609,11,4
1589,2022,DevOps Engineer,Lead,Tech,Netherlands,Data Entry|R|Cloud (AWS/GCP)|Power BI|Statistics,5,268292.0,0.752,101.1,6.44,4,Elite,Critical Risk,5,0,1.166,9,4
1590,2022,SEO Specialist,Lead,Finance,UK,Kubernetes|Legacy VBA|Vector Databases,3,167860.0,0.98,124.2,6.4,4,Mid,Critical Risk,3,0,0.73,19,4
1591,2023,Excel Analyst,Mid,Finance,USA,Deep Learning|Excel (Basic)|LLMs/GenAI|Legacy VBA,4,130425.0,0.98,99.1,6.1,2,Low,Critical Risk,4,0,0.877,11,2
1592,2024,SEO Specialist,Senior,Media,Germany,Deep Learning|COBOL|Legacy VBA|LLMs/GenAI|Excel (Basic)|Power BI,6,193878.0,0.98,119.7,5.57,3,High,Critical Risk,6,0,0.997,19,3
1593,2019,Excel Analyst,Mid,Healthcare,Germany,MS Access|Crystal Reports|SQL|Python,4,85378.0,0.98,94.5,5.18,2,Low,Critical Risk,4,0,0.574,11,2
1594,2023,Data Analyst,Entry,Media,Germany,Prompt Engineering|COBOL|Spark/PySpark,3,79816.0,0.538,122.2,6.4,1,Low,High Risk,3,0,0.729,6,1
1595,2020,Digital Marketer,Mid,Retail,UAE,Statistics|dbt|Cloud (AWS/GCP)|LLMs/GenAI|SQL|R,6,153496.0,0.05,122.1,8.12,2,Mid,Low Risk,6,1,1.032,10,2
1596,2023,Data Scientist,Mid,Healthcare,Netherlands,Copy-Paste Reporting|Cold Calling|Deep Learning|Statistics,4,162371.0,0.98,125.3,4.88,2,Mid,Critical Risk,4,0,1.092,8,2
1597,2019,Financial Analyst,Mid,Retail,Singapore,Airflow|Basic SEO|Kubernetes|Power BI|Machine Learning,5,138048.0,0.525,98.7,7.34,2,Mid,High Risk,5,0,0.928,12,2
1598,2019,Cloud Architect,Lead,Tech,Canada,SQL|Tableau|Manual Testing|Basic SEO|Copy-Paste Reporting,5,246000.0,0.98,101.3,4.38,4,Elite,Critical Risk,5,0,1.069,4,4
1599,2020,Digital Marketer,Principal,Media,Singapore,Airflow|Manual Testing|A/B Testing|Prompt Engineering,4,209579.0,0.557,109.4,7.08,5,High,High Risk,4,0,0.819,10,5
1600,2019,QA Engineer,Principal,Tech,Singapore,R|Deep Learning|Crystal Reports,3,201753.0,0.828,103.7,5.8,5,High,Critical Risk,3,0,0.789,18,5
1601,2020,HR Analyst,Entry,Education,Germany,Kubernetes|Tableau|Data Entry|MLOps|Prompt Engineering|R,6,113619.0,0.693,101.1,7.0,1,Low,High Risk,6,0,1.038,13,1
1602,2021,Digital Marketer,Principal,Consulting,Singapore,Statistics|MLOps|Deep Learning|Crystal Reports,4,239325.0,0.612,105.8,6.82,5,High,High Risk,4,0,0.936,10,5
1603,2021,SEO Specialist,Principal,Energy,UK,Data Entry|Kubernetes|Copy-Paste Reporting|Prompt Engineering|Manual Testing,5,187194.0,0.98,121.4,4.54,5,High,Critical Risk,5,0,0.732,19,5
1604,2021,Cloud Architect,Mid,Energy,Canada,Prompt Engineering|dbt|Basic SEO|MLOps|A/B Testing,5,223127.0,0.223,108.0,7.54,2,High,Low Risk,5,1,1.5,4,2
1605,2021,Statistician,Principal,Government,Canada,COBOL|Cold Calling|Crystal Reports|Prompt Engineering,4,219702.0,0.98,109.3,3.58,5,High,Critical Risk,4,0,0.859,22,5
1606,2024,DevOps Engineer,Principal,Media,Australia,COBOL|Tableau|Excel (Basic)|A/B Testing,4,287323.0,0.905,114.3,5.05,5,Elite,Critical Risk,4,0,1.123,9,5
1607,2024,Product Manager,Senior,Retail,Canada,LLMs/GenAI|Data Entry|COBOL|Statistics|Vector Databases,5,267850.0,0.957,121.5,5.8,3,Elite,Critical Risk,5,0,1.377,17,3
1608,2022,Operations Analyst,Senior,Energy,UAE,Spark/PySpark|Kubernetes|Manual Testing|Deep Learning|Cloud (AWS/GCP),5,225475.0,0.38,134.9,7.54,3,High,Moderate Risk,5,0,1.159,16,3
1609,2025,SEO Specialist,Lead,Tech,UK,COBOL|Kubernetes|Statistics|Tableau,4,182393.0,0.887,168.5,6.07,4,Mid,Critical Risk,4,0,0.793,19,4
1610,2023,Financial Analyst,Senior,Media,Brazil,dbt|Kubernetes|Machine Learning|Power BI|Data Entry|Statistics,6,231359.0,0.748,126.6,7.13,3,High,High Risk,6,0,1.19,12,3
1611,2022,QA Engineer,Lead,Education,UK,LLMs/GenAI|Cloud (AWS/GCP)|Vector Databases|Cold Calling,4,264278.0,0.709,118.0,7.48,4,Elite,High Risk,4,0,1.149,18,4
1612,2019,Business Analyst,Entry,Manufacturing,UK,Spark/PySpark|COBOL|Cloud (AWS/GCP)|MS Access|Legacy VBA,5,94223.0,0.98,100.5,4.62,1,Low,Critical Risk,5,0,0.86,3,1
1613,2019,Supply Chain Analyst,Principal,Tech,USA,MLOps|Manual Testing|MS Access,3,177657.0,0.98,106.8,4.67,5,Mid,Critical Risk,3,0,0.695,23,5
1614,2022,Excel Analyst,Mid,Retail,Brazil,R|Vector Databases|Basic SEO|Airflow|Spark/PySpark,5,128419.0,0.891,92.1,7.12,2,Low,Critical Risk,5,0,0.863,11,2
1615,2023,Cloud Architect,Mid,Healthcare,Singapore,R|Manual Testing|Python|LLMs/GenAI,4,219027.0,0.226,117.5,7.08,2,High,Low Risk,4,1,1.473,4,2
1616,2024,Accountant,Senior,Consulting,UK,Airflow|Copy-Paste Reporting|Power BI,3,135742.0,0.98,118.4,5.7,3,Mid,Critical Risk,3,0,0.698,1,3
1617,2022,Accountant,Mid,Healthcare,Canada,Cloud (AWS/GCP)|Python|Airflow|Legacy VBA|Prompt Engineering,5,151453.0,0.759,105.9,7.56,2,Mid,Critical Risk,5,0,1.018,1,2
1618,2025,Accountant,Lead,Consulting,Canada,Cloud (AWS/GCP)|Copy-Paste Reporting|Deep Learning|Power BI,4,239122.0,0.98,155.5,6.72,4,High,Critical Risk,4,0,1.04,1,4
1619,2022,Data Engineer,Lead,Energy,Singapore,R|Cold Calling|Kubernetes,3,249180.0,0.825,116.5,5.53,4,Elite,Critical Risk,3,0,1.083,7,4
1620,2024,Digital Marketer,Lead,Media,Australia,Python|Statistics|A/B Testing|Manual Testing|SQL,5,207019.0,0.649,151.2,6.96,4,High,High Risk,5,0,0.9,10,4
1621,2023,SQL Developer,Senior,Healthcare,UK,LLMs/GenAI|COBOL|SQL|dbt|Cold Calling|MLOps,6,223561.0,0.98,98.7,6.33,3,High,Critical Risk,6,0,1.15,20,3
1622,2021,Excel Analyst,Senior,Retail,Singapore,Python|Legacy VBA|Excel (Basic)|Airflow|Data Entry|Crystal Reports,6,120192.0,0.98,86.9,4.38,3,Low,Critical Risk,6,0,0.618,11,3
1623,2024,Data Analyst,Lead,Energy,Australia,SQL|Python|Statistics|Power BI|MS Access,5,208460.0,0.624,133.0,6.82,4,High,High Risk,5,0,0.906,6,4
1624,2022,Data Scientist,Lead,Manufacturing,Australia,Kubernetes|Vector Databases|Statistics|LLMs/GenAI,4,317309.0,0.05,117.9,8.6,4,Elite,Low Risk,4,1,1.379,8,4
1625,2025,Financial Analyst,Principal,Energy,Netherlands,Copy-Paste Reporting|Machine Learning|SQL|Vector Databases,4,273227.0,0.967,111.8,6.78,5,Elite,Critical Risk,4,0,1.068,12,5
1626,2020,Data Scientist,Mid,Finance,Brazil,Kubernetes|Deep Learning|A/B Testing,3,169177.0,0.05,113.5,8.37,2,Mid,Low Risk,3,1,1.137,8,2
1627,2022,Data Engineer,Senior,Healthcare,Singapore,Copy-Paste Reporting|LLMs/GenAI|Airflow|Power BI|Prompt Engineering,5,267708.0,0.644,116.0,7.24,3,Elite,High Risk,5,0,1.377,7,3
1628,2019,Excel Analyst,Entry,Energy,USA,Prompt Engineering|R|Statistics|Power BI,4,86369.0,0.344,102.4,7.75,1,Low,Moderate Risk,4,1,0.789,11,1
1629,2020,Data Analyst,Mid,Energy,UK,Cold Calling|Cloud (AWS/GCP)|Kubernetes,3,118987.0,0.791,106.3,6.37,2,Low,Critical Risk,3,0,0.8,6,2
1630,2020,SEO Specialist,Entry,Consulting,Netherlands,MS Access|LLMs/GenAI|Spark/PySpark|R|Airflow,5,109522.0,0.682,113.0,7.1,1,Low,High Risk,5,0,1.0,19,1
1631,2021,BI Developer,Senior,Media,USA,SQL|Spark/PySpark|LLMs/GenAI,3,191084.0,0.05,102.1,8.67,3,High,Low Risk,3,1,0.983,2,3
1632,2020,Data Engineer,Mid,Energy,Australia,Tableau|Airflow|LLMs/GenAI|Crystal Reports|Cloud (AWS/GCP),5,200279.0,0.263,109.1,7.3,2,High,Moderate Risk,5,1,1.347,7,2
1633,2020,HR Analyst,Principal,Tech,UK,Spark/PySpark|Python|Prompt Engineering|Tableau|A/B Testing|Statistics,6,280299.0,0.05,112.1,8.35,5,Elite,Low Risk,6,1,1.096,13,5
1634,2022,SEO Specialist,Principal,Government,Netherlands,Data Entry|A/B Testing|Vector Databases|Manual Testing|Excel (Basic)|Crystal Reports,6,193616.0,0.98,126.0,4.43,5,High,Critical Risk,6,0,0.757,19,5
1635,2022,Statistician,Principal,Government,India,Spark/PySpark|COBOL|Machine Learning|dbt|Deep Learning|Manual Testing,6,347032.0,0.544,139.1,6.63,5,Elite,High Risk,6,0,1.357,22,5
1636,2025,AI Engineer,Entry,Energy,Singapore,SQL|Prompt Engineering|Vector Databases|Python|MLOps|Statistics,6,219403.0,0.05,118.2,8.58,1,High,Low Risk,6,1,2.003,0,1
1637,2019,SQL Developer,Lead,Healthcare,UAE,Data Entry|COBOL|Prompt Engineering|SQL,4,171839.0,0.98,97.4,4.88,4,Mid,Critical Risk,4,0,0.747,20,4
1638,2019,Excel Analyst,Lead,Manufacturing,UAE,Tableau|Crystal Reports|Copy-Paste Reporting|Vector Databases|dbt|COBOL,6,174026.0,0.98,100.8,4.87,4,Mid,Critical Risk,6,0,0.757,11,4
1639,2019,Excel Analyst,Mid,Finance,Germany,Machine Learning|Vector Databases|Tableau|SQL|Data Entry,5,116140.0,0.98,105.3,7.04,2,Low,Critical Risk,5,0,0.781,11,2
1640,2019,Accountant,Senior,Education,Netherlands,Machine Learning|Statistics|Deep Learning|Vector Databases|MLOps|dbt,6,249021.0,0.05,106.5,8.77,3,Elite,Low Risk,6,1,1.28,1,3
1641,2023,BI Developer,Entry,Finance,India,Machine Learning|Python|A/B Testing|dbt|Data Entry,5,137018.0,0.699,131.8,7.32,1,Mid,High Risk,5,0,1.251,2,1
1642,2019,IT Support Specialist,Lead,Education,Brazil,Vector Databases|Manual Testing|MLOps|Prompt Engineering|Copy-Paste Reporting|Machine Learning,6,236470.0,0.98,97.5,6.78,4,High,Critical Risk,6,0,1.028,14,4
1643,2023,Machine Learning Engineer,Lead,Consulting,Singapore,Legacy VBA|Cold Calling|R,3,240719.0,0.98,130.7,3.5,4,High,Critical Risk,3,0,1.046,15,4
1644,2023,Content Strategist,Entry,Healthcare,Singapore,Legacy VBA|Crystal Reports|Tableau|MS Access|Data Entry,5,59921.0,0.98,107.7,3.02,1,Low,Critical Risk,5,0,0.547,5,1
1645,2020,SQL Developer,Entry,Energy,Singapore,SQL|Airflow|Machine Learning|Prompt Engineering|Python,5,133747.0,0.05,104.2,8.76,1,Low,Low Risk,5,1,1.221,20,1
1646,2020,QA Engineer,Principal,Retail,Singapore,Power BI|R|Excel (Basic)|Kubernetes,4,222271.0,0.705,113.1,6.48,5,High,High Risk,4,0,0.869,18,5
1647,2020,Data Analyst,Entry,Healthcare,USA,MS Access|Statistics|COBOL|Deep Learning|Airflow,5,104082.0,0.913,109.6,5.64,1,Low,Critical Risk,5,0,0.95,6,1
1648,2020,Supply Chain Analyst,Lead,Finance,UK,COBOL|MLOps|Manual Testing|MS Access|Vector Databases|Statistics,6,215041.0,0.98,107.9,5.28,4,High,Critical Risk,6,0,0.935,23,4
1649,2021,Financial Analyst,Principal,Media,Australia,A/B Testing|Spark/PySpark|Legacy VBA|Basic SEO|Crystal Reports,5,227035.0,0.98,112.1,4.68,5,High,Critical Risk,5,0,0.888,12,5
1650,2024,Statistician,Principal,Retail,Canada,Power BI|Statistics|Kubernetes,3,254551.0,0.093,128.6,7.77,5,Elite,Low Risk,3,1,0.995,22,5
1651,2023,AI Engineer,Lead,Government,USA,COBOL|Copy-Paste Reporting|Kubernetes|Cloud (AWS/GCP)|Basic SEO,5,326003.0,0.98,117.9,4.46,4,Elite,Critical Risk,5,0,1.417,0,4
1652,2020,Excel Analyst,Mid,Consulting,India,Crystal Reports|R|A/B Testing,3,85310.0,0.98,93.7,5.4,2,Low,Critical Risk,3,0,0.574,11,2
1653,2024,Software Developer,Lead,Energy,Australia,Deep Learning|Airflow|LLMs/GenAI|Manual Testing|Statistics,5,328590.0,0.277,157.2,7.48,4,Elite,Moderate Risk,5,1,1.428,21,4
1654,2024,Data Scientist,Senior,Tech,Singapore,Basic SEO|Power BI|Spark/PySpark|Copy-Paste Reporting|Statistics|Python,6,250409.0,0.98,121.5,6.18,3,Elite,Critical Risk,6,0,1.288,8,3
1655,2021,Machine Learning Engineer,Senior,Retail,UAE,SQL|Excel (Basic)|dbt|Copy-Paste Reporting|Power BI|Airflow,6,249178.0,0.98,106.5,6.1,3,Elite,Critical Risk,6,0,1.281,15,3
1656,2023,BI Developer,Senior,Healthcare,Brazil,Excel (Basic)|SQL|Copy-Paste Reporting|Deep Learning|Cloud (AWS/GCP),5,206171.0,0.98,116.9,6.02,3,High,Critical Risk,5,0,1.06,2,3
1657,2025,Product Manager,Entry,Healthcare,Netherlands,Statistics|Deep Learning|COBOL|Crystal Reports|Data Entry|Spark/PySpark,6,151621.0,0.98,179.2,4.95,1,Mid,Critical Risk,6,0,1.385,17,1
1658,2019,Digital Marketer,Mid,Tech,India,Basic SEO|Vector Databases|Legacy VBA|Crystal Reports|Excel (Basic),5,91094.0,0.98,89.6,3.88,2,Low,Critical Risk,5,0,0.612,10,2
1659,2020,AI Engineer,Senior,Finance,USA,Machine Learning|Manual Testing|Python,3,244482.0,0.154,117.1,7.17,3,High,Low Risk,3,1,1.257,0,3
1660,2020,BI Developer,Lead,Consulting,UK,Excel (Basic)|Prompt Engineering|Manual Testing|Basic SEO|A/B Testing,5,196789.0,0.98,91.6,5.3,4,High,Critical Risk,5,0,0.855,2,4
1661,2023,AI Engineer,Mid,Finance,UAE,LLMs/GenAI|Data Entry|Cold Calling|Crystal Reports|A/B Testing,5,201360.0,0.98,113.3,4.6,2,High,Critical Risk,5,0,1.354,0,2
1662,2023,Excel Analyst,Senior,Tech,Singapore,Legacy VBA|LLMs/GenAI|Crystal Reports|Statistics|COBOL,5,146553.0,0.98,114.3,4.44,3,Mid,Critical Risk,5,0,0.754,11,3
1663,2023,AI Engineer,Senior,Government,Singapore,COBOL|Copy-Paste Reporting|Prompt Engineering|Legacy VBA,4,241279.0,0.98,122.0,3.38,3,High,Critical Risk,4,0,1.241,0,3
1664,2020,IT Support Specialist,Mid,Healthcare,USA,Machine Learning|Excel (Basic)|Cloud (AWS/GCP),3,118560.0,0.532,101.9,7.33,2,Low,High Risk,3,0,0.797,14,2
1665,2022,Data Engineer,Mid,Finance,Germany,Crystal Reports|MLOps|Excel (Basic)|Airflow|Statistics,5,183788.0,0.792,115.8,6.0,2,High,Critical Risk,5,0,1.236,7,2
1666,2019,HR Analyst,Principal,Energy,Germany,Statistics|Data Entry|Machine Learning|Vector Databases,4,219355.0,0.791,115.6,6.88,5,High,Critical Risk,4,0,0.858,13,5
1667,2020,DevOps Engineer,Entry,Tech,USA,SQL|LLMs/GenAI|Basic SEO|Statistics|Tableau,5,138571.0,0.37,106.5,7.06,1,Mid,Moderate Risk,5,0,1.265,9,1
1668,2022,Operations Analyst,Senior,Consulting,India,MS Access|Crystal Reports|Power BI|Legacy VBA|MLOps,5,147265.0,0.98,133.1,4.56,3,Mid,Critical Risk,5,0,0.757,16,3
1669,2025,Financial Analyst,Mid,Tech,India,Power BI|Deep Learning|Statistics|MLOps|Spark/PySpark,5,201464.0,0.05,119.8,8.4,2,High,Low Risk,5,1,1.355,12,2
1670,2020,Excel Analyst,Principal,Energy,UAE,dbt|MS Access|LLMs/GenAI|Power BI|Machine Learning,5,257048.0,0.633,104.0,7.56,5,Elite,High Risk,5,0,1.005,11,5
1671,2024,DevOps Engineer,Senior,Energy,Australia,Python|Cloud (AWS/GCP)|Statistics|Cold Calling|Basic SEO,5,252960.0,0.98,158.5,6.12,3,Elite,Critical Risk,5,0,1.301,9,3
1672,2020,SQL Developer,Mid,Education,Netherlands,A/B Testing|SQL|Excel (Basic)|Manual Testing|dbt,5,118736.0,0.98,98.8,6.04,2,Low,Critical Risk,5,0,0.798,20,2
1673,2024,Business Analyst,Lead,Energy,Netherlands,R|Cold Calling|Tableau|Machine Learning|Prompt Engineering,5,229241.0,0.636,127.4,6.98,4,High,High Risk,5,0,0.997,3,4
1674,2022,Financial Analyst,Entry,Consulting,Singapore,Manual Testing|Excel (Basic)|Airflow|MLOps|Basic SEO|COBOL,6,103175.0,0.98,115.8,4.63,1,Low,Critical Risk,6,0,0.942,12,1
1675,2021,HR Analyst,Entry,Retail,Brazil,SQL|Kubernetes|Python|A/B Testing|Airflow,5,106170.0,0.05,116.2,8.2,1,Low,Low Risk,5,1,0.969,13,1
1676,2025,IT Support Specialist,Mid,Government,USA,Machine Learning|Deep Learning|COBOL|Kubernetes|R|MS Access,6,152527.0,0.98,136.2,6.1,2,Mid,Critical Risk,6,0,1.026,14,2
1677,2019,Content Strategist,Senior,Energy,USA,Excel (Basic)|dbt|R|Legacy VBA|COBOL|Prompt Engineering,6,150090.0,0.98,93.8,5.17,3,Mid,Critical Risk,6,0,0.772,5,3
1678,2025,Excel Analyst,Lead,Media,Australia,R|Data Entry|dbt|Python,4,180956.0,0.98,125.8,6.42,4,Mid,Critical Risk,4,0,0.787,11,4
1679,2019,Cloud Architect,Mid,Consulting,USA,Spark/PySpark|MS Access|Kubernetes,3,183578.0,0.502,110.9,6.33,2,Mid,High Risk,3,0,1.234,4,2
1680,2021,Supply Chain Analyst,Senior,Government,India,dbt|MS Access|LLMs/GenAI|Vector Databases|Cloud (AWS/GCP)|Prompt Engineering,6,249091.0,0.139,112.1,7.98,3,Elite,Low Risk,6,1,1.281,23,3
1681,2023,Operations Analyst,Principal,Finance,UK,Copy-Paste Reporting|Cloud (AWS/GCP)|Python|Airflow,4,251975.0,0.969,109.8,6.88,5,Elite,Critical Risk,4,0,0.985,16,5
1682,2025,Statistician,Mid,Finance,UAE,Cloud (AWS/GCP)|A/B Testing|Cold Calling|Basic SEO|R,5,149460.0,0.98,145.3,5.68,2,Mid,Critical Risk,5,0,1.005,22,2
1683,2019,Digital Marketer,Principal,Manufacturing,UK,COBOL|Deep Learning|Vector Databases|LLMs/GenAI|SQL,5,270427.0,0.239,105.6,7.34,5,Elite,Low Risk,5,1,1.057,10,5
1684,2023,Statistician,Entry,Energy,UK,LLMs/GenAI|Spark/PySpark|MLOps,3,134366.0,0.05,116.2,9.17,1,Mid,Low Risk,3,1,1.227,22,1
1685,2025,Operations Analyst,Principal,Retail,UAE,Python|MLOps|Copy-Paste Reporting|SQL|COBOL,5,260458.0,0.98,151.3,5.58,5,Elite,Critical Risk,5,0,1.018,16,5
1686,2019,Content Strategist,Lead,Retail,India,Manual Testing|Data Entry|Statistics|Cold Calling,4,109092.0,0.98,100.1,3.42,4,Low,Critical Risk,4,0,0.474,5,4
1687,2024,Data Scientist,Mid,Consulting,Netherlands,SQL|MLOps|Data Entry|Vector Databases|dbt|Machine Learning,6,228807.0,0.302,110.3,7.52,2,High,Moderate Risk,6,1,1.538,8,2
1688,2020,Data Analyst,Principal,Education,USA,Data Entry|MLOps|Power BI|MS Access|Basic SEO,5,203572.0,0.98,95.4,4.7,5,High,Critical Risk,5,0,0.796,6,5
1689,2021,IT Support Specialist,Entry,Healthcare,UK,Excel (Basic)|Spark/PySpark|Statistics,3,73018.0,0.764,104.0,6.53,1,Low,Critical Risk,3,0,0.667,14,1
1690,2023,Product Manager,Senior,Finance,Brazil,COBOL|Basic SEO|Data Entry,3,178922.0,0.98,122.1,1.9,3,Mid,Critical Risk,3,0,0.92,17,3
1691,2021,SEO Specialist,Lead,Manufacturing,USA,Machine Learning|Prompt Engineering|Legacy VBA,3,167434.0,0.823,126.3,6.93,4,Mid,Critical Risk,3,0,0.728,19,4
1692,2020,Operations Analyst,Senior,Government,India,MLOps|Copy-Paste Reporting|Power BI|Deep Learning|A/B Testing,5,186768.0,0.861,106.1,6.96,3,High,Critical Risk,5,0,0.96,16,3
1693,2022,AI Engineer,Senior,Government,USA,Prompt Engineering|MLOps|LLMs/GenAI,3,307656.0,0.05,129.0,9.37,3,Elite,Low Risk,3,1,1.582,0,3
1694,2025,Data Engineer,Principal,Energy,Brazil,Vector Databases|Cloud (AWS/GCP)|Kubernetes,3,386200.0,0.05,158.8,8.73,5,Elite,Low Risk,3,1,1.51,7,5
1695,2021,Machine Learning Engineer,Mid,Energy,Canada,Airflow|Machine Learning|Kubernetes,3,203072.0,0.05,115.0,8.63,2,High,Low Risk,3,1,1.365,15,2
1696,2025,SEO Specialist,Principal,Finance,Netherlands,R|Legacy VBA|Prompt Engineering|Cloud (AWS/GCP)|SQL,5,256918.0,0.889,159.7,6.86,5,Elite,Critical Risk,5,0,1.004,19,5
1697,2019,AI Engineer,Lead,Finance,Australia,MS Access|Machine Learning|Spark/PySpark|Deep Learning|Cloud (AWS/GCP),5,373972.0,0.05,90.9,7.7,4,Elite,Low Risk,5,1,1.626,0,4
1698,2023,Data Analyst,Entry,Consulting,USA,COBOL|Vector Databases|SQL|R|Cloud (AWS/GCP)|Kubernetes,6,122696.0,0.318,122.9,6.9,1,Low,Moderate Risk,6,0,1.12,6,1
1699,2023,Excel Analyst,Entry,Education,India,Data Entry|Excel (Basic)|Crystal Reports|Copy-Paste Reporting,4,49336.0,0.98,96.6,1.95,1,Low,Critical Risk,4,0,0.451,11,1
1700,2025,Data Analyst,Lead,Retail,India,MS Access|Basic SEO|Copy-Paste Reporting|Legacy VBA,4,128078.0,0.98,142.9,2.05,4,Low,Critical Risk,4,0,0.557,6,4
1701,2022,Data Analyst,Principal,Manufacturing,Brazil,Statistics|R|Airflow|Machine Learning,4,254758.0,0.05,120.1,7.93,5,Elite,Low Risk,4,1,0.996,6,5
1702,2023,Supply Chain Analyst,Lead,Retail,Netherlands,Vector Databases|Spark/PySpark|SQL|Excel (Basic)|Power BI,5,230565.0,0.342,145.4,7.32,4,High,Moderate Risk,5,1,1.002,23,4
1703,2021,Statistician,Mid,Energy,UK,Kubernetes|Data Entry|Manual Testing|Statistics|Python|Cloud (AWS/GCP),6,163900.0,0.98,106.7,6.33,2,Mid,Critical Risk,6,0,1.102,22,2
1704,2020,Product Manager,Senior,Healthcare,Brazil,Basic SEO|Data Entry|Excel (Basic)|Cloud (AWS/GCP),4,187621.0,0.98,124.4,4.25,3,High,Critical Risk,4,0,0.965,17,3
1705,2020,Data Engineer,Entry,Retail,Canada,MS Access|Deep Learning|Legacy VBA,3,114728.0,0.98,105.3,4.43,1,Low,Critical Risk,3,0,1.048,7,1
1706,2020,Statistician,Entry,Energy,USA,Crystal Reports|Cloud (AWS/GCP)|Basic SEO|Python,4,104071.0,0.98,103.2,5.75,1,Low,Critical Risk,4,0,0.95,22,1
1707,2021,SQL Developer,Lead,Healthcare,India,Copy-Paste Reporting|Vector Databases|MLOps,3,193897.0,0.98,106.6,6.37,4,High,Critical Risk,3,0,0.843,20,4
1708,2022,Supply Chain Analyst,Principal,Manufacturing,UAE,Copy-Paste Reporting|Data Entry|Spark/PySpark|dbt,4,208734.0,0.98,117.3,4.92,5,High,Critical Risk,4,0,0.816,23,5
1709,2020,Supply Chain Analyst,Mid,Consulting,UAE,Power BI|Machine Learning|Kubernetes|Python|Tableau,5,161808.0,0.05,102.2,8.44,2,Mid,Low Risk,5,1,1.088,23,2
1710,2025,Business Analyst,Lead,Media,Germany,Power BI|Cloud (AWS/GCP)|Prompt Engineering|Spark/PySpark,4,261956.0,0.05,129.5,8.7,4,Elite,Low Risk,4,1,1.139,3,4
1711,2020,QA Engineer,Entry,Consulting,Netherlands,Excel (Basic)|Tableau|Vector Databases,3,90970.0,0.69,102.0,6.73,1,Low,High Risk,3,0,0.831,18,1
1712,2020,IT Support Specialist,Mid,Manufacturing,UAE,Kubernetes|LLMs/GenAI|Statistics|Airflow|Tableau|Spark/PySpark,6,164730.0,0.05,97.4,8.32,2,Mid,Low Risk,6,1,1.108,14,2
1713,2020,HR Analyst,Lead,Government,Canada,Cloud (AWS/GCP)|Kubernetes|MS Access|Vector Databases,4,205757.0,0.607,103.8,7.1,4,High,High Risk,4,0,0.894,13,4
1714,2024,Machine Learning Engineer,Senior,Media,Germany,Python|Deep Learning|Excel (Basic)|Cloud (AWS/GCP)|Airflow|Prompt Engineering,6,347704.0,0.05,125.3,8.07,3,Elite,Low Risk,6,1,1.788,15,3
1715,2020,Supply Chain Analyst,Principal,Energy,Brazil,Data Entry|Statistics|A/B Testing|Python,4,219189.0,0.793,108.0,6.5,5,High,Critical Risk,4,0,0.857,23,5
1716,2019,Cloud Architect,Principal,Government,Brazil,Python|Statistics|dbt|LLMs/GenAI|Cloud (AWS/GCP),5,425417.0,0.05,98.9,8.78,5,Elite,Low Risk,5,1,1.663,4,5
1717,2024,QA Engineer,Senior,Manufacturing,Brazil,Data Entry|SQL|Legacy VBA|Basic SEO,4,138283.0,0.98,144.4,3.5,3,Mid,Critical Risk,4,0,0.711,18,3
1718,2023,Financial Analyst,Senior,Finance,Singapore,Manual Testing|dbt|Airflow|MLOps|Machine Learning|Cold Calling,6,223108.0,0.98,119.6,6.68,3,High,Critical Risk,6,0,1.147,12,3
1719,2025,Excel Analyst,Principal,Education,UAE,Power BI|R|Python|Crystal Reports,4,187128.0,0.98,87.3,6.32,5,High,Critical Risk,4,0,0.732,11,5
1720,2023,Data Engineer,Mid,Government,USA,Tableau|Power BI|R|MS Access,4,175740.0,0.624,105.3,6.02,2,Mid,High Risk,4,0,1.182,7,2
1721,2024,SEO Specialist,Lead,Healthcare,Canada,dbt|Vector Databases|Cloud (AWS/GCP)|Machine Learning,4,252465.0,0.05,122.4,9.02,4,Elite,Low Risk,4,1,1.098,19,4
1722,2023,QA Engineer,Entry,Manufacturing,Brazil,dbt|Deep Learning|MLOps|Airflow|Manual Testing|Cloud (AWS/GCP),6,153530.0,0.464,96.6,7.78,1,Mid,Moderate Risk,6,0,1.402,18,1
1723,2021,Accountant,Principal,Retail,USA,Crystal Reports|Kubernetes|R|LLMs/GenAI|Legacy VBA|Copy-Paste Reporting,6,233732.0,0.98,114.7,4.87,5,High,Critical Risk,6,0,0.914,1,5
1724,2025,Digital Marketer,Mid,Government,Australia,Deep Learning|A/B Testing|Excel (Basic),3,118559.0,0.599,119.4,6.83,2,Low,High Risk,3,0,0.797,10,2
1725,2023,Statistician,Entry,Government,Australia,Cold Calling|Tableau|R|Crystal Reports|LLMs/GenAI,5,110951.0,0.98,111.8,5.54,1,Low,Critical Risk,5,0,1.013,22,1
1726,2019,HR Analyst,Principal,Tech,Germany,LLMs/GenAI|Basic SEO|Airflow|MS Access,4,207907.0,0.98,90.7,5.82,5,High,Critical Risk,4,0,0.813,13,5
1727,2020,SQL Developer,Mid,Retail,India,Tableau|Machine Learning|Legacy VBA|Airflow|Manual Testing,5,130575.0,0.98,99.4,6.04,2,Low,Critical Risk,5,0,0.878,20,2
1728,2019,Product Manager,Mid,Education,Germany,Spark/PySpark|Crystal Reports|Deep Learning|LLMs/GenAI|Statistics|SQL,6,210268.0,0.114,101.8,7.38,2,High,Low Risk,6,1,1.414,17,2
1729,2021,Business Analyst,Principal,Healthcare,Singapore,Deep Learning|Cold Calling|LLMs/GenAI,3,256572.0,0.521,106.4,6.97,5,Elite,High Risk,3,0,1.003,3,5
1730,2020,QA Engineer,Entry,Government,Canada,Kubernetes|Crystal Reports|A/B Testing|R,4,94472.0,0.897,114.5,6.08,1,Low,Critical Risk,4,0,0.863,18,1
1731,2023,Financial Analyst,Principal,Education,UAE,Basic SEO|Manual Testing|R|Legacy VBA,4,175022.0,0.98,133.5,3.58,5,Mid,Critical Risk,4,0,0.684,12,5
1732,2022,QA Engineer,Mid,Energy,UAE,MLOps|Kubernetes|Manual Testing|dbt|MS Access,5,149693.0,0.98,112.8,6.12,2,Mid,Critical Risk,5,0,1.006,18,2
1733,2025,Data Analyst,Mid,Government,Germany,Cold Calling|R|Tableau|Deep Learning|Excel (Basic)|Cloud (AWS/GCP),6,166722.0,0.98,155.6,6.28,2,Mid,Critical Risk,6,0,1.121,6,2
1734,2020,Business Analyst,Mid,Media,UK,SQL|Data Entry|Excel (Basic)|Crystal Reports|MS Access|Spark/PySpark,6,113790.0,0.98,100.0,4.2,2,Low,Critical Risk,6,0,0.765,3,2
1735,2020,SEO Specialist,Mid,Healthcare,Canada,A/B Testing|Copy-Paste Reporting|Manual Testing,3,76597.0,0.98,119.3,3.9,2,Low,Critical Risk,3,0,0.515,19,2
1736,2019,Excel Analyst,Principal,Media,UK,A/B Testing|R|Deep Learning|Kubernetes|MLOps,5,272336.0,0.175,97.5,8.12,5,Elite,Low Risk,5,1,1.065,11,5
1737,2025,BI Developer,Entry,Government,UAE,Spark/PySpark|COBOL|Airflow|Crystal Reports,4,100526.0,0.98,150.7,5.0,1,Low,Critical Risk,4,0,0.918,2,1
1738,2023,Data Engineer,Principal,Consulting,UK,MS Access|Data Entry|R|Deep Learning|Copy-Paste Reporting|MLOps,6,351007.0,0.98,128.4,4.88,5,Elite,Critical Risk,6,0,1.372,7,5
1739,2024,Statistician,Senior,Tech,USA,Cold Calling|Python|Legacy VBA,3,160483.0,0.98,146.0,4.4,3,Mid,Critical Risk,3,0,0.825,22,3
1740,2025,Product Manager,Entry,Finance,Australia,Cold Calling|MS Access|COBOL|Data Entry,4,100102.0,0.98,141.2,1.72,1,Low,Critical Risk,4,0,0.914,17,1
1741,2019,Operations Analyst,Mid,Consulting,UK,COBOL|R|Data Entry|Vector Databases|Machine Learning|Copy-Paste Reporting,6,137923.0,0.98,98.9,4.8,2,Mid,Critical Risk,6,0,0.927,16,2
1742,2023,Data Analyst,Mid,Education,Australia,Legacy VBA|Cloud (AWS/GCP)|COBOL|A/B Testing|Data Entry|Prompt Engineering,6,140006.0,0.98,132.7,5.15,2,Mid,Critical Risk,6,0,0.941,6,2
1743,2021,BI Developer,Entry,Media,India,Prompt Engineering|Statistics|A/B Testing|Cold Calling|Deep Learning|Spark/PySpark,6,138030.0,0.482,110.5,7.4,1,Mid,Moderate Risk,6,0,1.26,2,1
1744,2025,AI Engineer,Principal,Energy,USA,SQL|Statistics|Machine Learning|A/B Testing|Power BI,5,441559.0,0.05,142.6,8.02,5,Elite,Low Risk,5,1,1.726,0,5
1745,2019,Accountant,Entry,Tech,Germany,SQL|Vector Databases|Data Entry|MLOps,4,86219.0,0.98,101.5,6.78,1,Low,Critical Risk,4,0,0.787,1,1
1746,2024,Content Strategist,Senior,Media,India,SQL|Excel (Basic)|Cloud (AWS/GCP)|Airflow|Power BI|Spark/PySpark,6,210703.0,0.353,155.9,7.47,3,High,Moderate Risk,6,0,1.083,5,3
1747,2023,Excel Analyst,Senior,Education,USA,Prompt Engineering|Basic SEO|LLMs/GenAI|COBOL|Excel (Basic),5,166064.0,0.98,102.5,5.36,3,Mid,Critical Risk,5,0,0.854,11,3
1748,2019,SEO Specialist,Entry,Consulting,USA,dbt|Airflow|Power BI|Manual Testing|Cold Calling|R,6,75287.0,0.98,103.3,5.98,1,Low,Critical Risk,6,0,0.687,19,1
1749,2021,Data Analyst,Principal,Media,India,Deep Learning|Machine Learning|Kubernetes|COBOL,4,282690.0,0.31,101.9,6.98,5,Elite,Moderate Risk,4,0,1.105,6,5
1750,2019,Software Developer,Senior,Media,UK,Kubernetes|Data Entry|MS Access,3,154706.0,0.98,102.1,3.93,3,Mid,Critical Risk,3,0,0.795,21,3
1751,2025,HR Analyst,Mid,Media,UAE,Airflow|A/B Testing|dbt|SQL|Crystal Reports|COBOL,6,130296.0,0.98,141.4,5.87,2,Low,Critical Risk,6,0,0.876,13,2
1752,2019,Software Developer,Senior,Retail,India,Spark/PySpark|Crystal Reports|SQL,3,166135.0,0.625,94.3,6.0,3,Mid,High Risk,3,0,0.854,21,3
1753,2021,Product Manager,Mid,Media,Brazil,Power BI|Prompt Engineering|LLMs/GenAI|Python|Airflow,5,215287.0,0.05,113.5,8.88,2,High,Low Risk,5,1,1.448,17,2
1754,2025,Operations Analyst,Mid,Education,Netherlands,dbt|Cloud (AWS/GCP)|Prompt Engineering|Cold Calling|Kubernetes|Deep Learning,6,213662.0,0.528,135.8,7.67,2,High,High Risk,6,0,1.437,16,2
1755,2019,Software Developer,Senior,Government,India,Cold Calling|Vector Databases|Prompt Engineering|Copy-Paste Reporting|Machine Learning,5,226262.0,0.98,106.0,6.18,3,High,Critical Risk,5,0,1.163,21,3
1756,2025,Excel Analyst,Senior,Education,Netherlands,Prompt Engineering|dbt|Copy-Paste Reporting|MS Access,4,137931.0,0.98,80.7,5.25,3,Mid,Critical Risk,4,0,0.709,11,3
1757,2019,Digital Marketer,Lead,Manufacturing,Singapore,Copy-Paste Reporting|Prompt Engineering|A/B Testing|Excel (Basic)|Basic SEO,5,152195.0,0.98,106.5,4.94,4,Mid,Critical Risk,5,0,0.662,10,4
1758,2019,Excel Analyst,Entry,Education,Canada,Basic SEO|Kubernetes|MLOps|MS Access,4,90564.0,0.98,103.5,5.58,1,Low,Critical Risk,4,0,0.827,11,1
1759,2022,Accountant,Entry,Education,USA,Legacy VBA|Data Entry|Machine Learning|Copy-Paste Reporting|Prompt Engineering,5,90266.0,0.98,105.8,4.66,1,Low,Critical Risk,5,0,0.824,1,1
1760,2020,SQL Developer,Senior,Retail,Netherlands,Excel (Basic)|MLOps|Crystal Reports|Cloud (AWS/GCP)|SQL,5,172907.0,0.922,104.7,6.16,3,Mid,Critical Risk,5,0,0.889,20,3
1761,2025,Data Engineer,Entry,Finance,UK,A/B Testing|Tableau|MS Access|Cloud (AWS/GCP)|R|Machine Learning,6,167138.0,0.33,153.5,7.12,1,Mid,Moderate Risk,6,1,1.526,7,1
1762,2020,Excel Analyst,Principal,Finance,Canada,dbt|Spark/PySpark|SQL|Data Entry|MLOps|Airflow,6,259452.0,0.98,99.5,7.25,5,Elite,Critical Risk,6,0,1.014,11,5
1763,2022,Business Analyst,Entry,Finance,Brazil,Cold Calling|MLOps|SQL|Cloud (AWS/GCP)|Tableau|A/B Testing,6,116062.0,0.586,128.7,7.17,1,Low,High Risk,6,0,1.06,3,1
1764,2025,SEO Specialist,Principal,Tech,USA,dbt|Basic SEO|Python|COBOL,4,206377.0,0.98,116.0,5.48,5,High,Critical Risk,4,0,0.807,19,5
1765,2019,Cloud Architect,Lead,Finance,Netherlands,Basic SEO|Manual Testing|A/B Testing|Python,4,261444.0,0.872,106.6,5.72,4,Elite,Critical Risk,4,0,1.137,4,4
1766,2022,Cloud Architect,Lead,Consulting,Germany,Basic SEO|Manual Testing|Cloud (AWS/GCP)|MS Access|Power BI,5,289915.0,0.98,137.3,4.96,4,Elite,Critical Risk,5,0,1.26,4,4
1767,2023,Supply Chain Analyst,Mid,Government,Australia,Spark/PySpark|Machine Learning|Deep Learning|Prompt Engineering|Manual Testing,5,189381.0,0.178,109.8,7.88,2,High,Low Risk,5,1,1.273,23,2
1768,2019,Content Strategist,Principal,Manufacturing,UK,Airflow|SQL|A/B Testing|Statistics|MLOps,5,236036.0,0.05,102.8,8.02,5,High,Low Risk,5,1,0.923,5,5
1769,2023,Data Engineer,Lead,Retail,India,dbt|Manual Testing|A/B Testing|Spark/PySpark,4,286858.0,0.472,110.3,6.98,4,Elite,Moderate Risk,4,0,1.247,7,4
1770,2022,Statistician,Senior,Education,Singapore,Deep Learning|Kubernetes|Machine Learning,3,222136.0,0.05,122.0,8.9,3,High,Low Risk,3,1,1.142,22,3
1771,2025,Product Manager,Senior,Healthcare,Netherlands,MS Access|Machine Learning|Vector Databases|Data Entry|Python|MLOps,6,305112.0,0.877,122.2,6.75,3,Elite,Critical Risk,6,0,1.569,17,3
1772,2022,QA Engineer,Lead,Tech,Netherlands,Cloud (AWS/GCP)|MS Access|Spark/PySpark,3,209223.0,0.855,102.5,6.63,4,High,Critical Risk,3,0,0.91,18,4
1773,2025,Data Analyst,Entry,Retail,USA,Vector Databases|SQL|Manual Testing|Deep Learning,4,105437.0,0.493,160.1,7.12,1,Low,Moderate Risk,4,0,0.963,6,1
1774,2025,Data Analyst,Lead,Healthcare,UAE,MLOps|MS Access|dbt,3,202341.0,0.697,112.0,6.57,4,High,High Risk,3,0,0.88,6,4
1775,2020,SQL Developer,Senior,Education,Australia,Basic SEO|Power BI|A/B Testing,3,140669.0,0.881,103.5,6.23,3,Mid,Critical Risk,3,0,0.723,20,3
1776,2022,Financial Analyst,Entry,Consulting,UAE,Cold Calling|R|Data Entry|Spark/PySpark|Manual Testing|dbt,6,99122.0,0.98,136.6,5.0,1,Low,Critical Risk,6,0,0.905,12,1
1777,2025,Statistician,Senior,Tech,UK,Prompt Engineering|R|Python|COBOL,4,210182.0,0.298,141.0,6.55,3,High,Moderate Risk,4,0,1.081,22,3
1778,2022,SQL Developer,Senior,Manufacturing,Canada,Copy-Paste Reporting|Legacy VBA|R|MS Access|A/B Testing|Spark/PySpark,6,165726.0,0.98,109.2,4.72,3,Mid,Critical Risk,6,0,0.852,20,3
1779,2020,Excel Analyst,Senior,Energy,UK,Cloud (AWS/GCP)|Legacy VBA|Vector Databases,3,132722.0,0.98,99.0,6.7,3,Low,Critical Risk,3,0,0.682,11,3
1780,2024,Data Analyst,Principal,Tech,Netherlands,Excel (Basic)|Crystal Reports|Deep Learning|COBOL|Prompt Engineering,5,252154.0,0.98,128.1,4.98,5,Elite,Critical Risk,5,0,0.986,6,5
1781,2020,Data Analyst,Lead,Manufacturing,Brazil,SQL|Cold Calling|Manual Testing|Crystal Reports,4,124213.0,0.98,99.2,3.53,4,Low,Critical Risk,4,0,0.54,6,4
1782,2024,QA Engineer,Principal,Energy,Singapore,Basic SEO|R|Data Entry|Manual Testing|Cold Calling,5,182480.0,0.98,123.4,3.16,5,Mid,Critical Risk,5,0,0.713,18,5
1783,2024,Supply Chain Analyst,Lead,Finance,Netherlands,Spark/PySpark|R|COBOL|Vector Databases|Excel (Basic),5,221825.0,0.739,119.2,5.8,4,High,High Risk,5,0,0.964,23,4
1784,2023,Excel Analyst,Mid,Education,Brazil,Prompt Engineering|Python|Cold Calling,3,106870.0,0.98,109.9,6.83,2,Low,Critical Risk,3,0,0.719,11,2
1785,2021,Financial Analyst,Principal,Retail,India,Cloud (AWS/GCP)|LLMs/GenAI|Basic SEO|Cold Calling,4,253152.0,0.98,117.4,5.95,5,Elite,Critical Risk,4,0,0.99,12,5
1786,2020,AI Engineer,Mid,Government,Singapore,Power BI|Manual Testing|Crystal Reports,3,163862.0,0.98,97.7,4.13,2,Mid,Critical Risk,3,0,1.102,0,2
1787,2023,Digital Marketer,Mid,Government,UK,Cold Calling|Power BI|Python|Data Entry|Tableau|LLMs/GenAI,6,135614.0,0.98,137.7,6.32,2,Mid,Critical Risk,6,0,0.912,10,2
1788,2021,SEO Specialist,Mid,Media,Brazil,MLOps|Legacy VBA|Manual Testing|Vector Databases,4,113445.0,0.98,112.4,5.72,2,Low,Critical Risk,4,0,0.763,19,2
1789,2023,Data Engineer,Principal,Tech,Germany,Vector Databases|Power BI|Legacy VBA,3,299018.0,0.595,119.5,6.3,5,Elite,High Risk,3,0,1.169,7,5
1790,2020,Operations Analyst,Principal,Energy,Singapore,Python|R|COBOL|Copy-Paste Reporting|Spark/PySpark,5,219881.0,0.98,114.0,5.32,5,High,Critical Risk,5,0,0.86,16,5
1791,2025,DevOps Engineer,Principal,Healthcare,Singapore,Deep Learning|COBOL|R|SQL|Excel (Basic),5,331198.0,0.696,129.2,5.56,5,Elite,High Risk,5,0,1.295,9,5
1792,2022,HR Analyst,Entry,Retail,USA,COBOL|Power BI|Cloud (AWS/GCP)|Legacy VBA|Cold Calling|Spark/PySpark,6,95201.0,0.98,132.7,5.12,1,Low,Critical Risk,6,0,0.869,13,1
1793,2025,Content Strategist,Senior,Energy,Australia,Kubernetes|Basic SEO|dbt,3,158622.0,0.803,161.7,6.53,3,Mid,Critical Risk,3,0,0.816,5,3
1794,2022,SEO Specialist,Mid,Retail,Brazil,Copy-Paste Reporting|A/B Testing|Kubernetes|Data Entry|Machine Learning,5,122989.0,0.98,128.5,5.6,2,Low,Critical Risk,5,0,0.827,19,2
1795,2025,BI Developer,Lead,Retail,USA,Legacy VBA|Copy-Paste Reporting|A/B Testing,3,171032.0,0.98,142.3,3.63,4,Mid,Critical Risk,3,0,0.744,2,4
1796,2022,Software Developer,Entry,Tech,UK,A/B Testing|dbt|Deep Learning|COBOL|Legacy VBA|Basic SEO,6,133953.0,0.98,122.9,5.28,1,Low,Critical Risk,6,0,1.223,21,1
1797,2021,Data Analyst,Entry,Finance,Singapore,Manual Testing|Data Entry|Kubernetes,3,65796.0,0.98,102.1,4.13,1,Low,Critical Risk,3,0,0.601,6,1
1798,2024,Accountant,Entry,Education,USA,Power BI|Cold Calling|LLMs/GenAI|Data Entry|A/B Testing|dbt,6,114714.0,0.98,154.3,6.25,1,Low,Critical Risk,6,0,1.048,1,1
1799,2022,HR Analyst,Lead,Healthcare,USA,Airflow|Data Entry|Kubernetes|Python|Statistics,5,202892.0,0.889,120.4,6.9,4,High,Critical Risk,5,0,0.882,13,4
1800,2023,AI Engineer,Lead,Healthcare,USA,Spark/PySpark|MS Access|SQL|Cold Calling|Power BI|Legacy VBA,6,316532.0,0.98,114.8,5.03,4,Elite,Critical Risk,6,0,1.376,0,4
1801,2020,DevOps Engineer,Entry,Media,UK,MS Access|Data Entry|Statistics|SQL|Machine Learning|LLMs/GenAI,6,140123.0,0.923,110.3,6.32,1,Mid,Critical Risk,6,0,1.28,9,1
1802,2023,Data Scientist,Senior,Tech,Singapore,Deep Learning|dbt|Tableau|Airflow|Spark/PySpark,5,281450.0,0.05,146.2,8.44,3,Elite,Low Risk,5,1,1.447,8,3
1803,2021,DevOps Engineer,Mid,Retail,Australia,Cloud (AWS/GCP)|Tableau|R|Deep Learning|Basic SEO|Python,6,203392.0,0.295,107.1,7.4,2,High,Moderate Risk,6,1,1.368,9,2
1804,2020,Supply Chain Analyst,Entry,Finance,Brazil,Python|SQL|Cloud (AWS/GCP)|Airflow,4,110142.0,0.05,106.9,8.5,1,Low,Low Risk,4,1,1.006,23,1
1805,2020,Content Strategist,Senior,Healthcare,UAE,R|Excel (Basic)|Vector Databases|SQL|Cloud (AWS/GCP)|dbt,6,180064.0,0.301,100.6,7.35,3,Mid,Moderate Risk,6,1,0.926,5,3
1806,2019,Supply Chain Analyst,Principal,Manufacturing,Germany,Excel (Basic)|Machine Learning|MS Access|LLMs/GenAI|Copy-Paste Reporting,5,240822.0,0.98,90.1,5.2,5,High,Critical Risk,5,0,0.942,23,5
1807,2019,Data Engineer,Lead,Manufacturing,Netherlands,Basic SEO|Cloud (AWS/GCP)|Power BI,3,233523.0,0.535,100.2,6.6,4,High,High Risk,3,0,1.015,7,4
1808,2019,Excel Analyst,Lead,Retail,Germany,SQL|Statistics|R,3,124247.0,0.568,99.5,7.13,4,Low,High Risk,3,0,0.54,11,4
1809,2020,IT Support Specialist,Lead,Media,India,Deep Learning|Python|Basic SEO|LLMs/GenAI,4,209621.0,0.635,108.2,7.78,4,High,High Risk,4,0,0.911,14,4
1810,2022,Financial Analyst,Principal,Healthcare,UK,Kubernetes|A/B Testing|Power BI|LLMs/GenAI,4,292084.0,0.05,114.3,8.4,5,Elite,Low Risk,4,1,1.142,12,5
1811,2021,Product Manager,Lead,Energy,UAE,Cold Calling|Power BI|Copy-Paste Reporting|Basic SEO,4,200821.0,0.98,109.2,3.45,4,High,Critical Risk,4,0,0.873,17,4
1812,2025,SEO Specialist,Mid,Finance,Netherlands,R|Legacy VBA|MLOps|Power BI,4,113849.0,0.98,110.7,6.32,2,Low,Critical Risk,4,0,0.765,19,2
1813,2020,Financial Analyst,Lead,Tech,UAE,SQL|Legacy VBA|Cloud (AWS/GCP)|Tableau|Statistics|Crystal Reports,6,208635.0,0.98,104.3,5.88,4,High,Critical Risk,6,0,0.907,12,4
1814,2025,Digital Marketer,Mid,Government,Netherlands,Copy-Paste Reporting|COBOL|Python|Vector Databases,4,123899.0,0.98,154.7,5.12,2,Low,Critical Risk,4,0,0.833,10,2
1815,2022,SEO Specialist,Mid,Finance,India,Airflow|Data Entry|Vector Databases|MLOps,4,124746.0,0.959,130.0,6.98,2,Low,Critical Risk,4,0,0.839,19,2
1816,2019,Software Developer,Senior,Tech,Australia,Cloud (AWS/GCP)|Legacy VBA|Kubernetes|SQL|Excel (Basic)|Spark/PySpark,6,228340.0,0.75,108.8,6.47,3,High,Critical Risk,6,0,1.174,21,3
1817,2023,HR Analyst,Mid,Finance,Brazil,MLOps|Excel (Basic)|SQL|Tableau,4,119849.0,0.498,136.0,6.9,2,Low,Moderate Risk,4,0,0.806,13,2
1818,2019,SEO Specialist,Principal,Media,Germany,Power BI|Manual Testing|R|Prompt Engineering,4,176954.0,0.831,94.5,6.6,5,Mid,Critical Risk,4,0,0.692,19,5
1819,2025,Data Analyst,Mid,Healthcare,USA,COBOL|Machine Learning|Manual Testing|Crystal Reports|MS Access,5,122755.0,0.98,122.6,3.5,2,Low,Critical Risk,5,0,0.825,6,2
1820,2025,SEO Specialist,Lead,Energy,Germany,Data Entry|Spark/PySpark|Prompt Engineering|Manual Testing|MLOps,5,223207.0,0.98,161.8,6.26,4,High,Critical Risk,5,0,0.97,19,4
1821,2023,Content Strategist,Principal,Finance,UK,Vector Databases|Tableau|Data Entry|R|A/B Testing,5,224547.0,0.93,131.8,6.52,5,High,Critical Risk,5,0,0.878,5,5
1822,2025,Business Analyst,Lead,Finance,Australia,Airflow|R|SQL|Tableau,4,198573.0,0.141,135.3,7.48,4,High,Low Risk,4,1,0.863,3,4
1823,2020,SEO Specialist,Mid,Tech,Brazil,Kubernetes|SQL|Cold Calling|Deep Learning|Manual Testing|COBOL,6,123442.0,0.98,107.6,5.12,2,Low,Critical Risk,6,0,0.83,19,2
1824,2024,IT Support Specialist,Lead,Energy,Netherlands,SQL|R|Spark/PySpark|Manual Testing|Excel (Basic)|Power BI,6,178486.0,0.98,112.2,6.13,4,Mid,Critical Risk,6,0,0.776,14,4
1825,2024,Data Engineer,Mid,Education,Netherlands,Statistics|MS Access|Machine Learning|COBOL,4,178133.0,0.88,141.3,5.08,2,Mid,Critical Risk,4,0,1.198,7,2
1826,2021,Supply Chain Analyst,Principal,Tech,Singapore,Legacy VBA|Data Entry|COBOL|Airflow,4,181118.0,0.98,111.3,3.25,5,Mid,Critical Risk,4,0,0.708,23,5
1827,2024,Statistician,Entry,Education,Singapore,MS Access|Manual Testing|MLOps|Legacy VBA|Tableau|Excel (Basic),6,105588.0,0.98,121.7,4.52,1,Low,Critical Risk,6,0,0.964,22,1
1828,2024,Machine Learning Engineer,Mid,Manufacturing,Netherlands,Cold Calling|MS Access|MLOps|Copy-Paste Reporting,4,182253.0,0.98,128.9,3.55,2,Mid,Critical Risk,4,0,1.225,15,2
1829,2021,BI Developer,Principal,Government,UAE,dbt|Spark/PySpark|Vector Databases|Manual Testing|Prompt Engineering|LLMs/GenAI,6,354738.0,0.142,117.4,8.03,5,Elite,Low Risk,6,1,1.387,2,5
1830,2024,Data Engineer,Principal,Energy,Germany,Basic SEO|Airflow|dbt|R|Excel (Basic)|Cloud (AWS/GCP),6,369679.0,0.784,125.1,6.47,5,Elite,Critical Risk,6,0,1.445,7,5
1831,2020,Statistician,Entry,Education,India,MS Access|Statistics|LLMs/GenAI|MLOps|SQL,5,124019.0,0.266,101.8,7.18,1,Low,Moderate Risk,5,1,1.132,22,1
1832,2023,BI Developer,Lead,Energy,Canada,MLOps|A/B Testing|Manual Testing|COBOL,4,225243.0,0.98,129.1,5.22,4,High,Critical Risk,4,0,0.979,2,4
1833,2019,Excel Analyst,Principal,Finance,Netherlands,Vector Databases|Copy-Paste Reporting|Python|Data Entry|Statistics|A/B Testing,6,218957.0,0.98,89.0,6.02,5,High,Critical Risk,6,0,0.856,11,5
1834,2022,SEO Specialist,Senior,Tech,Brazil,Cold Calling|Statistics|Legacy VBA|Prompt Engineering|Basic SEO,5,139362.0,0.98,116.5,4.74,3,Mid,Critical Risk,5,0,0.717,19,3
1835,2019,SQL Developer,Senior,Energy,UK,Basic SEO|Cloud (AWS/GCP)|Statistics,3,147077.0,0.749,97.6,6.47,3,Mid,High Risk,3,0,0.756,20,3
1836,2020,Business Analyst,Mid,Media,Australia,Kubernetes|COBOL|Machine Learning|Deep Learning,4,157958.0,0.213,97.7,6.98,2,Mid,Low Risk,4,0,1.062,3,2
1837,2020,Software Developer,Senior,Finance,Australia,Tableau|Cloud (AWS/GCP)|MLOps|Basic SEO|dbt,5,234716.0,0.401,103.8,7.42,3,High,Moderate Risk,5,0,1.207,21,3
1838,2024,BI Developer,Senior,Energy,Canada,Statistics|MS Access|A/B Testing|Cloud (AWS/GCP)|Airflow|Power BI,6,230330.0,0.614,133.7,7.1,3,High,High Risk,6,0,1.184,2,3
1839,2021,Business Analyst,Entry,Energy,Germany,Crystal Reports|Copy-Paste Reporting|Data Entry|COBOL,4,67796.0,0.98,108.7,1.38,1,Low,Critical Risk,4,0,0.619,3,1
1840,2025,Data Scientist,Entry,Education,India,SQL|Manual Testing|A/B Testing|Cloud (AWS/GCP)|Crystal Reports|Excel (Basic),6,138113.0,0.98,135.9,5.42,1,Mid,Critical Risk,6,0,1.261,8,1
1841,2023,Business Analyst,Principal,Healthcare,UAE,Kubernetes|Vector Databases|Spark/PySpark,3,265550.0,0.05,121.2,8.63,5,Elite,Low Risk,3,1,1.038,3,5
1842,2023,Content Strategist,Principal,Education,Singapore,Spark/PySpark|MLOps|R|COBOL,4,226607.0,0.534,141.5,6.35,5,High,High Risk,4,0,0.886,5,5
1843,2025,QA Engineer,Lead,Tech,Australia,COBOL|Cold Calling|Tableau|R|Copy-Paste Reporting|Kubernetes,6,220384.0,0.98,99.0,4.4,4,High,Critical Risk,6,0,0.958,18,4
1844,2020,Data Engineer,Lead,Education,Netherlands,MS Access|Legacy VBA|Kubernetes|R|Data Entry,5,233790.0,0.98,101.6,4.06,4,High,Critical Risk,5,0,1.016,7,4
1845,2023,QA Engineer,Senior,Education,Brazil,LLMs/GenAI|A/B Testing|Spark/PySpark|Prompt Engineering|Manual Testing,5,245387.0,0.496,123.6,7.7,3,Elite,Moderate Risk,5,0,1.262,18,3
1846,2019,Operations Analyst,Lead,Education,USA,Copy-Paste Reporting|Python|Machine Learning|Spark/PySpark,4,221754.0,0.818,98.2,7.1,4,High,Critical Risk,4,0,0.964,16,4
1847,2021,HR Analyst,Mid,Energy,Canada,Airflow|Spark/PySpark|Data Entry,3,96737.0,0.98,130.0,6.17,2,Low,Critical Risk,3,0,0.65,13,2
1848,2025,Machine Learning Engineer,Senior,Education,UK,Python|MLOps|Statistics|Machine Learning,4,326784.0,0.05,142.3,8.78,3,Elite,Low Risk,4,1,1.68,15,3
1849,2024,HR Analyst,Lead,Media,India,Prompt Engineering|Copy-Paste Reporting|A/B Testing,3,169061.0,0.98,146.4,6.07,4,Mid,Critical Risk,3,0,0.735,13,4
1850,2022,Software Developer,Principal,Energy,UAE,Statistics|Copy-Paste Reporting|Crystal Reports|Airflow,4,254862.0,0.98,125.3,4.62,5,Elite,Critical Risk,4,0,0.996,21,5
1851,2024,IT Support Specialist,Senior,Government,India,Spark/PySpark|Vector Databases|Copy-Paste Reporting,3,136998.0,0.98,109.9,6.27,3,Mid,Critical Risk,3,0,0.704,14,3
1852,2024,Operations Analyst,Mid,Education,Germany,Deep Learning|A/B Testing|dbt|COBOL,4,150568.0,0.543,143.4,6.68,2,Mid,High Risk,4,0,1.012,16,2
1853,2024,SEO Specialist,Entry,Healthcare,Canada,Spark/PySpark|dbt|Manual Testing,3,81377.0,0.956,117.0,6.67,1,Low,Critical Risk,3,0,0.743,19,1
1854,2025,HR Analyst,Entry,Manufacturing,Brazil,Machine Learning|SQL|MS Access,3,88400.0,0.749,112.4,6.4,1,Low,High Risk,3,0,0.807,13,1
1855,2019,Content Strategist,Mid,Government,Germany,LLMs/GenAI|dbt|Crystal Reports|R|Tableau|Vector Databases,6,142877.0,0.442,100.2,7.22,2,Mid,Moderate Risk,6,0,0.961,5,2
1856,2020,Digital Marketer,Lead,Media,UK,LLMs/GenAI|COBOL|Copy-Paste Reporting|Vector Databases|Statistics|Tableau,6,226669.0,0.98,108.7,6.02,4,High,Critical Risk,6,0,0.985,10,4
1857,2024,DevOps Engineer,Principal,Manufacturing,UAE,SQL|Spark/PySpark|Copy-Paste Reporting|Excel (Basic),4,294990.0,0.98,157.1,5.18,5,Elite,Critical Risk,4,0,1.153,9,5
1858,2021,Data Engineer,Principal,Finance,Netherlands,SQL|Legacy VBA|R|Airflow|MS Access|Cloud (AWS/GCP),6,323359.0,0.98,110.0,5.92,5,Elite,Critical Risk,6,0,1.264,7,5
1859,2023,BI Developer,Lead,Finance,UAE,Deep Learning|Tableau|Legacy VBA|dbt,4,230390.0,0.681,112.6,6.8,4,High,High Risk,4,0,1.002,2,4
1860,2025,Operations Analyst,Mid,Energy,Brazil,Basic SEO|Python|MLOps|LLMs/GenAI,4,168291.0,0.46,122.4,7.75,2,Mid,Moderate Risk,4,0,1.132,16,2
1861,2023,Financial Analyst,Principal,Retail,Singapore,Cloud (AWS/GCP)|MS Access|Power BI|COBOL,4,237201.0,0.98,129.3,5.05,5,High,Critical Risk,4,0,0.927,12,5
1862,2025,Financial Analyst,Entry,Manufacturing,Canada,Airflow|LLMs/GenAI|MLOps|Data Entry,4,129605.0,0.795,130.2,7.15,1,Low,Critical Risk,4,0,1.183,12,1
1863,2020,Financial Analyst,Principal,Retail,Australia,Kubernetes|Power BI|Cloud (AWS/GCP)|Statistics|MS Access,5,258768.0,0.503,114.4,6.9,5,Elite,High Risk,5,0,1.012,12,5
1864,2024,Product Manager,Lead,Retail,India,Prompt Engineering|Airflow|Python|Excel (Basic)|MLOps|Kubernetes,6,379120.0,0.05,152.0,7.9,4,Elite,Low Risk,6,1,1.648,17,4
1865,2023,Digital Marketer,Principal,Finance,India,Manual Testing|Basic SEO|Excel (Basic)|Tableau|Python|LLMs/GenAI,6,247690.0,0.98,136.5,5.98,5,Elite,Critical Risk,6,0,0.968,10,5
1866,2022,Data Scientist,Mid,Tech,Australia,Legacy VBA|Manual Testing|Tableau|Cold Calling,4,121361.0,0.98,120.4,3.6,2,Low,Critical Risk,4,0,0.816,8,2
1867,2022,Product Manager,Entry,Retail,UAE,Spark/PySpark|Excel (Basic)|R|A/B Testing|Airflow,5,138435.0,0.269,109.0,6.98,1,Mid,Moderate Risk,5,0,1.264,17,1
1868,2019,Supply Chain Analyst,Entry,Healthcare,Australia,MS Access|COBOL|Copy-Paste Reporting|Machine Learning|R|dbt,6,93232.0,0.98,104.9,4.82,1,Low,Critical Risk,6,0,0.851,23,1
1869,2019,Statistician,Principal,Consulting,Brazil,A/B Testing|Copy-Paste Reporting|Basic SEO|Excel (Basic)|Tableau|Vector Databases,6,250493.0,0.98,93.6,5.35,5,Elite,Critical Risk,6,0,0.979,22,5
1870,2024,Product Manager,Senior,Media,Australia,Airflow|Data Entry|R|SQL,4,208707.0,0.882,156.4,5.95,3,High,Critical Risk,4,0,1.073,17,3
1871,2025,Business Analyst,Mid,Tech,Germany,Airflow|SQL|Data Entry|Deep Learning|Basic SEO,5,148772.0,0.98,151.6,5.88,2,Mid,Critical Risk,5,0,1.0,3,2
1872,2025,Financial Analyst,Senior,Finance,UAE,Vector Databases|Basic SEO|Copy-Paste Reporting,3,155198.0,0.98,109.0,4.37,3,Mid,Critical Risk,3,0,0.798,12,3
1873,2020,Product Manager,Principal,Finance,USA,Data Entry|Excel (Basic)|LLMs/GenAI|Cold Calling,4,270373.0,0.98,113.2,4.2,5,Elite,Critical Risk,4,0,1.057,17,5
1874,2023,Product Manager,Senior,Tech,UK,dbt|Statistics|Kubernetes|Data Entry|Copy-Paste Reporting,5,228030.0,0.98,128.5,5.3,3,High,Critical Risk,5,0,1.172,17,3
1875,2020,Business Analyst,Principal,Retail,USA,Statistics|Deep Learning|dbt|Legacy VBA|Excel (Basic)|Copy-Paste Reporting,6,237917.0,0.98,111.5,5.25,5,High,Critical Risk,6,0,0.93,3,5
1876,2019,Data Engineer,Lead,Tech,India,Cloud (AWS/GCP)|dbt|LLMs/GenAI|Copy-Paste Reporting,4,289362.0,0.67,104.8,7.08,4,Elite,High Risk,4,0,1.258,7,4
1877,2024,IT Support Specialist,Lead,Consulting,India,Cloud (AWS/GCP)|Manual Testing|Cold Calling,3,131958.0,0.98,118.6,4.6,4,Low,Critical Risk,3,0,0.574,14,4
1878,2019,Machine Learning Engineer,Entry,Government,Singapore,Spark/PySpark|LLMs/GenAI|Machine Learning,3,161824.0,0.05,101.5,9.33,1,Mid,Low Risk,3,1,1.478,15,1
1879,2024,Business Analyst,Lead,Healthcare,Australia,Airflow|dbt|Manual Testing|MS Access|Cold Calling|Basic SEO,6,183540.0,0.98,122.3,4.47,4,Mid,Critical Risk,6,0,0.798,3,4
1880,2023,SQL Developer,Lead,Government,Australia,R|Python|Legacy VBA|LLMs/GenAI,4,222577.0,0.67,107.4,6.88,4,High,High Risk,4,0,0.968,20,4
1881,2024,AI Engineer,Principal,Finance,India,LLMs/GenAI|Cloud (AWS/GCP)|Deep Learning|Prompt Engineering|Python,5,522130.25,0.05,135.3,9.28,5,Elite,Low Risk,5,1,2.041,0,5
1882,2024,Software Developer,Principal,Healthcare,Australia,Excel (Basic)|Legacy VBA|MLOps,3,273083.0,0.98,150.4,4.83,5,Elite,Critical Risk,3,0,1.068,21,5
1883,2020,Accountant,Senior,Government,India,Basic SEO|Excel (Basic)|dbt,3,112223.0,0.98,116.2,5.0,3,Low,Critical Risk,3,0,0.577,1,3
1884,2021,DevOps Engineer,Lead,Finance,USA,Crystal Reports|Legacy VBA|Excel (Basic)|Manual Testing,4,198365.0,0.98,111.3,2.52,4,High,Critical Risk,4,0,0.862,9,4
1885,2025,Operations Analyst,Principal,Consulting,USA,Airflow|Tableau|Cloud (AWS/GCP),3,242570.0,0.294,116.1,8.3,5,High,Moderate Risk,3,1,0.948,16,5
1886,2020,QA Engineer,Senior,Media,Australia,SQL|Prompt Engineering|Cold Calling|Spark/PySpark|dbt,5,190516.0,0.835,105.2,7.2,3,High,Critical Risk,5,0,0.98,18,3
1887,2021,Data Scientist,Mid,Tech,India,Machine Learning|Power BI|Cloud (AWS/GCP)|Vector Databases|Manual Testing|LLMs/GenAI,6,236842.0,0.05,113.3,8.0,2,High,Low Risk,6,1,1.592,8,2
1888,2023,Digital Marketer,Senior,Tech,India,Tableau|MS Access|Deep Learning,3,143392.0,0.79,117.9,6.3,3,Mid,Critical Risk,3,0,0.737,10,3
1889,2025,Financial Analyst,Entry,Government,Canada,Spark/PySpark|Copy-Paste Reporting|Prompt Engineering|A/B Testing,4,113136.0,0.977,154.5,6.72,1,Low,Critical Risk,4,0,1.033,12,1
1890,2019,Cloud Architect,Senior,Manufacturing,India,Airflow|Crystal Reports|Copy-Paste Reporting,3,204432.0,0.98,106.7,3.7,3,High,Critical Risk,3,0,1.051,4,3
1891,2020,Business Analyst,Entry,Tech,Brazil,SQL|Statistics|Excel (Basic)|Cold Calling|Data Entry,5,86287.0,0.98,103.3,4.38,1,Low,Critical Risk,5,0,0.788,3,1
1892,2022,AI Engineer,Principal,Finance,Australia,Excel (Basic)|Legacy VBA|Cold Calling|Vector Databases|COBOL|Prompt Engineering,6,388544.0,0.98,118.9,4.52,5,Elite,Critical Risk,6,0,1.519,0,5
1893,2020,Excel Analyst,Senior,Consulting,UK,Basic SEO|COBOL|Kubernetes|Tableau,4,122155.0,0.98,103.1,4.97,3,Low,Critical Risk,4,0,0.628,11,3
1894,2019,Business Analyst,Principal,Tech,UK,Machine Learning|dbt|Python,3,236906.0,0.05,98.3,9.07,5,High,Low Risk,3,1,0.926,3,5
1895,2024,QA Engineer,Principal,Retail,UK,SQL|Kubernetes|Cold Calling|Deep Learning|Statistics|LLMs/GenAI,6,355415.0,0.676,103.4,7.32,5,Elite,High Risk,6,0,1.39,18,5
1896,2019,SEO Specialist,Entry,Media,UK,Tableau|Cloud (AWS/GCP)|Spark/PySpark|Excel (Basic)|Python,5,91154.0,0.508,97.5,7.6,1,Low,High Risk,5,0,0.832,19,1
1897,2019,Cloud Architect,Entry,Consulting,UK,A/B Testing|Machine Learning|Power BI|Tableau,4,141034.0,0.05,100.3,8.2,1,Mid,Low Risk,4,1,1.288,4,1
1898,2019,IT Support Specialist,Mid,Education,UK,Basic SEO|Copy-Paste Reporting|Prompt Engineering,3,68767.0,0.98,94.8,4.43,2,Low,Critical Risk,3,0,0.462,14,2
1899,2023,Statistician,Lead,Manufacturing,Canada,LLMs/GenAI|Cloud (AWS/GCP)|Crystal Reports|dbt|Python|MS Access,6,309487.0,0.776,128.6,6.75,4,Elite,Critical Risk,6,0,1.345,22,4
1900,2020,DevOps Engineer,Principal,Media,Australia,Power BI|Crystal Reports|Copy-Paste Reporting|Manual Testing|Kubernetes|Statistics,6,283171.0,0.98,105.4,4.82,5,Elite,Critical Risk,6,0,1.107,9,5
1901,2019,SEO Specialist,Entry,Education,Canada,Manual Testing|SQL|LLMs/GenAI|Basic SEO,4,75247.0,0.98,100.3,5.78,1,Low,Critical Risk,4,0,0.687,19,1
1902,2022,Statistician,Lead,Government,Singapore,Deep Learning|Vector Databases|Excel (Basic)|A/B Testing,4,255249.0,0.145,102.8,7.4,4,Elite,Low Risk,4,1,1.11,22,4
1903,2020,Operations Analyst,Lead,Tech,USA,Kubernetes|SQL|Power BI,3,176453.0,0.244,102.4,7.8,4,Mid,Low Risk,3,1,0.767,16,4
1904,2021,Cloud Architect,Principal,Tech,UK,Machine Learning|Tableau|Excel (Basic),3,343078.0,0.213,108.5,6.87,5,Elite,Low Risk,3,0,1.341,4,5
1905,2022,Machine Learning Engineer,Senior,Tech,USA,Excel (Basic)|Airflow|R|Cold Calling|Deep Learning,5,264218.0,0.827,132.6,5.88,3,Elite,Critical Risk,5,0,1.359,15,3
1906,2023,Operations Analyst,Senior,Energy,USA,Airflow|Legacy VBA|Crystal Reports|Deep Learning|MLOps,5,196641.0,0.98,138.1,6.04,3,High,Critical Risk,5,0,1.011,16,3
1907,2019,Statistician,Principal,Energy,Netherlands,COBOL|Excel (Basic)|Prompt Engineering,3,211579.0,0.683,97.8,4.67,5,High,High Risk,3,0,0.827,22,5
1908,2023,Digital Marketer,Lead,Energy,Netherlands,Data Entry|Airflow|Copy-Paste Reporting|Deep Learning|dbt|Tableau,6,232818.0,0.98,128.6,6.0,4,High,Critical Risk,6,0,1.012,10,4
1909,2024,Machine Learning Engineer,Lead,Government,Brazil,Cloud (AWS/GCP)|Power BI|SQL|Spark/PySpark|dbt,5,362203.0,0.05,123.2,8.3,4,Elite,Low Risk,5,1,1.575,15,4
1910,2019,Digital Marketer,Lead,Energy,Germany,Airflow|Basic SEO|LLMs/GenAI|Cold Calling,4,170122.0,0.98,99.7,5.78,4,Mid,Critical Risk,4,0,0.74,10,4
1911,2020,SQL Developer,Principal,Energy,Brazil,Excel (Basic)|Cloud (AWS/GCP)|Manual Testing|Tableau|COBOL,5,212373.0,0.98,102.3,4.82,5,High,Critical Risk,5,0,0.83,20,5
1912,2024,Statistician,Mid,Government,India,dbt|Tableau|Machine Learning,3,155985.0,0.05,134.4,8.53,2,Mid,Low Risk,3,1,1.049,22,2
1913,2025,SEO Specialist,Mid,Finance,UK,Machine Learning|Basic SEO|LLMs/GenAI|Legacy VBA|Cold Calling|MS Access,6,138596.0,0.98,110.5,4.75,2,Mid,Critical Risk,6,0,0.932,19,2
1914,2025,Supply Chain Analyst,Senior,Finance,Netherlands,Airflow|Vector Databases|Legacy VBA,3,165692.0,0.79,149.1,6.47,3,Mid,Critical Risk,3,0,0.852,23,3
1915,2023,Financial Analyst,Principal,Energy,Netherlands,Spark/PySpark|Cloud (AWS/GCP)|Deep Learning|Tableau|Python|R,6,365412.0,0.05,119.3,8.35,5,Elite,Low Risk,6,1,1.429,12,5
1916,2023,AI Engineer,Principal,Tech,UK,Kubernetes|Prompt Engineering|R|Spark/PySpark|LLMs/GenAI|Cloud (AWS/GCP),6,522130.25,0.05,127.1,8.57,5,Elite,Low Risk,6,1,2.041,0,5
1917,2021,Content Strategist,Principal,Retail,Brazil,A/B Testing|Vector Databases|Tableau|Python|R|LLMs/GenAI,6,305145.0,0.05,105.0,8.35,5,Elite,Low Risk,6,1,1.193,5,5
1918,2019,Statistician,Principal,Tech,Singapore,MLOps|Statistics|Legacy VBA|Deep Learning|LLMs/GenAI|dbt,6,351134.0,0.152,93.2,7.63,5,Elite,Low Risk,6,1,1.373,22,5
1919,2019,AI Engineer,Principal,Government,UK,LLMs/GenAI|A/B Testing|Statistics,3,357221.0,0.05,102.9,8.37,5,Elite,Low Risk,3,1,1.397,0,5
1920,2023,Statistician,Mid,Energy,Singapore,Tableau|MS Access|Cold Calling|SQL,4,117692.0,0.98,135.4,4.82,2,Low,Critical Risk,4,0,0.791,22,2
1921,2024,Digital Marketer,Entry,Manufacturing,USA,Airflow|Crystal Reports|Cloud (AWS/GCP)|Kubernetes|COBOL,5,104350.0,0.98,109.5,5.68,1,Low,Critical Risk,5,0,0.953,10,1
1922,2023,QA Engineer,Entry,Education,Singapore,Statistics|R|Data Entry,3,75475.0,0.98,96.3,5.13,1,Low,Critical Risk,3,0,0.689,18,1
1923,2022,AI Engineer,Principal,Media,Canada,MS Access|SQL|Vector Databases|Cloud (AWS/GCP)|Cold Calling,5,386262.0,0.943,135.0,5.96,5,Elite,Critical Risk,5,0,1.51,0,5
1924,2023,Supply Chain Analyst,Lead,Healthcare,Germany,Manual Testing|Power BI|Crystal Reports,3,135955.0,0.98,132.8,4.13,4,Mid,Critical Risk,3,0,0.591,23,4
1925,2025,Accountant,Lead,Government,Netherlands,MS Access|Kubernetes|Manual Testing|Power BI,4,178172.0,0.98,115.1,5.22,4,Mid,Critical Risk,4,0,0.775,1,4
1926,2022,Content Strategist,Senior,Healthcare,UK,Python|Spark/PySpark|R|MLOps|Cloud (AWS/GCP)|SQL,6,218483.0,0.05,108.5,8.32,3,High,Low Risk,6,1,1.123,5,3
1927,2021,Financial Analyst,Mid,Government,Germany,Python|A/B Testing|Excel (Basic)|COBOL,4,121945.0,0.911,113.4,5.45,2,Low,Critical Risk,4,0,0.82,12,2
1928,2021,SEO Specialist,Lead,Media,Netherlands,Manual Testing|Machine Learning|Power BI|Spark/PySpark,4,183740.0,0.734,134.2,7.2,4,High,High Risk,4,0,0.799,19,4
1929,2022,Digital Marketer,Mid,Media,UAE,Power BI|Python|Manual Testing,3,99284.0,0.773,130.5,6.6,2,Low,Critical Risk,3,0,0.668,10,2
1930,2019,AI Engineer,Entry,Retail,UK,Vector Databases|Legacy VBA|Cold Calling|Manual Testing,4,136086.0,0.98,100.5,3.97,1,Mid,Critical Risk,4,0,1.243,0,1
1931,2020,SQL Developer,Lead,Finance,Canada,Statistics|MS Access|Power BI|Python,4,177756.0,0.61,101.9,6.65,4,Mid,High Risk,4,0,0.773,20,4
1932,2020,Business Analyst,Senior,Education,Netherlands,SQL|MLOps|Cold Calling,3,143274.0,0.736,109.8,6.17,3,Mid,High Risk,3,0,0.737,3,3
1933,2019,BI Developer,Senior,Manufacturing,Germany,Spark/PySpark|Kubernetes|Cloud (AWS/GCP)|Manual Testing|COBOL|Power BI,6,222191.0,0.872,102.6,6.27,3,High,Critical Risk,6,0,1.142,2,3
1934,2019,SQL Developer,Senior,Manufacturing,USA,SQL|Deep Learning|Statistics|Cold Calling|MS Access|COBOL,6,164453.0,0.98,98.8,4.9,3,Mid,Critical Risk,6,0,0.846,20,3
1935,2024,Data Scientist,Principal,Healthcare,Germany,R|MS Access|Python,3,273347.0,0.6,159.2,5.97,5,Elite,High Risk,3,0,1.069,8,5
1936,2022,SEO Specialist,Mid,Finance,Germany,Tableau|Kubernetes|Power BI,3,105496.0,0.386,119.7,7.83,2,Low,Moderate Risk,3,0,0.709,19,2
1937,2019,Excel Analyst,Senior,Energy,India,Data Entry|SQL|Kubernetes|R|Power BI|Manual Testing,6,146115.0,0.98,105.5,5.7,3,Mid,Critical Risk,6,0,0.751,11,3
1938,2023,Excel Analyst,Principal,Government,Brazil,Prompt Engineering|A/B Testing|SQL|Excel (Basic)|Copy-Paste Reporting|Crystal Reports,6,210159.0,0.98,119.5,5.17,5,High,Critical Risk,6,0,0.822,11,5
1939,2019,Cloud Architect,Senior,Energy,Germany,COBOL|Legacy VBA|Machine Learning|Cloud (AWS/GCP)|Manual Testing,5,236773.0,0.98,95.9,4.9,3,High,Critical Risk,5,0,1.217,4,3
1940,2023,Supply Chain Analyst,Mid,Tech,UAE,Airflow|Crystal Reports|SQL|Machine Learning|Vector Databases,5,158730.0,0.413,111.2,7.24,2,Mid,Moderate Risk,5,0,1.067,23,2
1941,2022,Data Scientist,Lead,Tech,Canada,dbt|Power BI|MLOps|Airflow|Basic SEO|Crystal Reports,6,290096.0,0.943,119.9,6.4,4,Elite,Critical Risk,6,0,1.261,8,4
1942,2019,Content Strategist,Principal,Manufacturing,Australia,Manual Testing|Machine Learning|SQL|Statistics|Python,5,230984.0,0.372,91.6,7.28,5,High,Moderate Risk,5,0,0.903,5,5
1943,2023,HR Analyst,Principal,Manufacturing,India,A/B Testing|Excel (Basic)|Kubernetes|LLMs/GenAI|Machine Learning,5,302394.0,0.221,120.5,7.76,5,Elite,Low Risk,5,1,1.182,13,5
1944,2022,Software Developer,Senior,Media,Brazil,Power BI|Statistics|Copy-Paste Reporting|Machine Learning|MLOps|COBOL,6,254168.0,0.98,113.3,5.98,3,Elite,Critical Risk,6,0,1.307,21,3
1945,2019,AI Engineer,Senior,Government,Australia,Cold Calling|Tableau|MLOps|R|Python|Excel (Basic),6,261634.0,0.665,100.9,6.3,3,Elite,High Risk,6,0,1.345,0,3
1946,2021,Cloud Architect,Mid,Retail,Netherlands,Power BI|Spark/PySpark|Airflow,3,190049.0,0.05,128.4,8.27,2,High,Low Risk,3,1,1.278,4,2
1947,2021,Statistician,Lead,Government,India,Cold Calling|Power BI|MLOps|Crystal Reports,4,194857.0,0.98,111.6,5.15,4,High,Critical Risk,4,0,0.847,22,4
1948,2019,Software Developer,Senior,Energy,Brazil,Airflow|Machine Learning|Python|Crystal Reports|Legacy VBA,5,205917.0,0.935,89.4,6.16,3,High,Critical Risk,5,0,1.059,21,3
1949,2025,BI Developer,Entry,Healthcare,India,LLMs/GenAI|Cold Calling|COBOL|Tableau|Power BI,5,121336.0,0.98,184.5,5.68,1,Low,Critical Risk,5,0,1.108,2,1
1950,2022,Operations Analyst,Lead,Manufacturing,Singapore,Cold Calling|MLOps|Manual Testing|Deep Learning,4,203309.0,0.98,114.9,5.72,4,High,Critical Risk,4,0,0.884,16,4
1951,2019,Data Scientist,Mid,Manufacturing,UK,Vector Databases|Copy-Paste Reporting|A/B Testing,3,146215.0,0.806,103.1,6.0,2,Mid,Critical Risk,3,0,0.983,8,2
1952,2021,SEO Specialist,Principal,Government,USA,Cold Calling|R|Python,3,155757.0,0.98,97.2,5.9,5,Mid,Critical Risk,3,0,0.609,19,5
1953,2023,Content Strategist,Lead,Consulting,UAE,dbt|Copy-Paste Reporting|Deep Learning|LLMs/GenAI,4,219057.0,0.864,129.6,7.1,4,High,Critical Risk,4,0,0.952,5,4
1954,2021,IT Support Specialist,Entry,Manufacturing,UAE,Crystal Reports|Power BI|COBOL|Kubernetes,4,64961.0,0.98,117.2,4.72,1,Low,Critical Risk,4,0,0.593,14,1
1955,2024,QA Engineer,Entry,Healthcare,UK,Machine Learning|dbt|A/B Testing|Kubernetes,4,128263.0,0.131,93.6,8.5,1,Low,Low Risk,4,1,1.171,18,1
1956,2025,Digital Marketer,Senior,Retail,Singapore,Crystal Reports|Excel (Basic)|MS Access|SQL|Copy-Paste Reporting,5,111368.0,0.98,153.7,3.2,3,Low,Critical Risk,5,0,0.573,10,3
1957,2019,IT Support Specialist,Principal,Education,India,Kubernetes|A/B Testing|LLMs/GenAI|Prompt Engineering|Spark/PySpark,5,281132.0,0.05,96.8,8.76,5,Elite,Low Risk,5,1,1.099,14,5
1958,2023,Operations Analyst,Mid,Media,Australia,Vector Databases|COBOL|Cold Calling|Kubernetes|Machine Learning,5,156141.0,0.98,104.7,5.98,2,Mid,Critical Risk,5,0,1.05,16,2
1959,2022,Statistician,Senior,Education,Germany,MLOps|MS Access|Spark/PySpark|dbt|Deep Learning|Cloud (AWS/GCP),6,285855.0,0.086,102.1,7.75,3,Elite,Low Risk,6,1,1.47,22,3
1960,2020,Data Engineer,Lead,Manufacturing,Netherlands,Legacy VBA|Manual Testing|MS Access|Deep Learning|Tableau|COBOL,6,260870.0,0.98,112.6,4.15,4,Elite,Critical Risk,6,0,1.134,7,4
1961,2022,SQL Developer,Mid,Manufacturing,India,LLMs/GenAI|Python|dbt|R|Cold Calling|SQL,6,155681.0,0.627,114.9,7.25,2,Mid,High Risk,6,0,1.047,20,2
1962,2025,Data Scientist,Lead,Education,USA,COBOL|Copy-Paste Reporting|Deep Learning,3,243830.0,0.98,156.8,3.77,4,High,Critical Risk,3,0,1.06,8,4
1963,2022,Excel Analyst,Entry,Manufacturing,Australia,Machine Learning|SQL|Manual Testing|COBOL,4,72906.0,0.98,109.0,5.25,1,Low,Critical Risk,4,0,0.666,11,1
1964,2021,Product Manager,Principal,Media,India,Manual Testing|Airflow|MLOps|Copy-Paste Reporting|Prompt Engineering,5,328996.0,0.98,107.8,6.08,5,Elite,Critical Risk,5,0,1.286,17,5
1965,2025,Operations Analyst,Entry,Media,UK,Tableau|Statistics|A/B Testing|Prompt Engineering|COBOL|Deep Learning,6,128848.0,0.314,164.8,7.08,1,Low,Moderate Risk,6,1,1.177,16,1
1966,2021,BI Developer,Senior,Manufacturing,Germany,Kubernetes|Power BI|Machine Learning|Basic SEO|R,5,205006.0,0.553,113.6,6.98,3,High,High Risk,5,0,1.054,2,3
1967,2023,DevOps Engineer,Entry,Consulting,Brazil,Tableau|Crystal Reports|COBOL|R,4,111562.0,0.98,111.9,4.28,1,Low,Critical Risk,4,0,1.019,9,1
1968,2024,Supply Chain Analyst,Senior,Retail,Brazil,Spark/PySpark|R|Tableau,3,148994.0,0.22,163.3,7.6,3,Mid,Low Risk,3,1,0.766,23,3
1969,2023,Supply Chain Analyst,Senior,Media,Singapore,Excel (Basic)|A/B Testing|Basic SEO|Cold Calling|Spark/PySpark|Crystal Reports,6,154261.0,0.98,131.1,4.48,3,Mid,Critical Risk,6,0,0.793,23,3
1970,2021,Cloud Architect,Lead,Energy,India,Cloud (AWS/GCP)|Kubernetes|Tableau|Legacy VBA|Spark/PySpark|Basic SEO,6,331346.0,0.98,107.0,6.4,4,Elite,Critical Risk,6,0,1.44,4,4
1971,2019,Data Scientist,Principal,Media,Singapore,LLMs/GenAI|Kubernetes|Spark/PySpark|dbt|Basic SEO,5,354428.0,0.207,106.3,7.62,5,Elite,Low Risk,5,1,1.386,8,5
1972,2020,Financial Analyst,Lead,Healthcare,Netherlands,Airflow|Excel (Basic)|COBOL|Cloud (AWS/GCP),4,194269.0,0.898,99.0,5.5,4,High,Critical Risk,4,0,0.845,12,4
1973,2019,HR Analyst,Principal,Consulting,USA,Basic SEO|LLMs/GenAI|Excel (Basic)|dbt|Copy-Paste Reporting|A/B Testing,6,229889.0,0.98,103.2,5.62,5,High,Critical Risk,6,0,0.899,13,5
1974,2019,Operations Analyst,Principal,Media,Canada,Spark/PySpark|Cloud (AWS/GCP)|Machine Learning|Basic SEO,4,247404.0,0.568,100.8,7.55,5,Elite,High Risk,4,0,0.967,16,5
1975,2020,Excel Analyst,Mid,Tech,USA,Crystal Reports|A/B Testing|SQL,3,84708.0,0.98,92.9,5.73,2,Low,Critical Risk,3,0,0.57,11,2
1976,2022,Machine Learning Engineer,Entry,Tech,Netherlands,Crystal Reports|SQL|Cloud (AWS/GCP)|Python|R|Deep Learning,6,171861.0,0.185,131.4,7.18,1,Mid,Low Risk,6,1,1.569,15,1
1977,2020,DevOps Engineer,Lead,Finance,Germany,MS Access|Airflow|R,3,223563.0,0.627,100.1,5.67,4,High,High Risk,3,0,0.972,9,4
1978,2021,HR Analyst,Mid,Finance,Brazil,COBOL|Statistics|Kubernetes,3,97869.0,0.723,100.9,5.57,2,Low,High Risk,3,0,0.658,13,2
1979,2025,SEO Specialist,Mid,Retail,Australia,Power BI|Copy-Paste Reporting|Excel (Basic)|MLOps|Basic SEO,5,119342.0,0.98,158.7,4.86,2,Low,Critical Risk,5,0,0.802,19,2
1980,2019,Business Analyst,Entry,Retail,USA,Basic SEO|Cold Calling|SQL|LLMs/GenAI|Python|Vector Databases,6,107971.0,0.957,111.2,6.77,1,Low,Critical Risk,6,0,0.986,3,1
1981,2021,Cloud Architect,Principal,Government,UAE,MLOps|Python|Crystal Reports,3,338320.0,0.403,104.9,6.67,5,Elite,Moderate Risk,3,0,1.323,4,5
1982,2022,Supply Chain Analyst,Lead,Government,Germany,Deep Learning|Python|Data Entry,3,192227.0,0.8,122.0,6.6,4,High,Critical Risk,3,0,0.836,23,4
1983,2021,AI Engineer,Entry,Finance,Canada,Python|COBOL|Tableau|R|MLOps,5,159613.0,0.155,97.7,6.7,1,Mid,Low Risk,5,0,1.457,0,1
1984,2023,Financial Analyst,Senior,Energy,UAE,A/B Testing|Manual Testing|Python,3,152686.0,0.674,122.8,6.63,3,Mid,High Risk,3,0,0.785,12,3
1985,2023,SQL Developer,Lead,Government,Netherlands,Prompt Engineering|R|Spark/PySpark|SQL,4,224887.0,0.144,112.0,8.0,4,High,Low Risk,4,1,0.978,20,4
1986,2023,Financial Analyst,Principal,Government,India,Manual Testing|Tableau|COBOL|Python|A/B Testing|Airflow,6,278520.0,0.956,132.6,6.17,5,Elite,Critical Risk,6,0,1.089,12,5
1987,2023,SEO Specialist,Principal,Energy,UK,A/B Testing|Legacy VBA|Basic SEO|Data Entry|Statistics|Manual Testing,6,170031.0,0.98,106.8,4.1,5,Mid,Critical Risk,6,0,0.665,19,5
1988,2019,DevOps Engineer,Principal,Government,India,Tableau|Copy-Paste Reporting|Deep Learning|Excel (Basic)|SQL,5,303026.0,0.98,93.1,5.74,5,Elite,Critical Risk,5,0,1.185,9,5
1989,2023,Excel Analyst,Mid,Tech,UK,Power BI|Crystal Reports|Cold Calling|Vector Databases,4,105290.0,0.98,110.4,5.18,2,Low,Critical Risk,4,0,0.708,11,2
1990,2024,Content Strategist,Principal,Media,India,Python|Prompt Engineering|Deep Learning|R|Copy-Paste Reporting|Excel (Basic),6,285569.0,0.98,125.5,6.43,5,Elite,Critical Risk,6,0,1.117,5,5
1991,2020,Data Scientist,Lead,Education,Australia,Cloud (AWS/GCP)|Tableau|Statistics|Prompt Engineering|Crystal Reports,5,281321.0,0.315,106.3,7.02,4,Elite,Moderate Risk,5,1,1.223,8,4
1992,2024,Data Engineer,Lead,Manufacturing,Singapore,COBOL|Deep Learning|Cloud (AWS/GCP)|R,4,303106.0,0.338,140.5,6.45,4,Elite,Moderate Risk,4,0,1.318,7,4
1993,2025,HR Analyst,Principal,Healthcare,Germany,Manual Testing|Crystal Reports|Excel (Basic),3,147991.0,0.98,137.4,2.7,5,Mid,Critical Risk,3,0,0.579,13,5
1994,2020,QA Engineer,Senior,Healthcare,India,Manual Testing|Statistics|MLOps|A/B Testing,4,176989.0,0.685,111.0,6.78,3,Mid,High Risk,4,0,0.91,18,3
1995,2022,Business Analyst,Senior,Education,Germany,Cloud (AWS/GCP)|Basic SEO|R|Vector Databases,4,188138.0,0.597,134.4,6.9,3,High,High Risk,4,0,0.967,3,3
1996,2021,Digital Marketer,Entry,Education,Singapore,Python|Copy-Paste Reporting|Excel (Basic)|Spark/PySpark,4,79841.0,0.98,106.7,5.6,1,Low,Critical Risk,4,0,0.729,10,1
1997,2025,DevOps Engineer,Lead,Tech,Brazil,MS Access|Machine Learning|Deep Learning,3,303417.0,0.398,152.6,6.93,4,Elite,Moderate Risk,3,0,1.319,9,4
1998,2020,Operations Analyst,Senior,Government,Germany,Tableau|LLMs/GenAI|dbt,3,170093.0,0.05,112.9,8.63,3,Mid,Low Risk,3,1,0.875,16,3
1999,2021,Digital Marketer,Mid,Media,India,MS Access|COBOL|Kubernetes|Python|Machine Learning,5,141867.0,0.945,111.5,6.04,2,Mid,Critical Risk,5,0,0.954,10,2
2000,2023,HR Analyst,Principal,Healthcare,India,Crystal Reports|Tableau|Airflow|Deep Learning|Spark/PySpark,5,263192.0,0.674,141.9,7.1,5,Elite,High Risk,5,0,1.029,13,5
