id,year,job_role,salary_usd,automation_risk,demand_index,skill
1,2024,Machine Learning Engineer,153092.0,0.98,150.3,Spark/PySpark
1,2024,Machine Learning Engineer,153092.0,0.98,150.3,MS Access
1,2024,Machine Learning Engineer,153092.0,0.98,150.3,Cloud (AWS/GCP)
1,2024,Machine Learning Engineer,153092.0,0.98,150.3,Legacy VBA
2,2023,Data Scientist,338275.0,0.05,127.0,Deep Learning
2,2023,Data Scientist,338275.0,0.05,127.0,dbt
2,2023,Data Scientist,338275.0,0.05,127.0,Airflow
3,2019,SEO Specialist,101396.0,0.98,97.7,Tableau
3,2019,SEO Specialist,101396.0,0.98,97.7,Excel (Basic)
3,2019,SEO Specialist,101396.0,0.98,97.7,Kubernetes
3,2019,SEO Specialist,101396.0,0.98,97.7,COBOL
4,2025,BI Developer,262957.0,0.736,115.2,dbt
4,2025,BI Developer,262957.0,0.736,115.2,Cold Calling
4,2025,BI Developer,262957.0,0.736,115.2,MLOps
4,2025,BI Developer,262957.0,0.736,115.2,Cloud (AWS/GCP)
5,2019,DevOps Engineer,173459.0,0.573,91.4,MS Access
5,2019,DevOps Engineer,173459.0,0.573,91.4,Tableau
5,2019,DevOps Engineer,173459.0,0.573,91.4,R
6,2022,Data Scientist,346456.0,0.555,127.4,Excel (Basic)
6,2022,Data Scientist,346456.0,0.555,127.4,dbt
6,2022,Data Scientist,346456.0,0.555,127.4,Crystal Reports
6,2022,Data Scientist,346456.0,0.555,127.4,Deep Learning
6,2022,Data Scientist,346456.0,0.555,127.4,Machine Learning
7,2025,AI Engineer,189953.0,0.98,140.6,Kubernetes
7,2025,AI Engineer,189953.0,0.98,140.6,Tableau
7,2025,AI Engineer,189953.0,0.98,140.6,Data Entry
7,2025,AI Engineer,189953.0,0.98,140.6,Vector Databases
7,2025,AI Engineer,189953.0,0.98,140.6,LLMs/GenAI
7,2025,AI Engineer,189953.0,0.98,140.6,Cold Calling
8,2024,Statistician,130917.0,0.05,152.4,LLMs/GenAI
8,2024,Statistician,130917.0,0.05,152.4,Tableau
8,2024,Statistician,130917.0,0.05,152.4,SQL
8,2024,Statistician,130917.0,0.05,152.4,Kubernetes
9,2024,Operations Analyst,225090.0,0.758,144.5,Airflow
9,2024,Operations Analyst,225090.0,0.758,144.5,Basic SEO
9,2024,Operations Analyst,225090.0,0.758,144.5,Machine Learning
10,2022,Statistician,109512.0,0.767,108.8,dbt
10,2022,Statistician,109512.0,0.767,108.8,Data Entry
10,2022,Statistician,109512.0,0.767,108.8,Statistics
10,2022,Statistician,109512.0,0.767,108.8,SQL
10,2022,Statistician,109512.0,0.767,108.8,Tableau
11,2020,Excel Analyst,249756.0,0.601,101.9,Excel (Basic)
11,2020,Excel Analyst,249756.0,0.601,101.9,SQL
11,2020,Excel Analyst,249756.0,0.601,101.9,Vector Databases
11,2020,Excel Analyst,249756.0,0.601,101.9,Airflow
11,2020,Excel Analyst,249756.0,0.601,101.9,Spark/PySpark
11,2020,Excel Analyst,249756.0,0.601,101.9,A/B Testing
12,2025,Business Analyst,102092.0,0.98,137.6,Manual Testing
12,2025,Business Analyst,102092.0,0.98,137.6,Deep Learning
12,2025,Business Analyst,102092.0,0.98,137.6,SQL
12,2025,Business Analyst,102092.0,0.98,137.6,COBOL
12,2025,Business Analyst,102092.0,0.98,137.6,Copy-Paste Reporting
12,2025,Business Analyst,102092.0,0.98,137.6,Tableau
13,2023,Data Analyst,135931.0,0.05,101.5,Cloud (AWS/GCP)
13,2023,Data Analyst,135931.0,0.05,101.5,Prompt Engineering
13,2023,Data Analyst,135931.0,0.05,101.5,Power BI
13,2023,Data Analyst,135931.0,0.05,101.5,LLMs/GenAI
13,2023,Data Analyst,135931.0,0.05,101.5,Tableau
14,2024,Product Manager,199884.0,0.98,152.9,Copy-Paste Reporting
14,2024,Product Manager,199884.0,0.98,152.9,Data Entry
14,2024,Product Manager,199884.0,0.98,152.9,Prompt Engineering
15,2023,Accountant,116021.0,0.98,124.6,R
15,2023,Accountant,116021.0,0.98,124.6,Cold Calling
15,2023,Accountant,116021.0,0.98,124.6,A/B Testing
15,2023,Accountant,116021.0,0.98,124.6,Python
16,2022,Data Analyst,110082.0,0.231,113.9,Machine Learning
16,2022,Data Analyst,110082.0,0.231,113.9,Airflow
16,2022,Data Analyst,110082.0,0.231,113.9,Excel (Basic)
16,2022,Data Analyst,110082.0,0.231,113.9,Deep Learning
17,2022,Data Scientist,367433.0,0.142,136.6,R
17,2022,Data Scientist,367433.0,0.142,136.6,LLMs/GenAI
17,2022,Data Scientist,367433.0,0.142,136.6,Kubernetes
17,2022,Data Scientist,367433.0,0.142,136.6,A/B Testing
17,2022,Data Scientist,367433.0,0.142,136.6,Manual Testing
17,2022,Data Scientist,367433.0,0.142,136.6,Power BI
18,2023,Product Manager,219724.0,0.05,124.6,Tableau
18,2023,Product Manager,219724.0,0.05,124.6,A/B Testing
18,2023,Product Manager,219724.0,0.05,124.6,Cloud (AWS/GCP)
18,2023,Product Manager,219724.0,0.05,124.6,Airflow
18,2023,Product Manager,219724.0,0.05,124.6,Deep Learning
19,2023,SEO Specialist,102504.0,0.98,106.2,Deep Learning
19,2023,SEO Specialist,102504.0,0.98,106.2,Crystal Reports
19,2023,SEO Specialist,102504.0,0.98,106.2,Data Entry
20,2019,Business Analyst,155103.0,0.68,104.9,Kubernetes
20,2019,Business Analyst,155103.0,0.68,104.9,Legacy VBA
20,2019,Business Analyst,155103.0,0.68,104.9,Statistics
20,2019,Business Analyst,155103.0,0.68,104.9,dbt
21,2024,Financial Analyst,259841.0,0.98,126.0,COBOL
21,2024,Financial Analyst,259841.0,0.98,126.0,Power BI
21,2024,Financial Analyst,259841.0,0.98,126.0,dbt
21,2024,Financial Analyst,259841.0,0.98,126.0,Cloud (AWS/GCP)
21,2024,Financial Analyst,259841.0,0.98,126.0,Cold Calling
21,2024,Financial Analyst,259841.0,0.98,126.0,Legacy VBA
22,2022,QA Engineer,185637.0,0.899,121.8,SQL
22,2022,QA Engineer,185637.0,0.899,121.8,MS Access
22,2022,QA Engineer,185637.0,0.899,121.8,MLOps
23,2019,Excel Analyst,159139.0,0.15,101.8,Spark/PySpark
23,2019,Excel Analyst,159139.0,0.15,101.8,Power BI
23,2019,Excel Analyst,159139.0,0.15,101.8,LLMs/GenAI
23,2019,Excel Analyst,159139.0,0.15,101.8,Kubernetes
23,2019,Excel Analyst,159139.0,0.15,101.8,Tableau
23,2019,Excel Analyst,159139.0,0.15,101.8,Airflow
24,2019,IT Support Specialist,146174.0,0.98,107.7,Deep Learning
24,2019,IT Support Specialist,146174.0,0.98,107.7,Cold Calling
24,2019,IT Support Specialist,146174.0,0.98,107.7,Copy-Paste Reporting
25,2022,Digital Marketer,201437.0,0.122,122.5,LLMs/GenAI
25,2022,Digital Marketer,201437.0,0.122,122.5,SQL
25,2022,Digital Marketer,201437.0,0.122,122.5,Python
26,2021,IT Support Specialist,194527.0,0.923,107.2,Spark/PySpark
26,2021,IT Support Specialist,194527.0,0.923,107.2,dbt
26,2021,IT Support Specialist,194527.0,0.923,107.2,Prompt Engineering
26,2021,IT Support Specialist,194527.0,0.923,107.2,Basic SEO
26,2021,IT Support Specialist,194527.0,0.923,107.2,Machine Learning
26,2021,IT Support Specialist,194527.0,0.923,107.2,Excel (Basic)
27,2019,Product Manager,276708.0,0.9,98.9,A/B Testing
27,2019,Product Manager,276708.0,0.9,98.9,Copy-Paste Reporting
27,2019,Product Manager,276708.0,0.9,98.9,LLMs/GenAI
27,2019,Product Manager,276708.0,0.9,98.9,Machine Learning
27,2019,Product Manager,276708.0,0.9,98.9,Basic SEO
27,2019,Product Manager,276708.0,0.9,98.9,Deep Learning
28,2019,Accountant,65535.0,0.98,97.4,Excel (Basic)
28,2019,Accountant,65535.0,0.98,97.4,Airflow
28,2019,Accountant,65535.0,0.98,97.4,Manual Testing
29,2019,QA Engineer,249757.0,0.98,104.6,Kubernetes
29,2019,QA Engineer,249757.0,0.98,104.6,dbt
29,2019,QA Engineer,249757.0,0.98,104.6,Legacy VBA
29,2019,QA Engineer,249757.0,0.98,104.6,Crystal Reports
29,2019,QA Engineer,249757.0,0.98,104.6,MLOps
30,2022,Data Engineer,209172.0,0.469,138.5,Python
30,2022,Data Engineer,209172.0,0.469,138.5,Tableau
30,2022,Data Engineer,209172.0,0.469,138.5,Manual Testing
31,2019,Data Scientist,387485.0,0.05,96.5,Spark/PySpark
31,2019,Data Scientist,387485.0,0.05,96.5,Vector Databases
31,2019,Data Scientist,387485.0,0.05,96.5,Deep Learning
31,2019,Data Scientist,387485.0,0.05,96.5,Airflow
31,2019,Data Scientist,387485.0,0.05,96.5,Prompt Engineering
32,2025,SEO Specialist,101516.0,0.98,122.6,Legacy VBA
32,2025,SEO Specialist,101516.0,0.98,122.6,Basic SEO
32,2025,SEO Specialist,101516.0,0.98,122.6,R
33,2024,Machine Learning Engineer,184855.0,0.553,123.6,MS Access
33,2024,Machine Learning Engineer,184855.0,0.553,123.6,R
33,2024,Machine Learning Engineer,184855.0,0.553,123.6,Spark/PySpark
34,2023,SQL Developer,226197.0,0.98,87.7,Kubernetes
34,2023,SQL Developer,226197.0,0.98,87.7,Machine Learning
34,2023,SQL Developer,226197.0,0.98,87.7,Deep Learning
34,2023,SQL Developer,226197.0,0.98,87.7,Data Entry
34,2023,SQL Developer,226197.0,0.98,87.7,Power BI
34,2023,SQL Developer,226197.0,0.98,87.7,Copy-Paste Reporting
35,2021,Data Engineer,292443.0,0.156,114.1,R
35,2021,Data Engineer,292443.0,0.156,114.1,Python
35,2021,Data Engineer,292443.0,0.156,114.1,Cloud (AWS/GCP)
35,2021,Data Engineer,292443.0,0.156,114.1,Deep Learning
35,2021,Data Engineer,292443.0,0.156,114.1,Crystal Reports
35,2021,Data Engineer,292443.0,0.156,114.1,Spark/PySpark
36,2025,DevOps Engineer,425335.0,0.907,125.5,Spark/PySpark
36,2025,DevOps Engineer,425335.0,0.907,125.5,Machine Learning
36,2025,DevOps Engineer,425335.0,0.907,125.5,Prompt Engineering
36,2025,DevOps Engineer,425335.0,0.907,125.5,Vector Databases
36,2025,DevOps Engineer,425335.0,0.907,125.5,Basic SEO
36,2025,DevOps Engineer,425335.0,0.907,125.5,Cold Calling
37,2020,Supply Chain Analyst,110065.0,0.98,101.2,Manual Testing
37,2020,Supply Chain Analyst,110065.0,0.98,101.2,MS Access
37,2020,Supply Chain Analyst,110065.0,0.98,101.2,Spark/PySpark
37,2020,Supply Chain Analyst,110065.0,0.98,101.2,Airflow
37,2020,Supply Chain Analyst,110065.0,0.98,101.2,LLMs/GenAI
37,2020,Supply Chain Analyst,110065.0,0.98,101.2,Basic SEO
38,2019,BI Developer,192917.0,0.942,112.3,LLMs/GenAI
38,2019,BI Developer,192917.0,0.942,112.3,COBOL
38,2019,BI Developer,192917.0,0.942,112.3,Crystal Reports
38,2019,BI Developer,192917.0,0.942,112.3,Cloud (AWS/GCP)
38,2019,BI Developer,192917.0,0.942,112.3,SQL
39,2025,Digital Marketer,119213.0,0.98,125.2,Prompt Engineering
39,2025,Digital Marketer,119213.0,0.98,125.2,Basic SEO
39,2025,Digital Marketer,119213.0,0.98,125.2,COBOL
39,2025,Digital Marketer,119213.0,0.98,125.2,Copy-Paste Reporting
39,2025,Digital Marketer,119213.0,0.98,125.2,Airflow
40,2024,SQL Developer,201662.0,0.929,120.8,Cold Calling
40,2024,SQL Developer,201662.0,0.929,120.8,Kubernetes
40,2024,SQL Developer,201662.0,0.929,120.8,Vector Databases
41,2022,Supply Chain Analyst,245830.0,0.328,141.9,Kubernetes
41,2022,Supply Chain Analyst,245830.0,0.328,141.9,LLMs/GenAI
41,2022,Supply Chain Analyst,245830.0,0.328,141.9,Excel (Basic)
42,2021,Business Analyst,81978.0,0.98,134.6,MS Access
42,2021,Business Analyst,81978.0,0.98,134.6,COBOL
42,2021,Business Analyst,81978.0,0.98,134.6,MLOps
42,2021,Business Analyst,81978.0,0.98,134.6,Power BI
42,2021,Business Analyst,81978.0,0.98,134.6,Manual Testing
43,2019,Software Developer,233547.0,0.593,100.5,Crystal Reports
43,2019,Software Developer,233547.0,0.593,100.5,Power BI
43,2019,Software Developer,233547.0,0.593,100.5,Python
44,2025,SEO Specialist,95807.0,0.98,131.2,Legacy VBA
44,2025,SEO Specialist,95807.0,0.98,131.2,MLOps
44,2025,SEO Specialist,95807.0,0.98,131.2,Manual Testing
45,2025,Machine Learning Engineer,316860.0,0.224,118.9,MLOps
45,2025,Machine Learning Engineer,316860.0,0.224,118.9,SQL
45,2025,Machine Learning Engineer,316860.0,0.224,118.9,Crystal Reports
45,2025,Machine Learning Engineer,316860.0,0.224,118.9,Prompt Engineering
45,2025,Machine Learning Engineer,316860.0,0.224,118.9,R
45,2025,Machine Learning Engineer,316860.0,0.224,118.9,Spark/PySpark
46,2024,Software Developer,188312.0,0.442,122.7,SQL
46,2024,Software Developer,188312.0,0.442,122.7,R
46,2024,Software Developer,188312.0,0.442,122.7,Basic SEO
46,2024,Software Developer,188312.0,0.442,122.7,Python
46,2024,Software Developer,188312.0,0.442,122.7,Prompt Engineering
47,2022,Financial Analyst,311732.0,0.518,126.9,Tableau
47,2022,Financial Analyst,311732.0,0.518,126.9,Legacy VBA
47,2022,Financial Analyst,311732.0,0.518,126.9,dbt
47,2022,Financial Analyst,311732.0,0.518,126.9,A/B Testing
47,2022,Financial Analyst,311732.0,0.518,126.9,Statistics
47,2022,Financial Analyst,311732.0,0.518,126.9,LLMs/GenAI
48,2021,Content Strategist,196480.0,0.98,108.9,Legacy VBA
48,2021,Content Strategist,196480.0,0.98,108.9,Prompt Engineering
48,2021,Content Strategist,196480.0,0.98,108.9,Airflow
48,2021,Content Strategist,196480.0,0.98,108.9,COBOL
49,2019,Business Analyst,94799.0,0.98,93.8,Tableau
49,2019,Business Analyst,94799.0,0.98,93.8,Power BI
49,2019,Business Analyst,94799.0,0.98,93.8,Data Entry
50,2024,Operations Analyst,186082.0,0.98,156.1,Spark/PySpark
50,2024,Operations Analyst,186082.0,0.98,156.1,Data Entry
50,2024,Operations Analyst,186082.0,0.98,156.1,Crystal Reports
50,2024,Operations Analyst,186082.0,0.98,156.1,Python
51,2025,Machine Learning Engineer,415683.0,0.05,156.7,Machine Learning
51,2025,Machine Learning Engineer,415683.0,0.05,156.7,R
51,2025,Machine Learning Engineer,415683.0,0.05,156.7,Airflow
51,2025,Machine Learning Engineer,415683.0,0.05,156.7,Cloud (AWS/GCP)
51,2025,Machine Learning Engineer,415683.0,0.05,156.7,Tableau
51,2025,Machine Learning Engineer,415683.0,0.05,156.7,Spark/PySpark
52,2024,Content Strategist,192523.0,0.98,128.7,Manual Testing
52,2024,Content Strategist,192523.0,0.98,128.7,Basic SEO
52,2024,Content Strategist,192523.0,0.98,128.7,MS Access
52,2024,Content Strategist,192523.0,0.98,128.7,A/B Testing
52,2024,Content Strategist,192523.0,0.98,128.7,Power BI
52,2024,Content Strategist,192523.0,0.98,128.7,R
53,2020,Product Manager,224604.0,0.98,103.8,Basic SEO
53,2020,Product Manager,224604.0,0.98,103.8,Data Entry
53,2020,Product Manager,224604.0,0.98,103.8,Kubernetes
53,2020,Product Manager,224604.0,0.98,103.8,Cold Calling
54,2022,HR Analyst,110245.0,0.756,118.1,Crystal Reports
54,2022,HR Analyst,110245.0,0.756,118.1,Prompt Engineering
54,2022,HR Analyst,110245.0,0.756,118.1,Airflow
55,2021,SEO Specialist,87299.0,0.905,110.1,SQL
55,2021,SEO Specialist,87299.0,0.905,110.1,Crystal Reports
55,2021,SEO Specialist,87299.0,0.905,110.1,Spark/PySpark
55,2021,SEO Specialist,87299.0,0.905,110.1,dbt
56,2022,Cloud Architect,322306.0,0.62,127.2,dbt
56,2022,Cloud Architect,322306.0,0.62,127.2,Basic SEO
56,2022,Cloud Architect,322306.0,0.62,127.2,Power BI
57,2025,Financial Analyst,135048.0,0.517,139.8,Python
57,2025,Financial Analyst,135048.0,0.517,139.8,Vector Databases
57,2025,Financial Analyst,135048.0,0.517,139.8,Prompt Engineering
57,2025,Financial Analyst,135048.0,0.517,139.8,Cold Calling
57,2025,Financial Analyst,135048.0,0.517,139.8,SQL
57,2025,Financial Analyst,135048.0,0.517,139.8,Power BI
58,2024,SEO Specialist,232845.0,0.313,131.1,Kubernetes
58,2024,SEO Specialist,232845.0,0.313,131.1,Power BI
58,2024,SEO Specialist,232845.0,0.313,131.1,Statistics
58,2024,SEO Specialist,232845.0,0.313,131.1,Python
59,2024,Supply Chain Analyst,189708.0,0.64,139.7,Manual Testing
59,2024,Supply Chain Analyst,189708.0,0.64,139.7,R
59,2024,Supply Chain Analyst,189708.0,0.64,139.7,Python
59,2024,Supply Chain Analyst,189708.0,0.64,139.7,SQL
60,2024,Data Analyst,170111.0,0.05,146.3,LLMs/GenAI
60,2024,Data Analyst,170111.0,0.05,146.3,Machine Learning
60,2024,Data Analyst,170111.0,0.05,146.3,Kubernetes
60,2024,Data Analyst,170111.0,0.05,146.3,SQL
60,2024,Data Analyst,170111.0,0.05,146.3,MLOps
60,2024,Data Analyst,170111.0,0.05,146.3,dbt
61,2021,Software Developer,187403.0,0.544,109.4,Statistics
61,2021,Software Developer,187403.0,0.544,109.4,Python
61,2021,Software Developer,187403.0,0.544,109.4,MS Access
62,2021,Excel Analyst,76043.0,0.98,100.6,dbt
62,2021,Excel Analyst,76043.0,0.98,100.6,Basic SEO
62,2021,Excel Analyst,76043.0,0.98,100.6,Python
62,2021,Excel Analyst,76043.0,0.98,100.6,Manual Testing
63,2020,Digital Marketer,108069.0,0.98,103.8,Crystal Reports
63,2020,Digital Marketer,108069.0,0.98,103.8,Kubernetes
63,2020,Digital Marketer,108069.0,0.98,103.8,Cold Calling
63,2020,Digital Marketer,108069.0,0.98,103.8,Vector Databases
63,2020,Digital Marketer,108069.0,0.98,103.8,LLMs/GenAI
63,2020,Digital Marketer,108069.0,0.98,103.8,Manual Testing
64,2024,Operations Analyst,87769.0,0.432,143.1,Excel (Basic)
64,2024,Operations Analyst,87769.0,0.432,143.1,Python
64,2024,Operations Analyst,87769.0,0.432,143.1,Prompt Engineering
65,2022,Software Developer,160707.0,0.98,132.4,Cloud (AWS/GCP)
65,2022,Software Developer,160707.0,0.98,132.4,Crystal Reports
65,2022,Software Developer,160707.0,0.98,132.4,Cold Calling
65,2022,Software Developer,160707.0,0.98,132.4,Prompt Engineering
66,2023,Machine Learning Engineer,442476.0,0.903,109.3,Legacy VBA
66,2023,Machine Learning Engineer,442476.0,0.903,109.3,Vector Databases
66,2023,Machine Learning Engineer,442476.0,0.903,109.3,Deep Learning
66,2023,Machine Learning Engineer,442476.0,0.903,109.3,A/B Testing
66,2023,Machine Learning Engineer,442476.0,0.903,109.3,Data Entry
66,2023,Machine Learning Engineer,442476.0,0.903,109.3,MLOps
67,2022,Digital Marketer,111956.0,0.98,136.8,Crystal Reports
67,2022,Digital Marketer,111956.0,0.98,136.8,Spark/PySpark
67,2022,Digital Marketer,111956.0,0.98,136.8,Power BI
67,2022,Digital Marketer,111956.0,0.98,136.8,LLMs/GenAI
67,2022,Digital Marketer,111956.0,0.98,136.8,MS Access
67,2022,Digital Marketer,111956.0,0.98,136.8,A/B Testing
68,2021,Accountant,247558.0,0.98,125.9,Basic SEO
68,2021,Accountant,247558.0,0.98,125.9,MS Access
68,2021,Accountant,247558.0,0.98,125.9,Excel (Basic)
68,2021,Accountant,247558.0,0.98,125.9,Kubernetes
68,2021,Accountant,247558.0,0.98,125.9,MLOps
68,2021,Accountant,247558.0,0.98,125.9,Airflow
69,2019,Statistician,265911.0,0.892,102.6,MLOps
69,2019,Statistician,265911.0,0.892,102.6,Python
69,2019,Statistician,265911.0,0.892,102.6,Statistics
69,2019,Statistician,265911.0,0.892,102.6,Copy-Paste Reporting
69,2019,Statistician,265911.0,0.892,102.6,LLMs/GenAI
69,2019,Statistician,265911.0,0.892,102.6,COBOL
70,2025,Statistician,258213.0,0.05,145.7,R
70,2025,Statistician,258213.0,0.05,145.7,Python
70,2025,Statistician,258213.0,0.05,145.7,A/B Testing
70,2025,Statistician,258213.0,0.05,145.7,dbt
70,2025,Statistician,258213.0,0.05,145.7,Deep Learning
71,2022,Digital Marketer,309551.0,0.309,122.9,Tableau
71,2022,Digital Marketer,309551.0,0.309,122.9,COBOL
71,2022,Digital Marketer,309551.0,0.309,122.9,Python
71,2022,Digital Marketer,309551.0,0.309,122.9,Deep Learning
71,2022,Digital Marketer,309551.0,0.309,122.9,Prompt Engineering
71,2022,Digital Marketer,309551.0,0.309,122.9,Airflow
72,2020,AI Engineer,387016.0,0.186,112.8,Power BI
72,2020,AI Engineer,387016.0,0.186,112.8,MS Access
72,2020,AI Engineer,387016.0,0.186,112.8,R
72,2020,AI Engineer,387016.0,0.186,112.8,MLOps
72,2020,AI Engineer,387016.0,0.186,112.8,Vector Databases
73,2021,AI Engineer,267770.0,0.283,120.6,MLOps
73,2021,AI Engineer,267770.0,0.283,120.6,Cloud (AWS/GCP)
73,2021,AI Engineer,267770.0,0.283,120.6,MS Access
73,2021,AI Engineer,267770.0,0.283,120.6,R
74,2024,BI Developer,115159.0,0.98,114.8,MS Access
74,2024,BI Developer,115159.0,0.98,114.8,Excel (Basic)
74,2024,BI Developer,115159.0,0.98,114.8,Cold Calling
74,2024,BI Developer,115159.0,0.98,114.8,A/B Testing
74,2024,BI Developer,115159.0,0.98,114.8,Manual Testing
75,2019,SQL Developer,165281.0,0.562,97.6,Prompt Engineering
75,2019,SQL Developer,165281.0,0.562,97.6,Python
75,2019,SQL Developer,165281.0,0.562,97.6,Crystal Reports
75,2019,SQL Developer,165281.0,0.562,97.6,R
76,2019,Business Analyst,275444.0,0.592,94.6,Cloud (AWS/GCP)
76,2019,Business Analyst,275444.0,0.592,94.6,Python
76,2019,Business Analyst,275444.0,0.592,94.6,Excel (Basic)
76,2019,Business Analyst,275444.0,0.592,94.6,Prompt Engineering
76,2019,Business Analyst,275444.0,0.592,94.6,Statistics
76,2019,Business Analyst,275444.0,0.592,94.6,MS Access
77,2020,Business Analyst,158988.0,0.05,104.1,SQL
77,2020,Business Analyst,158988.0,0.05,104.1,Statistics
77,2020,Business Analyst,158988.0,0.05,104.1,Deep Learning
78,2024,Business Analyst,165332.0,0.626,127.6,Deep Learning
78,2024,Business Analyst,165332.0,0.626,127.6,Airflow
78,2024,Business Analyst,165332.0,0.626,127.6,Cloud (AWS/GCP)
78,2024,Business Analyst,165332.0,0.626,127.6,R
78,2024,Business Analyst,165332.0,0.626,127.6,Cold Calling
79,2023,Accountant,136119.0,0.98,122.7,Tableau
79,2023,Accountant,136119.0,0.98,122.7,Prompt Engineering
79,2023,Accountant,136119.0,0.98,122.7,Excel (Basic)
79,2023,Accountant,136119.0,0.98,122.7,Power BI
79,2023,Accountant,136119.0,0.98,122.7,Basic SEO
79,2023,Accountant,136119.0,0.98,122.7,COBOL
80,2023,Product Manager,161394.0,0.32,115.3,Legacy VBA
80,2023,Product Manager,161394.0,0.32,115.3,Deep Learning
80,2023,Product Manager,161394.0,0.32,115.3,LLMs/GenAI
80,2023,Product Manager,161394.0,0.32,115.3,Airflow
80,2023,Product Manager,161394.0,0.32,115.3,R
81,2019,QA Engineer,216912.0,0.98,102.5,Machine Learning
81,2019,QA Engineer,216912.0,0.98,102.5,Airflow
81,2019,QA Engineer,216912.0,0.98,102.5,Prompt Engineering
81,2019,QA Engineer,216912.0,0.98,102.5,Crystal Reports
81,2019,QA Engineer,216912.0,0.98,102.5,Copy-Paste Reporting
82,2024,Excel Analyst,209078.0,0.98,124.7,Cloud (AWS/GCP)
82,2024,Excel Analyst,209078.0,0.98,124.7,R
82,2024,Excel Analyst,209078.0,0.98,124.7,Airflow
82,2024,Excel Analyst,209078.0,0.98,124.7,Data Entry
82,2024,Excel Analyst,209078.0,0.98,124.7,Spark/PySpark
82,2024,Excel Analyst,209078.0,0.98,124.7,Kubernetes
83,2019,Business Analyst,133625.0,0.44,108.8,Tableau
83,2019,Business Analyst,133625.0,0.44,108.8,Cloud (AWS/GCP)
83,2019,Business Analyst,133625.0,0.44,108.8,Crystal Reports
83,2019,Business Analyst,133625.0,0.44,108.8,Prompt Engineering
83,2019,Business Analyst,133625.0,0.44,108.8,SQL
84,2023,SEO Specialist,162294.0,0.892,136.7,Power BI
84,2023,SEO Specialist,162294.0,0.892,136.7,MS Access
84,2023,SEO Specialist,162294.0,0.892,136.7,MLOps
85,2019,Data Scientist,122610.0,0.98,92.4,Cold Calling
85,2019,Data Scientist,122610.0,0.98,92.4,Legacy VBA
85,2019,Data Scientist,122610.0,0.98,92.4,Basic SEO
86,2019,BI Developer,195203.0,0.98,96.5,LLMs/GenAI
86,2019,BI Developer,195203.0,0.98,96.5,Excel (Basic)
86,2019,BI Developer,195203.0,0.98,96.5,Power BI
86,2019,BI Developer,195203.0,0.98,96.5,Data Entry
86,2019,BI Developer,195203.0,0.98,96.5,Basic SEO
87,2019,Digital Marketer,186169.0,0.98,95.4,Legacy VBA
87,2019,Digital Marketer,186169.0,0.98,95.4,Cloud (AWS/GCP)
87,2019,Digital Marketer,186169.0,0.98,95.4,Copy-Paste Reporting
87,2019,Digital Marketer,186169.0,0.98,95.4,LLMs/GenAI
87,2019,Digital Marketer,186169.0,0.98,95.4,MLOps
88,2022,AI Engineer,412099.0,0.05,126.8,Deep Learning
88,2022,AI Engineer,412099.0,0.05,126.8,MLOps
88,2022,AI Engineer,412099.0,0.05,126.8,Kubernetes
88,2022,AI Engineer,412099.0,0.05,126.8,Basic SEO
88,2022,AI Engineer,412099.0,0.05,126.8,Cloud (AWS/GCP)
88,2022,AI Engineer,412099.0,0.05,126.8,SQL
89,2025,Data Analyst,251277.0,0.093,157.5,dbt
89,2025,Data Analyst,251277.0,0.093,157.5,A/B Testing
89,2025,Data Analyst,251277.0,0.093,157.5,Vector Databases
90,2022,HR Analyst,196131.0,0.672,121.2,R
90,2022,HR Analyst,196131.0,0.672,121.2,Spark/PySpark
90,2022,HR Analyst,196131.0,0.672,121.2,Prompt Engineering
90,2022,HR Analyst,196131.0,0.672,121.2,Tableau
90,2022,HR Analyst,196131.0,0.672,121.2,Crystal Reports
91,2019,HR Analyst,259206.0,0.05,105.8,R
91,2019,HR Analyst,259206.0,0.05,105.8,Python
91,2019,HR Analyst,259206.0,0.05,105.8,Power BI
91,2019,HR Analyst,259206.0,0.05,105.8,Deep Learning
91,2019,HR Analyst,259206.0,0.05,105.8,Airflow
92,2019,IT Support Specialist,73551.0,0.98,102.3,A/B Testing
92,2019,IT Support Specialist,73551.0,0.98,102.3,Crystal Reports
92,2019,IT Support Specialist,73551.0,0.98,102.3,Kubernetes
92,2019,IT Support Specialist,73551.0,0.98,102.3,Power BI
92,2019,IT Support Specialist,73551.0,0.98,102.3,Basic SEO
93,2022,Excel Analyst,227605.0,0.98,99.6,dbt
93,2022,Excel Analyst,227605.0,0.98,99.6,Manual Testing
93,2022,Excel Analyst,227605.0,0.98,99.6,A/B Testing
93,2022,Excel Analyst,227605.0,0.98,99.6,MS Access
93,2022,Excel Analyst,227605.0,0.98,99.6,Spark/PySpark
93,2022,Excel Analyst,227605.0,0.98,99.6,Deep Learning
94,2025,QA Engineer,155795.0,0.98,120.5,Prompt Engineering
94,2025,QA Engineer,155795.0,0.98,120.5,MS Access
94,2025,QA Engineer,155795.0,0.98,120.5,Basic SEO
95,2024,Digital Marketer,153055.0,0.98,143.4,Vector Databases
95,2024,Digital Marketer,153055.0,0.98,143.4,MLOps
95,2024,Digital Marketer,153055.0,0.98,143.4,R
95,2024,Digital Marketer,153055.0,0.98,143.4,Cold Calling
95,2024,Digital Marketer,153055.0,0.98,143.4,COBOL
95,2024,Digital Marketer,153055.0,0.98,143.4,SQL
96,2021,SQL Developer,107839.0,0.98,103.3,Copy-Paste Reporting
96,2021,SQL Developer,107839.0,0.98,103.3,Cold Calling
96,2021,SQL Developer,107839.0,0.98,103.3,Power BI
96,2021,SQL Developer,107839.0,0.98,103.3,Machine Learning
97,2022,Operations Analyst,297997.0,0.066,131.2,Machine Learning
97,2022,Operations Analyst,297997.0,0.066,131.2,Spark/PySpark
97,2022,Operations Analyst,297997.0,0.066,131.2,A/B Testing
97,2022,Operations Analyst,297997.0,0.066,131.2,Excel (Basic)
97,2022,Operations Analyst,297997.0,0.066,131.2,MLOps
97,2022,Operations Analyst,297997.0,0.066,131.2,Cloud (AWS/GCP)
98,2022,Machine Learning Engineer,314874.0,0.98,112.5,Power BI
98,2022,Machine Learning Engineer,314874.0,0.98,112.5,Copy-Paste Reporting
98,2022,Machine Learning Engineer,314874.0,0.98,112.5,Data Entry
98,2022,Machine Learning Engineer,314874.0,0.98,112.5,Spark/PySpark
99,2025,Statistician,172962.0,0.98,168.1,Copy-Paste Reporting
99,2025,Statistician,172962.0,0.98,168.1,MLOps
99,2025,Statistician,172962.0,0.98,168.1,Legacy VBA
100,2022,Cloud Architect,258972.0,0.98,136.8,Airflow
100,2022,Cloud Architect,258972.0,0.98,136.8,Data Entry
100,2022,Cloud Architect,258972.0,0.98,136.8,Legacy VBA
101,2020,Product Manager,115011.0,0.468,108.7,Tableau
101,2020,Product Manager,115011.0,0.468,108.7,LLMs/GenAI
101,2020,Product Manager,115011.0,0.468,108.7,Crystal Reports
102,2019,Business Analyst,201951.0,0.05,100.6,Vector Databases
102,2019,Business Analyst,201951.0,0.05,100.6,Power BI
102,2019,Business Analyst,201951.0,0.05,100.6,Spark/PySpark
102,2019,Business Analyst,201951.0,0.05,100.6,Airflow
102,2019,Business Analyst,201951.0,0.05,100.6,A/B Testing
103,2024,BI Developer,156575.0,0.98,124.3,Manual Testing
103,2024,BI Developer,156575.0,0.98,124.3,Legacy VBA
103,2024,BI Developer,156575.0,0.98,124.3,Airflow
103,2024,BI Developer,156575.0,0.98,124.3,Statistics
103,2024,BI Developer,156575.0,0.98,124.3,Excel (Basic)
103,2024,BI Developer,156575.0,0.98,124.3,Spark/PySpark
104,2024,Statistician,323326.0,0.238,162.8,Prompt Engineering
104,2024,Statistician,323326.0,0.238,162.8,Legacy VBA
104,2024,Statistician,323326.0,0.238,162.8,R
104,2024,Statistician,323326.0,0.238,162.8,LLMs/GenAI
104,2024,Statistician,323326.0,0.238,162.8,Deep Learning
104,2024,Statistician,323326.0,0.238,162.8,Tableau
105,2023,AI Engineer,346832.0,0.754,124.0,dbt
105,2023,AI Engineer,346832.0,0.754,124.0,SQL
105,2023,AI Engineer,346832.0,0.754,124.0,Copy-Paste Reporting
105,2023,AI Engineer,346832.0,0.754,124.0,Statistics
105,2023,AI Engineer,346832.0,0.754,124.0,Cloud (AWS/GCP)
106,2023,DevOps Engineer,247605.0,0.98,117.4,Basic SEO
106,2023,DevOps Engineer,247605.0,0.98,117.4,Legacy VBA
106,2023,DevOps Engineer,247605.0,0.98,117.4,SQL
107,2023,Supply Chain Analyst,95670.0,0.98,117.2,Cold Calling
107,2023,Supply Chain Analyst,95670.0,0.98,117.2,COBOL
107,2023,Supply Chain Analyst,95670.0,0.98,117.2,Airflow
107,2023,Supply Chain Analyst,95670.0,0.98,117.2,Manual Testing
107,2023,Supply Chain Analyst,95670.0,0.98,117.2,Vector Databases
108,2020,Accountant,138224.0,0.79,112.8,Prompt Engineering
108,2020,Accountant,138224.0,0.79,112.8,COBOL
108,2020,Accountant,138224.0,0.79,112.8,Tableau
109,2021,Product Manager,194469.0,0.234,125.5,MS Access
109,2021,Product Manager,194469.0,0.234,125.5,Power BI
109,2021,Product Manager,194469.0,0.234,125.5,LLMs/GenAI
109,2021,Product Manager,194469.0,0.234,125.5,dbt
109,2021,Product Manager,194469.0,0.234,125.5,Spark/PySpark
110,2021,Content Strategist,192013.0,0.98,124.5,Basic SEO
110,2021,Content Strategist,192013.0,0.98,124.5,Statistics
110,2021,Content Strategist,192013.0,0.98,124.5,COBOL
110,2021,Content Strategist,192013.0,0.98,124.5,Prompt Engineering
110,2021,Content Strategist,192013.0,0.98,124.5,MS Access
111,2025,Machine Learning Engineer,257510.0,0.98,170.4,Copy-Paste Reporting
111,2025,Machine Learning Engineer,257510.0,0.98,170.4,Legacy VBA
111,2025,Machine Learning Engineer,257510.0,0.98,170.4,MS Access
111,2025,Machine Learning Engineer,257510.0,0.98,170.4,SQL
112,2025,SEO Specialist,158074.0,0.459,138.6,Kubernetes
112,2025,SEO Specialist,158074.0,0.459,138.6,R
112,2025,SEO Specialist,158074.0,0.459,138.6,Cloud (AWS/GCP)
113,2024,Product Manager,259853.0,0.445,143.0,Cloud (AWS/GCP)
113,2024,Product Manager,259853.0,0.445,143.0,Legacy VBA
113,2024,Product Manager,259853.0,0.445,143.0,Airflow
113,2024,Product Manager,259853.0,0.445,143.0,Statistics
113,2024,Product Manager,259853.0,0.445,143.0,Python
114,2023,Cloud Architect,417931.0,0.98,111.0,Crystal Reports
114,2023,Cloud Architect,417931.0,0.98,111.0,Prompt Engineering
114,2023,Cloud Architect,417931.0,0.98,111.0,Data Entry
114,2023,Cloud Architect,417931.0,0.98,111.0,Power BI
114,2023,Cloud Architect,417931.0,0.98,111.0,Cloud (AWS/GCP)
114,2023,Cloud Architect,417931.0,0.98,111.0,Spark/PySpark
115,2019,AI Engineer,294949.0,0.05,97.6,R
115,2019,AI Engineer,294949.0,0.05,97.6,Spark/PySpark
115,2019,AI Engineer,294949.0,0.05,97.6,SQL
115,2019,AI Engineer,294949.0,0.05,97.6,Tableau
116,2024,Operations Analyst,212772.0,0.98,127.4,Power BI
116,2024,Operations Analyst,212772.0,0.98,127.4,Data Entry
116,2024,Operations Analyst,212772.0,0.98,127.4,Cloud (AWS/GCP)
116,2024,Operations Analyst,212772.0,0.98,127.4,Basic SEO
117,2022,Statistician,126214.0,0.869,123.9,Tableau
117,2022,Statistician,126214.0,0.869,123.9,Airflow
117,2022,Statistician,126214.0,0.869,123.9,Vector Databases
117,2022,Statistician,126214.0,0.869,123.9,Cloud (AWS/GCP)
117,2022,Statistician,126214.0,0.869,123.9,Legacy VBA
117,2022,Statistician,126214.0,0.869,123.9,COBOL
118,2024,DevOps Engineer,132251.0,0.98,113.8,Cloud (AWS/GCP)
118,2024,DevOps Engineer,132251.0,0.98,113.8,Copy-Paste Reporting
118,2024,DevOps Engineer,132251.0,0.98,113.8,Basic SEO
118,2024,DevOps Engineer,132251.0,0.98,113.8,Tableau
119,2020,HR Analyst,217614.0,0.875,102.6,Airflow
119,2020,HR Analyst,217614.0,0.875,102.6,Spark/PySpark
119,2020,HR Analyst,217614.0,0.875,102.6,COBOL
119,2020,HR Analyst,217614.0,0.875,102.6,Excel (Basic)
119,2020,HR Analyst,217614.0,0.875,102.6,dbt
120,2025,SEO Specialist,121606.0,0.98,161.9,MLOps
120,2025,SEO Specialist,121606.0,0.98,161.9,Cold Calling
120,2025,SEO Specialist,121606.0,0.98,161.9,Spark/PySpark
120,2025,SEO Specialist,121606.0,0.98,161.9,COBOL
121,2019,Statistician,148096.0,0.98,99.5,COBOL
121,2019,Statistician,148096.0,0.98,99.5,LLMs/GenAI
121,2019,Statistician,148096.0,0.98,99.5,Cloud (AWS/GCP)
121,2019,Statistician,148096.0,0.98,99.5,Legacy VBA
121,2019,Statistician,148096.0,0.98,99.5,Copy-Paste Reporting
122,2019,DevOps Engineer,191008.0,0.05,98.0,LLMs/GenAI
122,2019,DevOps Engineer,191008.0,0.05,98.0,Kubernetes
122,2019,DevOps Engineer,191008.0,0.05,98.0,Machine Learning
123,2022,Content Strategist,106336.0,0.98,121.6,Cold Calling
123,2022,Content Strategist,106336.0,0.98,121.6,Vector Databases
123,2022,Content Strategist,106336.0,0.98,121.6,A/B Testing
123,2022,Content Strategist,106336.0,0.98,121.6,Excel (Basic)
123,2022,Content Strategist,106336.0,0.98,121.6,Cloud (AWS/GCP)
123,2022,Content Strategist,106336.0,0.98,121.6,Tableau
124,2023,Business Analyst,215914.0,0.98,126.6,Machine Learning
124,2023,Business Analyst,215914.0,0.98,126.6,Statistics
124,2023,Business Analyst,215914.0,0.98,126.6,Copy-Paste Reporting
125,2024,Machine Learning Engineer,321130.0,0.384,124.1,MLOps
125,2024,Machine Learning Engineer,321130.0,0.384,124.1,Manual Testing
125,2024,Machine Learning Engineer,321130.0,0.384,124.1,Spark/PySpark
126,2021,Accountant,211623.0,0.98,113.5,Manual Testing
126,2021,Accountant,211623.0,0.98,113.5,A/B Testing
126,2021,Accountant,211623.0,0.98,113.5,Prompt Engineering
126,2021,Accountant,211623.0,0.98,113.5,Tableau
126,2021,Accountant,211623.0,0.98,113.5,Basic SEO
126,2021,Accountant,211623.0,0.98,113.5,Copy-Paste Reporting
127,2025,Operations Analyst,128680.0,0.98,132.8,Tableau
127,2025,Operations Analyst,128680.0,0.98,132.8,Airflow
127,2025,Operations Analyst,128680.0,0.98,132.8,Power BI
127,2025,Operations Analyst,128680.0,0.98,132.8,MLOps
127,2025,Operations Analyst,128680.0,0.98,132.8,Copy-Paste Reporting
127,2025,Operations Analyst,128680.0,0.98,132.8,SQL
128,2019,Cloud Architect,308553.0,0.866,97.4,Spark/PySpark
128,2019,Cloud Architect,308553.0,0.866,97.4,Legacy VBA
128,2019,Cloud Architect,308553.0,0.866,97.4,Statistics
128,2019,Cloud Architect,308553.0,0.866,97.4,Deep Learning
128,2019,Cloud Architect,308553.0,0.866,97.4,Basic SEO
129,2022,Machine Learning Engineer,230984.0,0.25,127.8,Excel (Basic)
129,2022,Machine Learning Engineer,230984.0,0.25,127.8,R
129,2022,Machine Learning Engineer,230984.0,0.25,127.8,MLOps
130,2022,DevOps Engineer,324302.0,0.144,107.8,Vector Databases
130,2022,DevOps Engineer,324302.0,0.144,107.8,Cloud (AWS/GCP)
130,2022,DevOps Engineer,324302.0,0.144,107.8,Excel (Basic)
130,2022,DevOps Engineer,324302.0,0.144,107.8,A/B Testing
130,2022,DevOps Engineer,324302.0,0.144,107.8,dbt
131,2022,Excel Analyst,88226.0,0.98,108.6,Cloud (AWS/GCP)
131,2022,Excel Analyst,88226.0,0.98,108.6,Cold Calling
131,2022,Excel Analyst,88226.0,0.98,108.6,Kubernetes
131,2022,Excel Analyst,88226.0,0.98,108.6,Excel (Basic)
131,2022,Excel Analyst,88226.0,0.98,108.6,Airflow
132,2025,SEO Specialist,139567.0,0.98,151.3,Manual Testing
132,2025,SEO Specialist,139567.0,0.98,151.3,Legacy VBA
132,2025,SEO Specialist,139567.0,0.98,151.3,Basic SEO
133,2019,BI Developer,192934.0,0.98,99.4,Python
133,2019,BI Developer,192934.0,0.98,99.4,LLMs/GenAI
133,2019,BI Developer,192934.0,0.98,99.4,Copy-Paste Reporting
133,2019,BI Developer,192934.0,0.98,99.4,Spark/PySpark
133,2019,BI Developer,192934.0,0.98,99.4,Excel (Basic)
134,2019,Data Engineer,134064.0,0.05,97.0,SQL
134,2019,Data Engineer,134064.0,0.05,97.0,Power BI
134,2019,Data Engineer,134064.0,0.05,97.0,Tableau
134,2019,Data Engineer,134064.0,0.05,97.0,MLOps
135,2021,Product Manager,259376.0,0.05,116.8,Machine Learning
135,2021,Product Manager,259376.0,0.05,116.8,Spark/PySpark
135,2021,Product Manager,259376.0,0.05,116.8,LLMs/GenAI
136,2019,Supply Chain Analyst,106989.0,0.428,99.3,Statistics
136,2019,Supply Chain Analyst,106989.0,0.428,99.3,Manual Testing
136,2019,Supply Chain Analyst,106989.0,0.428,99.3,Tableau
136,2019,Supply Chain Analyst,106989.0,0.428,99.3,Power BI
136,2019,Supply Chain Analyst,106989.0,0.428,99.3,Kubernetes
136,2019,Supply Chain Analyst,106989.0,0.428,99.3,dbt
137,2019,DevOps Engineer,305176.0,0.245,103.6,A/B Testing
137,2019,DevOps Engineer,305176.0,0.245,103.6,Legacy VBA
137,2019,DevOps Engineer,305176.0,0.245,103.6,Prompt Engineering
137,2019,DevOps Engineer,305176.0,0.245,103.6,Machine Learning
137,2019,DevOps Engineer,305176.0,0.245,103.6,Airflow
137,2019,DevOps Engineer,305176.0,0.245,103.6,SQL
138,2019,Data Analyst,130376.0,0.514,106.4,Cold Calling
138,2019,Data Analyst,130376.0,0.514,106.4,Kubernetes
138,2019,Data Analyst,130376.0,0.514,106.4,Prompt Engineering
138,2019,Data Analyst,130376.0,0.514,106.4,MLOps
139,2022,Product Manager,251599.0,0.98,137.9,R
139,2022,Product Manager,251599.0,0.98,137.9,Crystal Reports
139,2022,Product Manager,251599.0,0.98,137.9,Airflow
139,2022,Product Manager,251599.0,0.98,137.9,A/B Testing
139,2022,Product Manager,251599.0,0.98,137.9,Copy-Paste Reporting
139,2022,Product Manager,251599.0,0.98,137.9,Legacy VBA
140,2019,Software Developer,134828.0,0.545,100.3,Deep Learning
140,2019,Software Developer,134828.0,0.545,100.3,MLOps
140,2019,Software Developer,134828.0,0.545,100.3,Excel (Basic)
140,2019,Software Developer,134828.0,0.545,100.3,Power BI
140,2019,Software Developer,134828.0,0.545,100.3,COBOL
140,2019,Software Developer,134828.0,0.545,100.3,SQL
141,2022,AI Engineer,163491.0,0.98,125.4,LLMs/GenAI
141,2022,AI Engineer,163491.0,0.98,125.4,COBOL
141,2022,AI Engineer,163491.0,0.98,125.4,Manual Testing
141,2022,AI Engineer,163491.0,0.98,125.4,Tableau
141,2022,AI Engineer,163491.0,0.98,125.4,Basic SEO
142,2021,Data Scientist,303504.0,0.569,125.8,Excel (Basic)
142,2021,Data Scientist,303504.0,0.569,125.8,SQL
142,2021,Data Scientist,303504.0,0.569,125.8,A/B Testing
142,2021,Data Scientist,303504.0,0.569,125.8,Deep Learning
142,2021,Data Scientist,303504.0,0.569,125.8,Basic SEO
142,2021,Data Scientist,303504.0,0.569,125.8,Prompt Engineering
143,2020,Cloud Architect,167375.0,0.656,110.8,A/B Testing
143,2020,Cloud Architect,167375.0,0.656,110.8,dbt
143,2020,Cloud Architect,167375.0,0.656,110.8,Cold Calling
144,2024,HR Analyst,136331.0,0.54,107.4,Kubernetes
144,2024,HR Analyst,136331.0,0.54,107.4,dbt
144,2024,HR Analyst,136331.0,0.54,107.4,LLMs/GenAI
144,2024,HR Analyst,136331.0,0.54,107.4,Manual Testing
145,2025,HR Analyst,65496.0,0.98,175.0,Cold Calling
145,2025,HR Analyst,65496.0,0.98,175.0,Excel (Basic)
145,2025,HR Analyst,65496.0,0.98,175.0,Copy-Paste Reporting
145,2025,HR Analyst,65496.0,0.98,175.0,Basic SEO
145,2025,HR Analyst,65496.0,0.98,175.0,Tableau
145,2025,HR Analyst,65496.0,0.98,175.0,Legacy VBA
146,2023,HR Analyst,223120.0,0.98,113.2,Tableau
146,2023,HR Analyst,223120.0,0.98,113.2,Deep Learning
146,2023,HR Analyst,223120.0,0.98,113.2,Statistics
146,2023,HR Analyst,223120.0,0.98,113.2,Data Entry
147,2021,Financial Analyst,98189.0,0.05,107.1,Prompt Engineering
147,2021,Financial Analyst,98189.0,0.05,107.1,Tableau
147,2021,Financial Analyst,98189.0,0.05,107.1,Machine Learning
148,2025,AI Engineer,163280.0,0.98,166.1,Tableau
148,2025,AI Engineer,163280.0,0.98,166.1,Excel (Basic)
148,2025,AI Engineer,163280.0,0.98,166.1,R
148,2025,AI Engineer,163280.0,0.98,166.1,MS Access
148,2025,AI Engineer,163280.0,0.98,166.1,Machine Learning
148,2025,AI Engineer,163280.0,0.98,166.1,Copy-Paste Reporting
149,2023,HR Analyst,188727.0,0.05,149.1,A/B Testing
149,2023,HR Analyst,188727.0,0.05,149.1,Spark/PySpark
149,2023,HR Analyst,188727.0,0.05,149.1,Machine Learning
149,2023,HR Analyst,188727.0,0.05,149.1,Tableau
149,2023,HR Analyst,188727.0,0.05,149.1,Cloud (AWS/GCP)
149,2023,HR Analyst,188727.0,0.05,149.1,MLOps
150,2019,Content Strategist,134300.0,0.895,94.7,Tableau
150,2019,Content Strategist,134300.0,0.895,94.7,A/B Testing
150,2019,Content Strategist,134300.0,0.895,94.7,Basic SEO
150,2019,Content Strategist,134300.0,0.895,94.7,Manual Testing
150,2019,Content Strategist,134300.0,0.895,94.7,LLMs/GenAI
150,2019,Content Strategist,134300.0,0.895,94.7,Vector Databases
151,2021,Software Developer,214516.0,0.98,100.4,COBOL
151,2021,Software Developer,214516.0,0.98,100.4,Data Entry
151,2021,Software Developer,214516.0,0.98,100.4,MLOps
152,2019,SEO Specialist,179995.0,0.98,96.0,MLOps
152,2019,SEO Specialist,179995.0,0.98,96.0,Deep Learning
152,2019,SEO Specialist,179995.0,0.98,96.0,Excel (Basic)
152,2019,SEO Specialist,179995.0,0.98,96.0,Legacy VBA
153,2021,AI Engineer,294042.0,0.05,114.1,Prompt Engineering
153,2021,AI Engineer,294042.0,0.05,114.1,R
153,2021,AI Engineer,294042.0,0.05,114.1,SQL
154,2021,Data Engineer,421150.0,0.05,111.0,Python
154,2021,Data Engineer,421150.0,0.05,111.0,Vector Databases
154,2021,Data Engineer,421150.0,0.05,111.0,Prompt Engineering
154,2021,Data Engineer,421150.0,0.05,111.0,LLMs/GenAI
154,2021,Data Engineer,421150.0,0.05,111.0,dbt
155,2025,Digital Marketer,131051.0,0.98,117.5,Deep Learning
155,2025,Digital Marketer,131051.0,0.98,117.5,Prompt Engineering
155,2025,Digital Marketer,131051.0,0.98,117.5,Copy-Paste Reporting
155,2025,Digital Marketer,131051.0,0.98,117.5,COBOL
156,2025,SEO Specialist,245225.0,0.768,126.6,Manual Testing
156,2025,SEO Specialist,245225.0,0.768,126.6,SQL
156,2025,SEO Specialist,245225.0,0.768,126.6,Spark/PySpark
156,2025,SEO Specialist,245225.0,0.768,126.6,LLMs/GenAI
157,2024,Accountant,127847.0,0.98,122.9,Vector Databases
157,2024,Accountant,127847.0,0.98,122.9,Legacy VBA
157,2024,Accountant,127847.0,0.98,122.9,MS Access
157,2024,Accountant,127847.0,0.98,122.9,Airflow
157,2024,Accountant,127847.0,0.98,122.9,Tableau
157,2024,Accountant,127847.0,0.98,122.9,Manual Testing
158,2024,IT Support Specialist,109427.0,0.98,125.7,COBOL
158,2024,IT Support Specialist,109427.0,0.98,125.7,Statistics
158,2024,IT Support Specialist,109427.0,0.98,125.7,Basic SEO
158,2024,IT Support Specialist,109427.0,0.98,125.7,dbt
158,2024,IT Support Specialist,109427.0,0.98,125.7,Vector Databases
159,2023,IT Support Specialist,249482.0,0.98,93.0,LLMs/GenAI
159,2023,IT Support Specialist,249482.0,0.98,93.0,Basic SEO
159,2023,IT Support Specialist,249482.0,0.98,93.0,dbt
159,2023,IT Support Specialist,249482.0,0.98,93.0,Manual Testing
159,2023,IT Support Specialist,249482.0,0.98,93.0,Spark/PySpark
159,2023,IT Support Specialist,249482.0,0.98,93.0,Kubernetes
160,2022,DevOps Engineer,318896.0,0.627,116.4,Prompt Engineering
160,2022,DevOps Engineer,318896.0,0.627,116.4,Deep Learning
160,2022,DevOps Engineer,318896.0,0.627,116.4,Cold Calling
161,2022,Content Strategist,120835.0,0.616,110.4,Basic SEO
161,2022,Content Strategist,120835.0,0.616,110.4,Tableau
161,2022,Content Strategist,120835.0,0.616,110.4,Vector Databases
161,2022,Content Strategist,120835.0,0.616,110.4,Python
162,2022,Content Strategist,163127.0,0.05,108.4,Vector Databases
162,2022,Content Strategist,163127.0,0.05,108.4,Airflow
162,2022,Content Strategist,163127.0,0.05,108.4,Python
163,2019,Operations Analyst,133917.0,0.678,108.4,Prompt Engineering
163,2019,Operations Analyst,133917.0,0.678,108.4,Basic SEO
163,2019,Operations Analyst,133917.0,0.678,108.4,Statistics
164,2020,Operations Analyst,222066.0,0.05,111.6,Deep Learning
164,2020,Operations Analyst,222066.0,0.05,111.6,Python
164,2020,Operations Analyst,222066.0,0.05,111.6,Kubernetes
165,2020,SEO Specialist,175661.0,0.969,112.6,Cold Calling
165,2020,SEO Specialist,175661.0,0.969,112.6,Prompt Engineering
165,2020,SEO Specialist,175661.0,0.969,112.6,Airflow
166,2019,Excel Analyst,146069.0,0.98,99.0,Cloud (AWS/GCP)
166,2019,Excel Analyst,146069.0,0.98,99.0,Basic SEO
166,2019,Excel Analyst,146069.0,0.98,99.0,Statistics
167,2019,HR Analyst,199021.0,0.479,104.6,Prompt Engineering
167,2019,HR Analyst,199021.0,0.479,104.6,Power BI
167,2019,HR Analyst,199021.0,0.479,104.6,Python
167,2019,HR Analyst,199021.0,0.479,104.6,Manual Testing
168,2023,QA Engineer,175647.0,0.538,106.4,Deep Learning
168,2023,QA Engineer,175647.0,0.538,106.4,A/B Testing
168,2023,QA Engineer,175647.0,0.538,106.4,R
168,2023,QA Engineer,175647.0,0.538,106.4,COBOL
168,2023,QA Engineer,175647.0,0.538,106.4,Python
169,2022,Business Analyst,210026.0,0.39,113.4,Vector Databases
169,2022,Business Analyst,210026.0,0.39,113.4,COBOL
169,2022,Business Analyst,210026.0,0.39,113.4,Deep Learning
170,2024,Supply Chain Analyst,123930.0,0.05,146.5,Machine Learning
170,2024,Supply Chain Analyst,123930.0,0.05,146.5,Vector Databases
170,2024,Supply Chain Analyst,123930.0,0.05,146.5,R
170,2024,Supply Chain Analyst,123930.0,0.05,146.5,MLOps
171,2020,Supply Chain Analyst,179292.0,0.98,101.2,Deep Learning
171,2020,Supply Chain Analyst,179292.0,0.98,101.2,Crystal Reports
171,2020,Supply Chain Analyst,179292.0,0.98,101.2,Cold Calling
171,2020,Supply Chain Analyst,179292.0,0.98,101.2,Tableau
172,2020,Business Analyst,113849.0,0.638,108.3,A/B Testing
172,2020,Business Analyst,113849.0,0.638,108.3,SQL
172,2020,Business Analyst,113849.0,0.638,108.3,Basic SEO
172,2020,Business Analyst,113849.0,0.638,108.3,R
172,2020,Business Analyst,113849.0,0.638,108.3,Statistics
173,2025,HR Analyst,103704.0,0.98,128.9,Copy-Paste Reporting
173,2025,HR Analyst,103704.0,0.98,128.9,Data Entry
173,2025,HR Analyst,103704.0,0.98,128.9,MLOps
174,2025,DevOps Engineer,370060.0,0.58,170.2,MLOps
174,2025,DevOps Engineer,370060.0,0.58,170.2,LLMs/GenAI
174,2025,DevOps Engineer,370060.0,0.58,170.2,Statistics
174,2025,DevOps Engineer,370060.0,0.58,170.2,Crystal Reports
174,2025,DevOps Engineer,370060.0,0.58,170.2,COBOL
174,2025,DevOps Engineer,370060.0,0.58,170.2,Vector Databases
175,2023,Statistician,140649.0,0.697,108.3,Manual Testing
175,2023,Statistician,140649.0,0.697,108.3,Basic SEO
175,2023,Statistician,140649.0,0.697,108.3,LLMs/GenAI
175,2023,Statistician,140649.0,0.697,108.3,R
175,2023,Statistician,140649.0,0.697,108.3,Prompt Engineering
175,2023,Statistician,140649.0,0.697,108.3,MLOps
176,2021,Supply Chain Analyst,214835.0,0.631,118.8,LLMs/GenAI
176,2021,Supply Chain Analyst,214835.0,0.631,118.8,Crystal Reports
176,2021,Supply Chain Analyst,214835.0,0.631,118.8,Tableau
176,2021,Supply Chain Analyst,214835.0,0.631,118.8,Vector Databases
176,2021,Supply Chain Analyst,214835.0,0.631,118.8,COBOL
176,2021,Supply Chain Analyst,214835.0,0.631,118.8,Machine Learning
177,2021,Accountant,125802.0,0.98,114.5,Legacy VBA
177,2021,Accountant,125802.0,0.98,114.5,Data Entry
177,2021,Accountant,125802.0,0.98,114.5,SQL
178,2025,Product Manager,249292.0,0.308,127.7,Machine Learning
178,2025,Product Manager,249292.0,0.308,127.7,Spark/PySpark
178,2025,Product Manager,249292.0,0.308,127.7,Deep Learning
178,2025,Product Manager,249292.0,0.308,127.7,Airflow
178,2025,Product Manager,249292.0,0.308,127.7,Data Entry
178,2025,Product Manager,249292.0,0.308,127.7,Vector Databases
179,2023,Business Analyst,267010.0,0.931,109.2,Vector Databases
179,2023,Business Analyst,267010.0,0.931,109.2,Tableau
179,2023,Business Analyst,267010.0,0.931,109.2,Cold Calling
179,2023,Business Analyst,267010.0,0.931,109.2,Deep Learning
179,2023,Business Analyst,267010.0,0.931,109.2,Excel (Basic)
180,2021,Software Developer,208287.0,0.44,111.1,Python
180,2021,Software Developer,208287.0,0.44,111.1,MS Access
180,2021,Software Developer,208287.0,0.44,111.1,LLMs/GenAI
181,2022,SEO Specialist,91656.0,0.98,112.3,dbt
181,2022,SEO Specialist,91656.0,0.98,112.3,Manual Testing
181,2022,SEO Specialist,91656.0,0.98,112.3,Prompt Engineering
181,2022,SEO Specialist,91656.0,0.98,112.3,Crystal Reports
181,2022,SEO Specialist,91656.0,0.98,112.3,Statistics
181,2022,SEO Specialist,91656.0,0.98,112.3,Copy-Paste Reporting
182,2025,Data Scientist,209521.0,0.98,167.2,COBOL
182,2025,Data Scientist,209521.0,0.98,167.2,Legacy VBA
182,2025,Data Scientist,209521.0,0.98,167.2,Copy-Paste Reporting
183,2024,DevOps Engineer,143369.0,0.98,120.6,Prompt Engineering
183,2024,DevOps Engineer,143369.0,0.98,120.6,Copy-Paste Reporting
183,2024,DevOps Engineer,143369.0,0.98,120.6,LLMs/GenAI
183,2024,DevOps Engineer,143369.0,0.98,120.6,Crystal Reports
183,2024,DevOps Engineer,143369.0,0.98,120.6,Data Entry
184,2021,Content Strategist,110380.0,0.553,110.4,Airflow
184,2021,Content Strategist,110380.0,0.553,110.4,COBOL
184,2021,Content Strategist,110380.0,0.553,110.4,Statistics
184,2021,Content Strategist,110380.0,0.553,110.4,Python
185,2023,DevOps Engineer,299098.0,0.05,149.7,Deep Learning
185,2023,DevOps Engineer,299098.0,0.05,149.7,Prompt Engineering
185,2023,DevOps Engineer,299098.0,0.05,149.7,SQL
186,2024,Digital Marketer,218665.0,0.98,111.5,Spark/PySpark
186,2024,Digital Marketer,218665.0,0.98,111.5,MLOps
186,2024,Digital Marketer,218665.0,0.98,111.5,Data Entry
187,2022,Supply Chain Analyst,226432.0,0.792,134.8,Cold Calling
187,2022,Supply Chain Analyst,226432.0,0.792,134.8,Spark/PySpark
187,2022,Supply Chain Analyst,226432.0,0.792,134.8,Power BI
187,2022,Supply Chain Analyst,226432.0,0.792,134.8,A/B Testing
188,2019,Machine Learning Engineer,376677.0,0.216,98.4,LLMs/GenAI
188,2019,Machine Learning Engineer,376677.0,0.216,98.4,MLOps
188,2019,Machine Learning Engineer,376677.0,0.216,98.4,Crystal Reports
188,2019,Machine Learning Engineer,376677.0,0.216,98.4,Airflow
189,2023,AI Engineer,166056.0,0.98,101.5,Spark/PySpark
189,2023,AI Engineer,166056.0,0.98,101.5,Data Entry
189,2023,AI Engineer,166056.0,0.98,101.5,Prompt Engineering
189,2023,AI Engineer,166056.0,0.98,101.5,Manual Testing
189,2023,AI Engineer,166056.0,0.98,101.5,R
190,2024,BI Developer,220747.0,0.98,150.4,Legacy VBA
190,2024,BI Developer,220747.0,0.98,150.4,Manual Testing
190,2024,BI Developer,220747.0,0.98,150.4,MS Access
190,2024,BI Developer,220747.0,0.98,150.4,MLOps
191,2023,Business Analyst,83417.0,0.98,134.4,Data Entry
191,2023,Business Analyst,83417.0,0.98,134.4,dbt
191,2023,Business Analyst,83417.0,0.98,134.4,Cold Calling
191,2023,Business Analyst,83417.0,0.98,134.4,Excel (Basic)
191,2023,Business Analyst,83417.0,0.98,134.4,Power BI
192,2019,Digital Marketer,202304.0,0.98,88.9,Airflow
192,2019,Digital Marketer,202304.0,0.98,88.9,COBOL
192,2019,Digital Marketer,202304.0,0.98,88.9,Basic SEO
192,2019,Digital Marketer,202304.0,0.98,88.9,Legacy VBA
192,2019,Digital Marketer,202304.0,0.98,88.9,SQL
192,2019,Digital Marketer,202304.0,0.98,88.9,Prompt Engineering
193,2024,Business Analyst,167115.0,0.858,145.7,Tableau
193,2024,Business Analyst,167115.0,0.858,145.7,dbt
193,2024,Business Analyst,167115.0,0.858,145.7,MLOps
193,2024,Business Analyst,167115.0,0.858,145.7,Manual Testing
193,2024,Business Analyst,167115.0,0.858,145.7,Spark/PySpark
193,2024,Business Analyst,167115.0,0.858,145.7,COBOL
194,2021,Product Manager,271893.0,0.05,111.3,A/B Testing
194,2021,Product Manager,271893.0,0.05,111.3,R
194,2021,Product Manager,271893.0,0.05,111.3,Cloud (AWS/GCP)
194,2021,Product Manager,271893.0,0.05,111.3,MLOps
194,2021,Product Manager,271893.0,0.05,111.3,Airflow
195,2021,IT Support Specialist,91363.0,0.98,107.2,Prompt Engineering
195,2021,IT Support Specialist,91363.0,0.98,107.2,SQL
195,2021,IT Support Specialist,91363.0,0.98,107.2,Copy-Paste Reporting
196,2020,BI Developer,186458.0,0.681,102.4,Cold Calling
196,2020,BI Developer,186458.0,0.681,102.4,LLMs/GenAI
196,2020,BI Developer,186458.0,0.681,102.4,Statistics
196,2020,BI Developer,186458.0,0.681,102.4,A/B Testing
197,2021,Digital Marketer,117551.0,0.744,110.0,Airflow
197,2021,Digital Marketer,117551.0,0.744,110.0,dbt
197,2021,Digital Marketer,117551.0,0.744,110.0,Excel (Basic)
197,2021,Digital Marketer,117551.0,0.744,110.0,Vector Databases
197,2021,Digital Marketer,117551.0,0.744,110.0,Machine Learning
197,2021,Digital Marketer,117551.0,0.744,110.0,MS Access
198,2023,HR Analyst,159586.0,0.98,115.0,Copy-Paste Reporting
198,2023,HR Analyst,159586.0,0.98,115.0,Cloud (AWS/GCP)
198,2023,HR Analyst,159586.0,0.98,115.0,Power BI
199,2021,Product Manager,209937.0,0.245,113.9,SQL
199,2021,Product Manager,209937.0,0.245,113.9,Machine Learning
199,2021,Product Manager,209937.0,0.245,113.9,Excel (Basic)
200,2021,SEO Specialist,114543.0,0.98,108.3,Cold Calling
200,2021,SEO Specialist,114543.0,0.98,108.3,R
200,2021,SEO Specialist,114543.0,0.98,108.3,Kubernetes
200,2021,SEO Specialist,114543.0,0.98,108.3,Manual Testing
200,2021,SEO Specialist,114543.0,0.98,108.3,Legacy VBA
200,2021,SEO Specialist,114543.0,0.98,108.3,Copy-Paste Reporting
201,2019,Software Developer,203984.0,0.98,104.3,Cold Calling
201,2019,Software Developer,203984.0,0.98,104.3,Spark/PySpark
201,2019,Software Developer,203984.0,0.98,104.3,dbt
201,2019,Software Developer,203984.0,0.98,104.3,Manual Testing
201,2019,Software Developer,203984.0,0.98,104.3,A/B Testing
202,2019,Business Analyst,97903.0,0.98,109.4,A/B Testing
202,2019,Business Analyst,97903.0,0.98,109.4,Tableau
202,2019,Business Analyst,97903.0,0.98,109.4,Spark/PySpark
202,2019,Business Analyst,97903.0,0.98,109.4,Manual Testing
202,2019,Business Analyst,97903.0,0.98,109.4,Copy-Paste Reporting
202,2019,Business Analyst,97903.0,0.98,109.4,COBOL
203,2023,Cloud Architect,202381.0,0.723,118.7,Excel (Basic)
203,2023,Cloud Architect,202381.0,0.723,118.7,MLOps
203,2023,Cloud Architect,202381.0,0.723,118.7,A/B Testing
203,2023,Cloud Architect,202381.0,0.723,118.7,Basic SEO
203,2023,Cloud Architect,202381.0,0.723,118.7,R
204,2023,AI Engineer,347627.0,0.72,139.6,Legacy VBA
204,2023,AI Engineer,347627.0,0.72,139.6,Cloud (AWS/GCP)
204,2023,AI Engineer,347627.0,0.72,139.6,Power BI
204,2023,AI Engineer,347627.0,0.72,139.6,Excel (Basic)
204,2023,AI Engineer,347627.0,0.72,139.6,Prompt Engineering
205,2024,Operations Analyst,78181.0,0.98,158.3,Data Entry
205,2024,Operations Analyst,78181.0,0.98,158.3,COBOL
205,2024,Operations Analyst,78181.0,0.98,158.3,Cold Calling
205,2024,Operations Analyst,78181.0,0.98,158.3,Excel (Basic)
205,2024,Operations Analyst,78181.0,0.98,158.3,Airflow
206,2023,Digital Marketer,141446.0,0.98,149.6,Spark/PySpark
206,2023,Digital Marketer,141446.0,0.98,149.6,Basic SEO
206,2023,Digital Marketer,141446.0,0.98,149.6,Legacy VBA
206,2023,Digital Marketer,141446.0,0.98,149.6,Airflow
206,2023,Digital Marketer,141446.0,0.98,149.6,Machine Learning
206,2023,Digital Marketer,141446.0,0.98,149.6,Excel (Basic)
207,2019,SQL Developer,105155.0,0.98,96.0,Spark/PySpark
207,2019,SQL Developer,105155.0,0.98,96.0,Power BI
207,2019,SQL Developer,105155.0,0.98,96.0,Crystal Reports
207,2019,SQL Developer,105155.0,0.98,96.0,dbt
207,2019,SQL Developer,105155.0,0.98,96.0,Basic SEO
207,2019,SQL Developer,105155.0,0.98,96.0,A/B Testing
208,2022,Product Manager,129341.0,0.621,128.5,R
208,2022,Product Manager,129341.0,0.621,128.5,MLOps
208,2022,Product Manager,129341.0,0.621,128.5,Legacy VBA
208,2022,Product Manager,129341.0,0.621,128.5,Statistics
209,2021,BI Developer,148744.0,0.98,115.1,Legacy VBA
209,2021,BI Developer,148744.0,0.98,115.1,Cold Calling
209,2021,BI Developer,148744.0,0.98,115.1,Copy-Paste Reporting
209,2021,BI Developer,148744.0,0.98,115.1,MS Access
209,2021,BI Developer,148744.0,0.98,115.1,Data Entry
210,2021,Accountant,179209.0,0.98,113.6,R
210,2021,Accountant,179209.0,0.98,113.6,Prompt Engineering
210,2021,Accountant,179209.0,0.98,113.6,Airflow
210,2021,Accountant,179209.0,0.98,113.6,Cold Calling
210,2021,Accountant,179209.0,0.98,113.6,Crystal Reports
211,2024,Digital Marketer,163381.0,0.98,128.2,Prompt Engineering
211,2024,Digital Marketer,163381.0,0.98,128.2,Cloud (AWS/GCP)
211,2024,Digital Marketer,163381.0,0.98,128.2,Excel (Basic)
211,2024,Digital Marketer,163381.0,0.98,128.2,Legacy VBA
211,2024,Digital Marketer,163381.0,0.98,128.2,R
212,2022,DevOps Engineer,185990.0,0.98,105.4,Crystal Reports
212,2022,DevOps Engineer,185990.0,0.98,105.4,Deep Learning
212,2022,DevOps Engineer,185990.0,0.98,105.4,Vector Databases
212,2022,DevOps Engineer,185990.0,0.98,105.4,Tableau
212,2022,DevOps Engineer,185990.0,0.98,105.4,Data Entry
213,2022,SQL Developer,137415.0,0.98,91.7,Spark/PySpark
213,2022,SQL Developer,137415.0,0.98,91.7,Cloud (AWS/GCP)
213,2022,SQL Developer,137415.0,0.98,91.7,Manual Testing
213,2022,SQL Developer,137415.0,0.98,91.7,MS Access
213,2022,SQL Developer,137415.0,0.98,91.7,Excel (Basic)
214,2019,Supply Chain Analyst,225724.0,0.05,108.3,Cloud (AWS/GCP)
214,2019,Supply Chain Analyst,225724.0,0.05,108.3,Power BI
214,2019,Supply Chain Analyst,225724.0,0.05,108.3,MLOps
215,2019,Supply Chain Analyst,107702.0,0.845,98.8,Power BI
215,2019,Supply Chain Analyst,107702.0,0.845,98.8,Data Entry
215,2019,Supply Chain Analyst,107702.0,0.845,98.8,Statistics
215,2019,Supply Chain Analyst,107702.0,0.845,98.8,dbt
216,2021,Cloud Architect,234781.0,0.98,122.0,R
216,2021,Cloud Architect,234781.0,0.98,122.0,MS Access
216,2021,Cloud Architect,234781.0,0.98,122.0,Copy-Paste Reporting
216,2021,Cloud Architect,234781.0,0.98,122.0,Machine Learning
217,2020,QA Engineer,183345.0,0.736,111.9,LLMs/GenAI
217,2020,QA Engineer,183345.0,0.736,111.9,MS Access
217,2020,QA Engineer,183345.0,0.736,111.9,Prompt Engineering
217,2020,QA Engineer,183345.0,0.736,111.9,Machine Learning
217,2020,QA Engineer,183345.0,0.736,111.9,Python
217,2020,QA Engineer,183345.0,0.736,111.9,COBOL
218,2019,Cloud Architect,315682.0,0.05,94.5,Spark/PySpark
218,2019,Cloud Architect,315682.0,0.05,94.5,A/B Testing
218,2019,Cloud Architect,315682.0,0.05,94.5,Tableau
218,2019,Cloud Architect,315682.0,0.05,94.5,Kubernetes
218,2019,Cloud Architect,315682.0,0.05,94.5,dbt
218,2019,Cloud Architect,315682.0,0.05,94.5,Cloud (AWS/GCP)
219,2024,IT Support Specialist,132060.0,0.98,94.7,COBOL
219,2024,IT Support Specialist,132060.0,0.98,94.7,Prompt Engineering
219,2024,IT Support Specialist,132060.0,0.98,94.7,Excel (Basic)
219,2024,IT Support Specialist,132060.0,0.98,94.7,Legacy VBA
219,2024,IT Support Specialist,132060.0,0.98,94.7,Cold Calling
220,2023,HR Analyst,259891.0,0.536,146.5,Deep Learning
220,2023,HR Analyst,259891.0,0.536,146.5,SQL
220,2023,HR Analyst,259891.0,0.536,146.5,Legacy VBA
220,2023,HR Analyst,259891.0,0.536,146.5,Cloud (AWS/GCP)
220,2023,HR Analyst,259891.0,0.536,146.5,LLMs/GenAI
221,2022,Cloud Architect,241694.0,0.249,123.3,Airflow
221,2022,Cloud Architect,241694.0,0.249,123.3,Tableau
221,2022,Cloud Architect,241694.0,0.249,123.3,Cold Calling
221,2022,Cloud Architect,241694.0,0.249,123.3,Kubernetes
221,2022,Cloud Architect,241694.0,0.249,123.3,MLOps
221,2022,Cloud Architect,241694.0,0.249,123.3,Prompt Engineering
222,2023,Data Analyst,146002.0,0.829,120.8,Legacy VBA
222,2023,Data Analyst,146002.0,0.829,120.8,Cloud (AWS/GCP)
222,2023,Data Analyst,146002.0,0.829,120.8,Tableau
223,2022,Supply Chain Analyst,273495.0,0.47,97.3,Vector Databases
223,2022,Supply Chain Analyst,273495.0,0.47,97.3,Manual Testing
223,2022,Supply Chain Analyst,273495.0,0.47,97.3,Airflow
223,2022,Supply Chain Analyst,273495.0,0.47,97.3,Spark/PySpark
223,2022,Supply Chain Analyst,273495.0,0.47,97.3,Statistics
224,2024,Accountant,162676.0,0.98,133.7,Cold Calling
224,2024,Accountant,162676.0,0.98,133.7,R
224,2024,Accountant,162676.0,0.98,133.7,COBOL
224,2024,Accountant,162676.0,0.98,133.7,Legacy VBA
224,2024,Accountant,162676.0,0.98,133.7,dbt
224,2024,Accountant,162676.0,0.98,133.7,Airflow
225,2023,Data Scientist,371516.0,0.549,122.9,Deep Learning
225,2023,Data Scientist,371516.0,0.549,122.9,Excel (Basic)
225,2023,Data Scientist,371516.0,0.549,122.9,Cloud (AWS/GCP)
225,2023,Data Scientist,371516.0,0.549,122.9,Machine Learning
225,2023,Data Scientist,371516.0,0.549,122.9,Basic SEO
226,2023,SQL Developer,242620.0,0.98,101.4,MLOps
226,2023,SQL Developer,242620.0,0.98,101.4,Copy-Paste Reporting
226,2023,SQL Developer,242620.0,0.98,101.4,A/B Testing
226,2023,SQL Developer,242620.0,0.98,101.4,Tableau
227,2020,Operations Analyst,284195.0,0.403,110.2,COBOL
227,2020,Operations Analyst,284195.0,0.403,110.2,Machine Learning
227,2020,Operations Analyst,284195.0,0.403,110.2,Tableau
227,2020,Operations Analyst,284195.0,0.403,110.2,Spark/PySpark
227,2020,Operations Analyst,284195.0,0.403,110.2,A/B Testing
227,2020,Operations Analyst,284195.0,0.403,110.2,Power BI
228,2019,SEO Specialist,174929.0,0.98,102.4,Kubernetes
228,2019,SEO Specialist,174929.0,0.98,102.4,Basic SEO
228,2019,SEO Specialist,174929.0,0.98,102.4,Python
228,2019,SEO Specialist,174929.0,0.98,102.4,MS Access
228,2019,SEO Specialist,174929.0,0.98,102.4,dbt
228,2019,SEO Specialist,174929.0,0.98,102.4,Excel (Basic)
229,2022,DevOps Engineer,132564.0,0.05,117.1,Statistics
229,2022,DevOps Engineer,132564.0,0.05,117.1,Machine Learning
229,2022,DevOps Engineer,132564.0,0.05,117.1,Prompt Engineering
230,2025,Data Engineer,281543.0,0.98,166.7,Copy-Paste Reporting
230,2025,Data Engineer,281543.0,0.98,166.7,SQL
230,2025,Data Engineer,281543.0,0.98,166.7,Basic SEO
230,2025,Data Engineer,281543.0,0.98,166.7,Deep Learning
230,2025,Data Engineer,281543.0,0.98,166.7,Legacy VBA
230,2025,Data Engineer,281543.0,0.98,166.7,MS Access
231,2020,HR Analyst,175417.0,0.98,106.4,A/B Testing
231,2020,HR Analyst,175417.0,0.98,106.4,Spark/PySpark
231,2020,HR Analyst,175417.0,0.98,106.4,MS Access
231,2020,HR Analyst,175417.0,0.98,106.4,Airflow
231,2020,HR Analyst,175417.0,0.98,106.4,Python
231,2020,HR Analyst,175417.0,0.98,106.4,COBOL
232,2022,Supply Chain Analyst,275914.0,0.98,112.7,Basic SEO
232,2022,Supply Chain Analyst,275914.0,0.98,112.7,Airflow
232,2022,Supply Chain Analyst,275914.0,0.98,112.7,Copy-Paste Reporting
232,2022,Supply Chain Analyst,275914.0,0.98,112.7,Tableau
232,2022,Supply Chain Analyst,275914.0,0.98,112.7,Vector Databases
232,2022,Supply Chain Analyst,275914.0,0.98,112.7,Spark/PySpark
233,2024,Machine Learning Engineer,163630.0,0.05,119.7,Airflow
233,2024,Machine Learning Engineer,163630.0,0.05,119.7,dbt
233,2024,Machine Learning Engineer,163630.0,0.05,119.7,Deep Learning
234,2019,IT Support Specialist,154775.0,0.424,105.2,SQL
234,2019,IT Support Specialist,154775.0,0.424,105.2,Tableau
234,2019,IT Support Specialist,154775.0,0.424,105.2,Airflow
235,2025,Business Analyst,115503.0,0.98,138.9,Basic SEO
235,2025,Business Analyst,115503.0,0.98,138.9,MS Access
235,2025,Business Analyst,115503.0,0.98,138.9,Excel (Basic)
235,2025,Business Analyst,115503.0,0.98,138.9,MLOps
236,2025,Supply Chain Analyst,168227.0,0.792,138.8,Legacy VBA
236,2025,Supply Chain Analyst,168227.0,0.792,138.8,A/B Testing
236,2025,Supply Chain Analyst,168227.0,0.792,138.8,Airflow
236,2025,Supply Chain Analyst,168227.0,0.792,138.8,Power BI
237,2019,SEO Specialist,220890.0,0.98,101.1,Machine Learning
237,2019,SEO Specialist,220890.0,0.98,101.1,Vector Databases
237,2019,SEO Specialist,220890.0,0.98,101.1,Data Entry
237,2019,SEO Specialist,220890.0,0.98,101.1,Legacy VBA
237,2019,SEO Specialist,220890.0,0.98,101.1,SQL
237,2019,SEO Specialist,220890.0,0.98,101.1,A/B Testing
238,2022,QA Engineer,122066.0,0.98,118.5,Cold Calling
238,2022,QA Engineer,122066.0,0.98,118.5,R
238,2022,QA Engineer,122066.0,0.98,118.5,Statistics
238,2022,QA Engineer,122066.0,0.98,118.5,Airflow
239,2021,Operations Analyst,149961.0,0.103,109.7,Power BI
239,2021,Operations Analyst,149961.0,0.103,109.7,R
239,2021,Operations Analyst,149961.0,0.103,109.7,A/B Testing
239,2021,Operations Analyst,149961.0,0.103,109.7,Spark/PySpark
239,2021,Operations Analyst,149961.0,0.103,109.7,SQL
239,2021,Operations Analyst,149961.0,0.103,109.7,Airflow
240,2021,HR Analyst,58632.0,0.98,107.5,R
240,2021,HR Analyst,58632.0,0.98,107.5,MS Access
240,2021,HR Analyst,58632.0,0.98,107.5,Basic SEO
241,2021,Software Developer,234009.0,0.98,109.0,dbt
241,2021,Software Developer,234009.0,0.98,109.0,COBOL
241,2021,Software Developer,234009.0,0.98,109.0,Cold Calling
242,2024,SEO Specialist,157841.0,0.63,146.4,Prompt Engineering
242,2024,SEO Specialist,157841.0,0.63,146.4,Python
242,2024,SEO Specialist,157841.0,0.63,146.4,dbt
242,2024,SEO Specialist,157841.0,0.63,146.4,MS Access
242,2024,SEO Specialist,157841.0,0.63,146.4,Cloud (AWS/GCP)
243,2025,Digital Marketer,159942.0,0.7,137.3,Airflow
243,2025,Digital Marketer,159942.0,0.7,137.3,R
243,2025,Digital Marketer,159942.0,0.7,137.3,MLOps
243,2025,Digital Marketer,159942.0,0.7,137.3,Cold Calling
243,2025,Digital Marketer,159942.0,0.7,137.3,Prompt Engineering
243,2025,Digital Marketer,159942.0,0.7,137.3,SQL
244,2024,DevOps Engineer,267402.0,0.791,150.8,Tableau
244,2024,DevOps Engineer,267402.0,0.791,150.8,Cloud (AWS/GCP)
244,2024,DevOps Engineer,267402.0,0.791,150.8,COBOL
244,2024,DevOps Engineer,267402.0,0.791,150.8,MS Access
244,2024,DevOps Engineer,267402.0,0.791,150.8,Statistics
244,2024,DevOps Engineer,267402.0,0.791,150.8,MLOps
245,2021,Cloud Architect,324286.0,0.259,120.2,MS Access
245,2021,Cloud Architect,324286.0,0.259,120.2,Spark/PySpark
245,2021,Cloud Architect,324286.0,0.259,120.2,Python
245,2021,Cloud Architect,324286.0,0.259,120.2,Kubernetes
246,2023,Financial Analyst,220602.0,0.458,146.2,MLOps
246,2023,Financial Analyst,220602.0,0.458,146.2,Airflow
246,2023,Financial Analyst,220602.0,0.458,146.2,SQL
246,2023,Financial Analyst,220602.0,0.458,146.2,Excel (Basic)
247,2022,SEO Specialist,209567.0,0.98,118.4,Tableau
247,2022,SEO Specialist,209567.0,0.98,118.4,LLMs/GenAI
247,2022,SEO Specialist,209567.0,0.98,118.4,MS Access
247,2022,SEO Specialist,209567.0,0.98,118.4,Vector Databases
247,2022,SEO Specialist,209567.0,0.98,118.4,Basic SEO
247,2022,SEO Specialist,209567.0,0.98,118.4,Spark/PySpark
248,2022,BI Developer,215159.0,0.98,134.5,Basic SEO
248,2022,BI Developer,215159.0,0.98,134.5,Copy-Paste Reporting
248,2022,BI Developer,215159.0,0.98,134.5,Deep Learning
249,2024,Business Analyst,121978.0,0.473,121.9,Deep Learning
249,2024,Business Analyst,121978.0,0.473,121.9,Crystal Reports
249,2024,Business Analyst,121978.0,0.473,121.9,Spark/PySpark
249,2024,Business Analyst,121978.0,0.473,121.9,Python
250,2022,DevOps Engineer,121594.0,0.98,111.3,Legacy VBA
250,2022,DevOps Engineer,121594.0,0.98,111.3,Statistics
250,2022,DevOps Engineer,121594.0,0.98,111.3,Python
250,2022,DevOps Engineer,121594.0,0.98,111.3,COBOL
250,2022,DevOps Engineer,121594.0,0.98,111.3,R
250,2022,DevOps Engineer,121594.0,0.98,111.3,MS Access
251,2019,Content Strategist,95483.0,0.98,95.1,A/B Testing
251,2019,Content Strategist,95483.0,0.98,95.1,Basic SEO
251,2019,Content Strategist,95483.0,0.98,95.1,Crystal Reports
252,2025,BI Developer,115668.0,0.672,140.3,Airflow
252,2025,BI Developer,115668.0,0.672,140.3,dbt
252,2025,BI Developer,115668.0,0.672,140.3,Manual Testing
252,2025,BI Developer,115668.0,0.672,140.3,A/B Testing
253,2021,Statistician,230316.0,0.98,113.4,Tableau
253,2021,Statistician,230316.0,0.98,113.4,Excel (Basic)
253,2021,Statistician,230316.0,0.98,113.4,Airflow
253,2021,Statistician,230316.0,0.98,113.4,Crystal Reports
253,2021,Statistician,230316.0,0.98,113.4,COBOL
253,2021,Statistician,230316.0,0.98,113.4,Prompt Engineering
254,2025,Data Scientist,157889.0,0.483,154.8,SQL
254,2025,Data Scientist,157889.0,0.483,154.8,R
254,2025,Data Scientist,157889.0,0.483,154.8,Statistics
254,2025,Data Scientist,157889.0,0.483,154.8,Machine Learning
254,2025,Data Scientist,157889.0,0.483,154.8,Data Entry
254,2025,Data Scientist,157889.0,0.483,154.8,Python
255,2019,Digital Marketer,194150.0,0.107,105.7,A/B Testing
255,2019,Digital Marketer,194150.0,0.107,105.7,Machine Learning
255,2019,Digital Marketer,194150.0,0.107,105.7,Airflow
256,2025,Operations Analyst,243849.0,0.819,174.8,Deep Learning
256,2025,Operations Analyst,243849.0,0.819,174.8,Legacy VBA
256,2025,Operations Analyst,243849.0,0.819,174.8,Kubernetes
257,2023,Supply Chain Analyst,88440.0,0.554,141.6,dbt
257,2023,Supply Chain Analyst,88440.0,0.554,141.6,Excel (Basic)
257,2023,Supply Chain Analyst,88440.0,0.554,141.6,Spark/PySpark
258,2024,Software Developer,95484.0,0.98,148.7,Excel (Basic)
258,2024,Software Developer,95484.0,0.98,148.7,Basic SEO
258,2024,Software Developer,95484.0,0.98,148.7,Copy-Paste Reporting
258,2024,Software Developer,95484.0,0.98,148.7,SQL
259,2023,Cloud Architect,363716.0,0.253,107.4,Machine Learning
259,2023,Cloud Architect,363716.0,0.253,107.4,Cloud (AWS/GCP)
259,2023,Cloud Architect,363716.0,0.253,107.4,Power BI
259,2023,Cloud Architect,363716.0,0.253,107.4,Airflow
259,2023,Cloud Architect,363716.0,0.253,107.4,Basic SEO
260,2023,Accountant,176962.0,0.98,150.8,Data Entry
260,2023,Accountant,176962.0,0.98,150.8,Kubernetes
260,2023,Accountant,176962.0,0.98,150.8,COBOL
261,2022,Excel Analyst,179768.0,0.98,116.1,LLMs/GenAI
261,2022,Excel Analyst,179768.0,0.98,116.1,Legacy VBA
261,2022,Excel Analyst,179768.0,0.98,116.1,Excel (Basic)
261,2022,Excel Analyst,179768.0,0.98,116.1,Basic SEO
261,2022,Excel Analyst,179768.0,0.98,116.1,SQL
261,2022,Excel Analyst,179768.0,0.98,116.1,Deep Learning
262,2021,Excel Analyst,57784.0,0.98,102.5,SQL
262,2021,Excel Analyst,57784.0,0.98,102.5,Crystal Reports
262,2021,Excel Analyst,57784.0,0.98,102.5,COBOL
262,2021,Excel Analyst,57784.0,0.98,102.5,Data Entry
263,2022,Cloud Architect,273188.0,0.05,128.5,Prompt Engineering
263,2022,Cloud Architect,273188.0,0.05,128.5,Tableau
263,2022,Cloud Architect,273188.0,0.05,128.5,Vector Databases
264,2019,Data Engineer,133445.0,0.683,101.0,R
264,2019,Data Engineer,133445.0,0.683,101.0,Copy-Paste Reporting
264,2019,Data Engineer,133445.0,0.683,101.0,A/B Testing
264,2019,Data Engineer,133445.0,0.683,101.0,Power BI
264,2019,Data Engineer,133445.0,0.683,101.0,Cloud (AWS/GCP)
264,2019,Data Engineer,133445.0,0.683,101.0,Python
265,2023,Data Scientist,399337.0,0.05,138.8,Python
265,2023,Data Scientist,399337.0,0.05,138.8,Prompt Engineering
265,2023,Data Scientist,399337.0,0.05,138.8,Power BI
265,2023,Data Scientist,399337.0,0.05,138.8,SQL
265,2023,Data Scientist,399337.0,0.05,138.8,Deep Learning
265,2023,Data Scientist,399337.0,0.05,138.8,R
266,2020,Financial Analyst,283860.0,0.05,106.9,Spark/PySpark
266,2020,Financial Analyst,283860.0,0.05,106.9,Kubernetes
266,2020,Financial Analyst,283860.0,0.05,106.9,Prompt Engineering
266,2020,Financial Analyst,283860.0,0.05,106.9,Statistics
267,2020,QA Engineer,224001.0,0.98,106.6,COBOL
267,2020,QA Engineer,224001.0,0.98,106.6,Deep Learning
267,2020,QA Engineer,224001.0,0.98,106.6,Vector Databases
267,2020,QA Engineer,224001.0,0.98,106.6,Kubernetes
267,2020,QA Engineer,224001.0,0.98,106.6,Airflow
267,2020,QA Engineer,224001.0,0.98,106.6,Data Entry
268,2023,SQL Developer,219922.0,0.98,100.9,Python
268,2023,SQL Developer,219922.0,0.98,100.9,SQL
268,2023,SQL Developer,219922.0,0.98,100.9,MLOps
268,2023,SQL Developer,219922.0,0.98,100.9,Basic SEO
268,2023,SQL Developer,219922.0,0.98,100.9,Manual Testing
269,2025,Cloud Architect,330263.0,0.851,125.2,Prompt Engineering
269,2025,Cloud Architect,330263.0,0.851,125.2,MLOps
269,2025,Cloud Architect,330263.0,0.851,125.2,Manual Testing
269,2025,Cloud Architect,330263.0,0.851,125.2,Crystal Reports
270,2021,BI Developer,249868.0,0.768,115.9,Excel (Basic)
270,2021,BI Developer,249868.0,0.768,115.9,COBOL
270,2021,BI Developer,249868.0,0.768,115.9,Airflow
270,2021,BI Developer,249868.0,0.768,115.9,MLOps
270,2021,BI Developer,249868.0,0.768,115.9,SQL
270,2021,BI Developer,249868.0,0.768,115.9,Kubernetes
271,2022,DevOps Engineer,112343.0,0.98,141.8,Legacy VBA
271,2022,DevOps Engineer,112343.0,0.98,141.8,Cold Calling
271,2022,DevOps Engineer,112343.0,0.98,141.8,R
271,2022,DevOps Engineer,112343.0,0.98,141.8,Python
272,2022,Operations Analyst,83220.0,0.98,122.4,Basic SEO
272,2022,Operations Analyst,83220.0,0.98,122.4,Copy-Paste Reporting
272,2022,Operations Analyst,83220.0,0.98,122.4,COBOL
273,2024,Digital Marketer,111585.0,0.98,129.3,Legacy VBA
273,2024,Digital Marketer,111585.0,0.98,129.3,Spark/PySpark
273,2024,Digital Marketer,111585.0,0.98,129.3,Crystal Reports
273,2024,Digital Marketer,111585.0,0.98,129.3,Power BI
273,2024,Digital Marketer,111585.0,0.98,129.3,COBOL
274,2022,Accountant,214441.0,0.98,130.9,R
274,2022,Accountant,214441.0,0.98,130.9,Machine Learning
274,2022,Accountant,214441.0,0.98,130.9,COBOL
274,2022,Accountant,214441.0,0.98,130.9,Vector Databases
274,2022,Accountant,214441.0,0.98,130.9,Crystal Reports
274,2022,Accountant,214441.0,0.98,130.9,Copy-Paste Reporting
275,2019,Machine Learning Engineer,148994.0,0.98,97.8,Excel (Basic)
275,2019,Machine Learning Engineer,148994.0,0.98,97.8,Data Entry
275,2019,Machine Learning Engineer,148994.0,0.98,97.8,Legacy VBA
276,2025,Cloud Architect,338811.0,0.05,154.2,Kubernetes
276,2025,Cloud Architect,338811.0,0.05,154.2,Airflow
276,2025,Cloud Architect,338811.0,0.05,154.2,A/B Testing
277,2023,Financial Analyst,195899.0,0.98,128.9,SQL
277,2023,Financial Analyst,195899.0,0.98,128.9,Tableau
277,2023,Financial Analyst,195899.0,0.98,128.9,Cold Calling
277,2023,Financial Analyst,195899.0,0.98,128.9,Legacy VBA
277,2023,Financial Analyst,195899.0,0.98,128.9,Excel (Basic)
278,2020,DevOps Engineer,131091.0,0.895,99.6,Power BI
278,2020,DevOps Engineer,131091.0,0.895,99.6,Deep Learning
278,2020,DevOps Engineer,131091.0,0.895,99.6,Cloud (AWS/GCP)
278,2020,DevOps Engineer,131091.0,0.895,99.6,Basic SEO
278,2020,DevOps Engineer,131091.0,0.895,99.6,MS Access
279,2021,Cloud Architect,335091.0,0.827,120.8,Vector Databases
279,2021,Cloud Architect,335091.0,0.827,120.8,Statistics
279,2021,Cloud Architect,335091.0,0.827,120.8,Cloud (AWS/GCP)
279,2021,Cloud Architect,335091.0,0.827,120.8,Tableau
279,2021,Cloud Architect,335091.0,0.827,120.8,MS Access
279,2021,Cloud Architect,335091.0,0.827,120.8,Crystal Reports
280,2019,AI Engineer,145383.0,0.98,98.9,Data Entry
280,2019,AI Engineer,145383.0,0.98,98.9,Cloud (AWS/GCP)
280,2019,AI Engineer,145383.0,0.98,98.9,Legacy VBA
280,2019,AI Engineer,145383.0,0.98,98.9,COBOL
280,2019,AI Engineer,145383.0,0.98,98.9,LLMs/GenAI
281,2024,Excel Analyst,217440.0,0.495,91.0,MLOps
281,2024,Excel Analyst,217440.0,0.495,91.0,R
281,2024,Excel Analyst,217440.0,0.495,91.0,Power BI
281,2024,Excel Analyst,217440.0,0.495,91.0,Tableau
282,2022,HR Analyst,120699.0,0.98,121.3,Python
282,2022,HR Analyst,120699.0,0.98,121.3,MS Access
282,2022,HR Analyst,120699.0,0.98,121.3,Manual Testing
282,2022,HR Analyst,120699.0,0.98,121.3,dbt
282,2022,HR Analyst,120699.0,0.98,121.3,Tableau
282,2022,HR Analyst,120699.0,0.98,121.3,Excel (Basic)
283,2019,Operations Analyst,100445.0,0.98,96.8,Excel (Basic)
283,2019,Operations Analyst,100445.0,0.98,96.8,Cloud (AWS/GCP)
283,2019,Operations Analyst,100445.0,0.98,96.8,COBOL
284,2020,DevOps Engineer,176566.0,0.98,104.1,Kubernetes
284,2020,DevOps Engineer,176566.0,0.98,104.1,Legacy VBA
284,2020,DevOps Engineer,176566.0,0.98,104.1,Copy-Paste Reporting
285,2024,Cloud Architect,400800.0,0.98,125.7,Excel (Basic)
285,2024,Cloud Architect,400800.0,0.98,125.7,Cloud (AWS/GCP)
285,2024,Cloud Architect,400800.0,0.98,125.7,Vector Databases
285,2024,Cloud Architect,400800.0,0.98,125.7,COBOL
285,2024,Cloud Architect,400800.0,0.98,125.7,Tableau
285,2024,Cloud Architect,400800.0,0.98,125.7,Manual Testing
286,2024,Operations Analyst,167527.0,0.78,118.3,Legacy VBA
286,2024,Operations Analyst,167527.0,0.78,118.3,Spark/PySpark
286,2024,Operations Analyst,167527.0,0.78,118.3,MLOps
287,2021,Machine Learning Engineer,180988.0,0.98,108.7,Power BI
287,2021,Machine Learning Engineer,180988.0,0.98,108.7,Manual Testing
287,2021,Machine Learning Engineer,180988.0,0.98,108.7,Spark/PySpark
287,2021,Machine Learning Engineer,180988.0,0.98,108.7,Excel (Basic)
287,2021,Machine Learning Engineer,180988.0,0.98,108.7,SQL
287,2021,Machine Learning Engineer,180988.0,0.98,108.7,Copy-Paste Reporting
288,2024,SEO Specialist,178608.0,0.441,121.7,Prompt Engineering
288,2024,SEO Specialist,178608.0,0.441,121.7,Spark/PySpark
288,2024,SEO Specialist,178608.0,0.441,121.7,LLMs/GenAI
288,2024,SEO Specialist,178608.0,0.441,121.7,MLOps
288,2024,SEO Specialist,178608.0,0.441,121.7,Tableau
288,2024,SEO Specialist,178608.0,0.441,121.7,Manual Testing
289,2021,Data Analyst,180029.0,0.98,115.3,R
289,2021,Data Analyst,180029.0,0.98,115.3,A/B Testing
289,2021,Data Analyst,180029.0,0.98,115.3,Data Entry
289,2021,Data Analyst,180029.0,0.98,115.3,Statistics
289,2021,Data Analyst,180029.0,0.98,115.3,Power BI
289,2021,Data Analyst,180029.0,0.98,115.3,Legacy VBA
290,2024,IT Support Specialist,127222.0,0.98,109.7,COBOL
290,2024,IT Support Specialist,127222.0,0.98,109.7,Cold Calling
290,2024,IT Support Specialist,127222.0,0.98,109.7,Airflow
291,2021,Excel Analyst,154095.0,0.98,97.3,Excel (Basic)
291,2021,Excel Analyst,154095.0,0.98,97.3,MS Access
291,2021,Excel Analyst,154095.0,0.98,97.3,Cold Calling
291,2021,Excel Analyst,154095.0,0.98,97.3,COBOL
291,2021,Excel Analyst,154095.0,0.98,97.3,Statistics
291,2021,Excel Analyst,154095.0,0.98,97.3,R
292,2023,Machine Learning Engineer,204410.0,0.98,138.8,Cold Calling
292,2023,Machine Learning Engineer,204410.0,0.98,138.8,MS Access
292,2023,Machine Learning Engineer,204410.0,0.98,138.8,Tableau
293,2022,Machine Learning Engineer,265624.0,0.05,112.2,Kubernetes
293,2022,Machine Learning Engineer,265624.0,0.05,112.2,Vector Databases
293,2022,Machine Learning Engineer,265624.0,0.05,112.2,Deep Learning
293,2022,Machine Learning Engineer,265624.0,0.05,112.2,Tableau
293,2022,Machine Learning Engineer,265624.0,0.05,112.2,Cloud (AWS/GCP)
293,2022,Machine Learning Engineer,265624.0,0.05,112.2,Airflow
294,2024,Financial Analyst,179979.0,0.98,148.0,Manual Testing
294,2024,Financial Analyst,179979.0,0.98,148.0,Spark/PySpark
294,2024,Financial Analyst,179979.0,0.98,148.0,COBOL
294,2024,Financial Analyst,179979.0,0.98,148.0,dbt
295,2025,Business Analyst,282177.0,0.98,133.0,Manual Testing
295,2025,Business Analyst,282177.0,0.98,133.0,R
295,2025,Business Analyst,282177.0,0.98,133.0,LLMs/GenAI
295,2025,Business Analyst,282177.0,0.98,133.0,MLOps
295,2025,Business Analyst,282177.0,0.98,133.0,Crystal Reports
296,2023,Statistician,315143.0,0.98,116.2,Machine Learning
296,2023,Statistician,315143.0,0.98,116.2,Kubernetes
296,2023,Statistician,315143.0,0.98,116.2,Data Entry
296,2023,Statistician,315143.0,0.98,116.2,Spark/PySpark
296,2023,Statistician,315143.0,0.98,116.2,Crystal Reports
296,2023,Statistician,315143.0,0.98,116.2,Cold Calling
297,2024,Cloud Architect,194203.0,0.98,132.9,Excel (Basic)
297,2024,Cloud Architect,194203.0,0.98,132.9,Data Entry
297,2024,Cloud Architect,194203.0,0.98,132.9,Kubernetes
297,2024,Cloud Architect,194203.0,0.98,132.9,Power BI
298,2019,HR Analyst,100786.0,0.592,105.8,Crystal Reports
298,2019,HR Analyst,100786.0,0.592,105.8,Vector Databases
298,2019,HR Analyst,100786.0,0.592,105.8,Tableau
298,2019,HR Analyst,100786.0,0.592,105.8,Statistics
298,2019,HR Analyst,100786.0,0.592,105.8,MLOps
299,2025,Product Manager,121623.0,0.609,124.2,COBOL
299,2025,Product Manager,121623.0,0.609,124.2,R
299,2025,Product Manager,121623.0,0.609,124.2,SQL
300,2022,SQL Developer,219012.0,0.98,101.5,MLOps
300,2022,SQL Developer,219012.0,0.98,101.5,R
300,2022,SQL Developer,219012.0,0.98,101.5,Excel (Basic)
300,2022,SQL Developer,219012.0,0.98,101.5,Spark/PySpark
300,2022,SQL Developer,219012.0,0.98,101.5,Copy-Paste Reporting
301,2021,Supply Chain Analyst,122724.0,0.98,124.0,Python
301,2021,Supply Chain Analyst,122724.0,0.98,124.0,Cloud (AWS/GCP)
301,2021,Supply Chain Analyst,122724.0,0.98,124.0,LLMs/GenAI
301,2021,Supply Chain Analyst,122724.0,0.98,124.0,Tableau
301,2021,Supply Chain Analyst,122724.0,0.98,124.0,Cold Calling
301,2021,Supply Chain Analyst,122724.0,0.98,124.0,Copy-Paste Reporting
302,2022,SQL Developer,164954.0,0.98,118.3,Deep Learning
302,2022,SQL Developer,164954.0,0.98,118.3,Data Entry
302,2022,SQL Developer,164954.0,0.98,118.3,Vector Databases
302,2022,SQL Developer,164954.0,0.98,118.3,Kubernetes
302,2022,SQL Developer,164954.0,0.98,118.3,Legacy VBA
303,2020,Business Analyst,245017.0,0.98,110.0,Data Entry
303,2020,Business Analyst,245017.0,0.98,110.0,Deep Learning
303,2020,Business Analyst,245017.0,0.98,110.0,Crystal Reports
303,2020,Business Analyst,245017.0,0.98,110.0,Cloud (AWS/GCP)
303,2020,Business Analyst,245017.0,0.98,110.0,Python
303,2020,Business Analyst,245017.0,0.98,110.0,dbt
304,2020,Financial Analyst,136378.0,0.616,111.3,Python
304,2020,Financial Analyst,136378.0,0.616,111.3,Crystal Reports
304,2020,Financial Analyst,136378.0,0.616,111.3,MLOps
305,2025,QA Engineer,141546.0,0.98,87.7,SQL
305,2025,QA Engineer,141546.0,0.98,87.7,Deep Learning
305,2025,QA Engineer,141546.0,0.98,87.7,MS Access
305,2025,QA Engineer,141546.0,0.98,87.7,COBOL
306,2021,DevOps Engineer,224572.0,0.98,115.5,Data Entry
306,2021,DevOps Engineer,224572.0,0.98,115.5,Legacy VBA
306,2021,DevOps Engineer,224572.0,0.98,115.5,Spark/PySpark
306,2021,DevOps Engineer,224572.0,0.98,115.5,Deep Learning
307,2019,Accountant,95767.0,0.98,105.4,Data Entry
307,2019,Accountant,95767.0,0.98,105.4,MS Access
307,2019,Accountant,95767.0,0.98,105.4,Spark/PySpark
307,2019,Accountant,95767.0,0.98,105.4,Power BI
308,2022,SQL Developer,66623.0,0.98,98.0,Excel (Basic)
308,2022,SQL Developer,66623.0,0.98,98.0,MS Access
308,2022,SQL Developer,66623.0,0.98,98.0,SQL
309,2022,Cloud Architect,180125.0,0.469,121.2,Airflow
309,2022,Cloud Architect,180125.0,0.469,121.2,R
309,2022,Cloud Architect,180125.0,0.469,121.2,Manual Testing
310,2023,AI Engineer,146261.0,0.98,109.9,MS Access
310,2023,AI Engineer,146261.0,0.98,109.9,SQL
310,2023,AI Engineer,146261.0,0.98,109.9,Prompt Engineering
310,2023,AI Engineer,146261.0,0.98,109.9,Data Entry
311,2025,Excel Analyst,171909.0,0.98,106.5,Statistics
311,2025,Excel Analyst,171909.0,0.98,106.5,Data Entry
311,2025,Excel Analyst,171909.0,0.98,106.5,Manual Testing
311,2025,Excel Analyst,171909.0,0.98,106.5,Deep Learning
312,2019,DevOps Engineer,266555.0,0.163,97.5,Vector Databases
312,2019,DevOps Engineer,266555.0,0.163,97.5,R
312,2019,DevOps Engineer,266555.0,0.163,97.5,Legacy VBA
312,2019,DevOps Engineer,266555.0,0.163,97.5,LLMs/GenAI
312,2019,DevOps Engineer,266555.0,0.163,97.5,Statistics
312,2019,DevOps Engineer,266555.0,0.163,97.5,Deep Learning
313,2019,Data Analyst,119693.0,0.651,101.2,COBOL
313,2019,Data Analyst,119693.0,0.651,101.2,SQL
313,2019,Data Analyst,119693.0,0.651,101.2,A/B Testing
314,2024,Content Strategist,119242.0,0.98,122.0,Data Entry
314,2024,Content Strategist,119242.0,0.98,122.0,R
314,2024,Content Strategist,119242.0,0.98,122.0,Manual Testing
315,2019,AI Engineer,142751.0,0.127,109.2,R
315,2019,AI Engineer,142751.0,0.127,109.2,MLOps
315,2019,AI Engineer,142751.0,0.127,109.2,SQL
315,2019,AI Engineer,142751.0,0.127,109.2,Excel (Basic)
316,2025,HR Analyst,115399.0,0.05,115.5,Machine Learning
316,2025,HR Analyst,115399.0,0.05,115.5,Airflow
316,2025,HR Analyst,115399.0,0.05,115.5,Deep Learning
316,2025,HR Analyst,115399.0,0.05,115.5,Power BI
317,2023,Accountant,87634.0,0.98,134.9,Python
317,2023,Accountant,87634.0,0.98,134.9,Crystal Reports
317,2023,Accountant,87634.0,0.98,134.9,Spark/PySpark
318,2020,Digital Marketer,185645.0,0.98,118.0,LLMs/GenAI
318,2020,Digital Marketer,185645.0,0.98,118.0,Vector Databases
318,2020,Digital Marketer,185645.0,0.98,118.0,Spark/PySpark
318,2020,Digital Marketer,185645.0,0.98,118.0,MS Access
318,2020,Digital Marketer,185645.0,0.98,118.0,Cold Calling
319,2024,Machine Learning Engineer,166229.0,0.719,143.1,A/B Testing
319,2024,Machine Learning Engineer,166229.0,0.719,143.1,Deep Learning
319,2024,Machine Learning Engineer,166229.0,0.719,143.1,Kubernetes
319,2024,Machine Learning Engineer,166229.0,0.719,143.1,Crystal Reports
319,2024,Machine Learning Engineer,166229.0,0.719,143.1,Excel (Basic)
320,2022,IT Support Specialist,255768.0,0.98,116.4,Copy-Paste Reporting
320,2022,IT Support Specialist,255768.0,0.98,116.4,Excel (Basic)
320,2022,IT Support Specialist,255768.0,0.98,116.4,LLMs/GenAI
320,2022,IT Support Specialist,255768.0,0.98,116.4,Vector Databases
320,2022,IT Support Specialist,255768.0,0.98,116.4,COBOL
320,2022,IT Support Specialist,255768.0,0.98,116.4,Kubernetes
321,2023,Supply Chain Analyst,99738.0,0.97,118.8,Machine Learning
321,2023,Supply Chain Analyst,99738.0,0.97,118.8,Copy-Paste Reporting
321,2023,Supply Chain Analyst,99738.0,0.97,118.8,Python
322,2022,DevOps Engineer,212659.0,0.98,135.4,R
322,2022,DevOps Engineer,212659.0,0.98,135.4,COBOL
322,2022,DevOps Engineer,212659.0,0.98,135.4,Crystal Reports
323,2022,Excel Analyst,178991.0,0.98,94.4,Kubernetes
323,2022,Excel Analyst,178991.0,0.98,94.4,Basic SEO
323,2022,Excel Analyst,178991.0,0.98,94.4,Deep Learning
323,2022,Excel Analyst,178991.0,0.98,94.4,Excel (Basic)
323,2022,Excel Analyst,178991.0,0.98,94.4,Vector Databases
324,2024,Business Analyst,128408.0,0.109,149.9,SQL
324,2024,Business Analyst,128408.0,0.109,149.9,Deep Learning
324,2024,Business Analyst,128408.0,0.109,149.9,Tableau
325,2025,AI Engineer,337588.0,0.53,154.1,Python
325,2025,AI Engineer,337588.0,0.53,154.1,Vector Databases
325,2025,AI Engineer,337588.0,0.53,154.1,dbt
325,2025,AI Engineer,337588.0,0.53,154.1,Prompt Engineering
325,2025,AI Engineer,337588.0,0.53,154.1,Excel (Basic)
325,2025,AI Engineer,337588.0,0.53,154.1,Cold Calling
326,2020,IT Support Specialist,78497.0,0.98,87.3,MS Access
326,2020,IT Support Specialist,78497.0,0.98,87.3,R
326,2020,IT Support Specialist,78497.0,0.98,87.3,Cold Calling
326,2020,IT Support Specialist,78497.0,0.98,87.3,COBOL
327,2019,QA Engineer,86580.0,0.98,103.9,Data Entry
327,2019,QA Engineer,86580.0,0.98,103.9,Basic SEO
327,2019,QA Engineer,86580.0,0.98,103.9,Crystal Reports
327,2019,QA Engineer,86580.0,0.98,103.9,Python
327,2019,QA Engineer,86580.0,0.98,103.9,MLOps
328,2024,Software Developer,250752.0,0.05,145.3,Power BI
328,2024,Software Developer,250752.0,0.05,145.3,Statistics
328,2024,Software Developer,250752.0,0.05,145.3,Machine Learning
328,2024,Software Developer,250752.0,0.05,145.3,Spark/PySpark
329,2019,Business Analyst,137481.0,0.725,107.5,Tableau
329,2019,Business Analyst,137481.0,0.725,107.5,MS Access
329,2019,Business Analyst,137481.0,0.725,107.5,Deep Learning
329,2019,Business Analyst,137481.0,0.725,107.5,Excel (Basic)
329,2019,Business Analyst,137481.0,0.725,107.5,Cloud (AWS/GCP)
330,2024,Software Developer,117871.0,0.778,122.0,Power BI
330,2024,Software Developer,117871.0,0.778,122.0,Legacy VBA
330,2024,Software Developer,117871.0,0.778,122.0,Spark/PySpark
331,2021,Cloud Architect,388386.0,0.05,104.9,Kubernetes
331,2021,Cloud Architect,388386.0,0.05,104.9,Airflow
331,2021,Cloud Architect,388386.0,0.05,104.9,Deep Learning
331,2021,Cloud Architect,388386.0,0.05,104.9,dbt
331,2021,Cloud Architect,388386.0,0.05,104.9,Spark/PySpark
331,2021,Cloud Architect,388386.0,0.05,104.9,Excel (Basic)
332,2019,BI Developer,245365.0,0.57,98.6,Cloud (AWS/GCP)
332,2019,BI Developer,245365.0,0.57,98.6,R
332,2019,BI Developer,245365.0,0.57,98.6,Vector Databases
332,2019,BI Developer,245365.0,0.57,98.6,Cold Calling
332,2019,BI Developer,245365.0,0.57,98.6,dbt
332,2019,BI Developer,245365.0,0.57,98.6,Tableau
333,2021,Machine Learning Engineer,128294.0,0.98,107.7,dbt
333,2021,Machine Learning Engineer,128294.0,0.98,107.7,Basic SEO
333,2021,Machine Learning Engineer,128294.0,0.98,107.7,Copy-Paste Reporting
334,2019,Operations Analyst,115362.0,0.772,104.6,Legacy VBA
334,2019,Operations Analyst,115362.0,0.772,104.6,Prompt Engineering
334,2019,Operations Analyst,115362.0,0.772,104.6,Kubernetes
335,2020,Data Analyst,201275.0,0.486,106.7,Cloud (AWS/GCP)
335,2020,Data Analyst,201275.0,0.486,106.7,Tableau
335,2020,Data Analyst,201275.0,0.486,106.7,COBOL
335,2020,Data Analyst,201275.0,0.486,106.7,Spark/PySpark
336,2019,Excel Analyst,109467.0,0.98,103.2,Legacy VBA
336,2019,Excel Analyst,109467.0,0.98,103.2,Data Entry
336,2019,Excel Analyst,109467.0,0.98,103.2,Deep Learning
336,2019,Excel Analyst,109467.0,0.98,103.2,Excel (Basic)
336,2019,Excel Analyst,109467.0,0.98,103.2,Kubernetes
337,2019,Data Analyst,83622.0,0.98,106.6,Deep Learning
337,2019,Data Analyst,83622.0,0.98,106.6,Copy-Paste Reporting
337,2019,Data Analyst,83622.0,0.98,106.6,Basic SEO
337,2019,Data Analyst,83622.0,0.98,106.6,COBOL
338,2019,IT Support Specialist,74112.0,0.98,96.6,Basic SEO
338,2019,IT Support Specialist,74112.0,0.98,96.6,MS Access
338,2019,IT Support Specialist,74112.0,0.98,96.6,SQL
338,2019,IT Support Specialist,74112.0,0.98,96.6,Statistics
338,2019,IT Support Specialist,74112.0,0.98,96.6,Python
338,2019,IT Support Specialist,74112.0,0.98,96.6,COBOL
339,2020,DevOps Engineer,197792.0,0.261,105.2,Tableau
339,2020,DevOps Engineer,197792.0,0.261,105.2,Spark/PySpark
339,2020,DevOps Engineer,197792.0,0.261,105.2,Machine Learning
339,2020,DevOps Engineer,197792.0,0.261,105.2,Manual Testing
339,2020,DevOps Engineer,197792.0,0.261,105.2,Airflow
340,2022,QA Engineer,247195.0,0.345,105.7,Kubernetes
340,2022,QA Engineer,247195.0,0.345,105.7,SQL
340,2022,QA Engineer,247195.0,0.345,105.7,Spark/PySpark
341,2024,Content Strategist,121301.0,0.98,127.1,COBOL
341,2024,Content Strategist,121301.0,0.98,127.1,Crystal Reports
341,2024,Content Strategist,121301.0,0.98,127.1,Vector Databases
341,2024,Content Strategist,121301.0,0.98,127.1,Statistics
341,2024,Content Strategist,121301.0,0.98,127.1,R
341,2024,Content Strategist,121301.0,0.98,127.1,Cold Calling
342,2023,Content Strategist,180881.0,0.572,111.4,Python
342,2023,Content Strategist,180881.0,0.572,111.4,MLOps
342,2023,Content Strategist,180881.0,0.572,111.4,Manual Testing
342,2023,Content Strategist,180881.0,0.572,111.4,Airflow
343,2025,Statistician,136465.0,0.854,129.9,Cold Calling
343,2025,Statistician,136465.0,0.854,129.9,Excel (Basic)
343,2025,Statistician,136465.0,0.854,129.9,Airflow
343,2025,Statistician,136465.0,0.854,129.9,LLMs/GenAI
343,2025,Statistician,136465.0,0.854,129.9,Cloud (AWS/GCP)
344,2020,Statistician,294698.0,0.98,96.8,Vector Databases
344,2020,Statistician,294698.0,0.98,96.8,Basic SEO
344,2020,Statistician,294698.0,0.98,96.8,LLMs/GenAI
344,2020,Statistician,294698.0,0.98,96.8,COBOL
344,2020,Statistician,294698.0,0.98,96.8,Airflow
344,2020,Statistician,294698.0,0.98,96.8,Excel (Basic)
345,2024,Operations Analyst,167989.0,0.98,151.7,Excel (Basic)
345,2024,Operations Analyst,167989.0,0.98,151.7,Spark/PySpark
345,2024,Operations Analyst,167989.0,0.98,151.7,dbt
345,2024,Operations Analyst,167989.0,0.98,151.7,Basic SEO
345,2024,Operations Analyst,167989.0,0.98,151.7,COBOL
346,2022,SEO Specialist,185352.0,0.138,116.7,Deep Learning
346,2022,SEO Specialist,185352.0,0.138,116.7,Machine Learning
346,2022,SEO Specialist,185352.0,0.138,116.7,Airflow
347,2019,Content Strategist,170847.0,0.98,108.4,COBOL
347,2019,Content Strategist,170847.0,0.98,108.4,Spark/PySpark
347,2019,Content Strategist,170847.0,0.98,108.4,MLOps
347,2019,Content Strategist,170847.0,0.98,108.4,Crystal Reports
348,2025,Cloud Architect,148643.0,0.98,163.4,Cold Calling
348,2025,Cloud Architect,148643.0,0.98,163.4,Cloud (AWS/GCP)
348,2025,Cloud Architect,148643.0,0.98,163.4,Copy-Paste Reporting
348,2025,Cloud Architect,148643.0,0.98,163.4,A/B Testing
349,2019,DevOps Engineer,326186.0,0.057,103.3,Prompt Engineering
349,2019,DevOps Engineer,326186.0,0.057,103.3,MLOps
349,2019,DevOps Engineer,326186.0,0.057,103.3,Spark/PySpark
349,2019,DevOps Engineer,326186.0,0.057,103.3,LLMs/GenAI
349,2019,DevOps Engineer,326186.0,0.057,103.3,MS Access
350,2025,HR Analyst,191758.0,0.98,141.6,Airflow
350,2025,HR Analyst,191758.0,0.98,141.6,Legacy VBA
350,2025,HR Analyst,191758.0,0.98,141.6,Excel (Basic)
350,2025,HR Analyst,191758.0,0.98,141.6,Basic SEO
350,2025,HR Analyst,191758.0,0.98,141.6,LLMs/GenAI
351,2024,Operations Analyst,117528.0,0.98,155.0,Crystal Reports
351,2024,Operations Analyst,117528.0,0.98,155.0,Excel (Basic)
351,2024,Operations Analyst,117528.0,0.98,155.0,SQL
352,2025,Financial Analyst,87553.0,0.98,114.9,COBOL
352,2025,Financial Analyst,87553.0,0.98,114.9,Manual Testing
352,2025,Financial Analyst,87553.0,0.98,114.9,Airflow
352,2025,Financial Analyst,87553.0,0.98,114.9,Data Entry
352,2025,Financial Analyst,87553.0,0.98,114.9,Excel (Basic)
353,2022,Data Engineer,284263.0,0.98,130.0,MLOps
353,2022,Data Engineer,284263.0,0.98,130.0,LLMs/GenAI
353,2022,Data Engineer,284263.0,0.98,130.0,Data Entry
353,2022,Data Engineer,284263.0,0.98,130.0,Deep Learning
353,2022,Data Engineer,284263.0,0.98,130.0,Basic SEO
354,2024,Product Manager,282603.0,0.338,108.6,dbt
354,2024,Product Manager,282603.0,0.338,108.6,Airflow
354,2024,Product Manager,282603.0,0.338,108.6,Crystal Reports
354,2024,Product Manager,282603.0,0.338,108.6,Deep Learning
354,2024,Product Manager,282603.0,0.338,108.6,Vector Databases
355,2019,Product Manager,137368.0,0.808,98.2,MS Access
355,2019,Product Manager,137368.0,0.808,98.2,Power BI
355,2019,Product Manager,137368.0,0.808,98.2,LLMs/GenAI
355,2019,Product Manager,137368.0,0.808,98.2,Basic SEO
355,2019,Product Manager,137368.0,0.808,98.2,Statistics
355,2019,Product Manager,137368.0,0.808,98.2,SQL
356,2022,Machine Learning Engineer,286828.0,0.98,112.8,Tableau
356,2022,Machine Learning Engineer,286828.0,0.98,112.8,Deep Learning
356,2022,Machine Learning Engineer,286828.0,0.98,112.8,COBOL
356,2022,Machine Learning Engineer,286828.0,0.98,112.8,Copy-Paste Reporting
357,2019,Cloud Architect,275861.0,0.15,99.8,LLMs/GenAI
357,2019,Cloud Architect,275861.0,0.15,99.8,SQL
357,2019,Cloud Architect,275861.0,0.15,99.8,MS Access
357,2019,Cloud Architect,275861.0,0.15,99.8,Deep Learning
357,2019,Cloud Architect,275861.0,0.15,99.8,R
358,2019,Cloud Architect,324585.0,0.612,93.6,Power BI
358,2019,Cloud Architect,324585.0,0.612,93.6,Data Entry
358,2019,Cloud Architect,324585.0,0.612,93.6,LLMs/GenAI
359,2022,BI Developer,98909.0,0.81,119.9,dbt
359,2022,BI Developer,98909.0,0.81,119.9,Power BI
359,2022,BI Developer,98909.0,0.81,119.9,Crystal Reports
359,2022,BI Developer,98909.0,0.81,119.9,R
360,2024,SEO Specialist,168971.0,0.63,141.7,Cloud (AWS/GCP)
360,2024,SEO Specialist,168971.0,0.63,141.7,Machine Learning
360,2024,SEO Specialist,168971.0,0.63,141.7,SQL
360,2024,SEO Specialist,168971.0,0.63,141.7,Excel (Basic)
361,2022,Data Engineer,144591.0,0.98,110.4,Deep Learning
361,2022,Data Engineer,144591.0,0.98,110.4,Prompt Engineering
361,2022,Data Engineer,144591.0,0.98,110.4,Legacy VBA
361,2022,Data Engineer,144591.0,0.98,110.4,Data Entry
361,2022,Data Engineer,144591.0,0.98,110.4,Manual Testing
361,2022,Data Engineer,144591.0,0.98,110.4,Statistics
362,2019,SQL Developer,151383.0,0.98,102.2,Copy-Paste Reporting
362,2019,SQL Developer,151383.0,0.98,102.2,Cloud (AWS/GCP)
362,2019,SQL Developer,151383.0,0.98,102.2,Prompt Engineering
362,2019,SQL Developer,151383.0,0.98,102.2,SQL
362,2019,SQL Developer,151383.0,0.98,102.2,Statistics
362,2019,SQL Developer,151383.0,0.98,102.2,MS Access
363,2021,Data Scientist,391656.0,0.05,108.0,SQL
363,2021,Data Scientist,391656.0,0.05,108.0,Vector Databases
363,2021,Data Scientist,391656.0,0.05,108.0,LLMs/GenAI
363,2021,Data Scientist,391656.0,0.05,108.0,Tableau
363,2021,Data Scientist,391656.0,0.05,108.0,Machine Learning
364,2022,Statistician,117805.0,0.98,125.8,Spark/PySpark
364,2022,Statistician,117805.0,0.98,125.8,Cold Calling
364,2022,Statistician,117805.0,0.98,125.8,Crystal Reports
365,2019,Supply Chain Analyst,153788.0,0.592,103.7,R
365,2019,Supply Chain Analyst,153788.0,0.592,103.7,Machine Learning
365,2019,Supply Chain Analyst,153788.0,0.592,103.7,Basic SEO
365,2019,Supply Chain Analyst,153788.0,0.592,103.7,SQL
366,2022,SEO Specialist,258698.0,0.497,113.1,Prompt Engineering
366,2022,SEO Specialist,258698.0,0.497,113.1,Deep Learning
366,2022,SEO Specialist,258698.0,0.497,113.1,SQL
366,2022,SEO Specialist,258698.0,0.497,113.1,Crystal Reports
366,2022,SEO Specialist,258698.0,0.497,113.1,Machine Learning
366,2022,SEO Specialist,258698.0,0.497,113.1,A/B Testing
367,2023,Financial Analyst,347121.0,0.98,129.9,LLMs/GenAI
367,2023,Financial Analyst,347121.0,0.98,129.9,Copy-Paste Reporting
367,2023,Financial Analyst,347121.0,0.98,129.9,dbt
367,2023,Financial Analyst,347121.0,0.98,129.9,COBOL
367,2023,Financial Analyst,347121.0,0.98,129.9,Spark/PySpark
367,2023,Financial Analyst,347121.0,0.98,129.9,Machine Learning
368,2024,QA Engineer,149768.0,0.98,112.1,MLOps
368,2024,QA Engineer,149768.0,0.98,112.1,MS Access
368,2024,QA Engineer,149768.0,0.98,112.1,COBOL
368,2024,QA Engineer,149768.0,0.98,112.1,Deep Learning
368,2024,QA Engineer,149768.0,0.98,112.1,SQL
369,2023,Cloud Architect,212175.0,0.98,134.6,COBOL
369,2023,Cloud Architect,212175.0,0.98,134.6,Crystal Reports
369,2023,Cloud Architect,212175.0,0.98,134.6,Manual Testing
370,2025,QA Engineer,88745.0,0.98,108.7,Excel (Basic)
370,2025,QA Engineer,88745.0,0.98,108.7,Cold Calling
370,2025,QA Engineer,88745.0,0.98,108.7,Cloud (AWS/GCP)
370,2025,QA Engineer,88745.0,0.98,108.7,COBOL
371,2023,DevOps Engineer,345161.0,0.447,128.5,Excel (Basic)
371,2023,DevOps Engineer,345161.0,0.447,128.5,Manual Testing
371,2023,DevOps Engineer,345161.0,0.447,128.5,Statistics
371,2023,DevOps Engineer,345161.0,0.447,128.5,Machine Learning
371,2023,DevOps Engineer,345161.0,0.447,128.5,LLMs/GenAI
371,2023,DevOps Engineer,345161.0,0.447,128.5,Kubernetes
372,2023,Accountant,206225.0,0.98,146.7,Crystal Reports
372,2023,Accountant,206225.0,0.98,146.7,Airflow
372,2023,Accountant,206225.0,0.98,146.7,Machine Learning
372,2023,Accountant,206225.0,0.98,146.7,MS Access
372,2023,Accountant,206225.0,0.98,146.7,Statistics
373,2021,Data Analyst,128724.0,0.98,107.0,Basic SEO
373,2021,Data Analyst,128724.0,0.98,107.0,Statistics
373,2021,Data Analyst,128724.0,0.98,107.0,Copy-Paste Reporting
373,2021,Data Analyst,128724.0,0.98,107.0,Crystal Reports
373,2021,Data Analyst,128724.0,0.98,107.0,Legacy VBA
374,2025,Excel Analyst,106453.0,0.98,93.3,Kubernetes
374,2025,Excel Analyst,106453.0,0.98,93.3,MS Access
374,2025,Excel Analyst,106453.0,0.98,93.3,Power BI
374,2025,Excel Analyst,106453.0,0.98,93.3,Manual Testing
374,2025,Excel Analyst,106453.0,0.98,93.3,Data Entry
375,2022,SQL Developer,253964.0,0.891,101.1,Basic SEO
375,2022,SQL Developer,253964.0,0.891,101.1,Machine Learning
375,2022,SQL Developer,253964.0,0.891,101.1,A/B Testing
375,2022,SQL Developer,253964.0,0.891,101.1,COBOL
375,2022,SQL Developer,253964.0,0.891,101.1,LLMs/GenAI
376,2024,Content Strategist,183465.0,0.734,116.3,LLMs/GenAI
376,2024,Content Strategist,183465.0,0.734,116.3,dbt
376,2024,Content Strategist,183465.0,0.734,116.3,Basic SEO
377,2019,Excel Analyst,86679.0,0.98,101.6,Crystal Reports
377,2019,Excel Analyst,86679.0,0.98,101.6,dbt
377,2019,Excel Analyst,86679.0,0.98,101.6,Kubernetes
377,2019,Excel Analyst,86679.0,0.98,101.6,Vector Databases
377,2019,Excel Analyst,86679.0,0.98,101.6,Basic SEO
378,2022,HR Analyst,95231.0,0.98,122.5,Statistics
378,2022,HR Analyst,95231.0,0.98,122.5,Manual Testing
378,2022,HR Analyst,95231.0,0.98,122.5,Tableau
378,2022,HR Analyst,95231.0,0.98,122.5,LLMs/GenAI
378,2022,HR Analyst,95231.0,0.98,122.5,Copy-Paste Reporting
379,2023,DevOps Engineer,230439.0,0.05,115.9,Prompt Engineering
379,2023,DevOps Engineer,230439.0,0.05,115.9,Python
379,2023,DevOps Engineer,230439.0,0.05,115.9,SQL
380,2025,Financial Analyst,133011.0,0.98,116.7,Kubernetes
380,2025,Financial Analyst,133011.0,0.98,116.7,Data Entry
380,2025,Financial Analyst,133011.0,0.98,116.7,Power BI
380,2025,Financial Analyst,133011.0,0.98,116.7,A/B Testing
381,2025,Supply Chain Analyst,93387.0,0.98,126.4,Manual Testing
381,2025,Supply Chain Analyst,93387.0,0.98,126.4,COBOL
381,2025,Supply Chain Analyst,93387.0,0.98,126.4,Python
381,2025,Supply Chain Analyst,93387.0,0.98,126.4,Airflow
382,2025,AI Engineer,314577.0,0.375,143.3,Tableau
382,2025,AI Engineer,314577.0,0.375,143.3,Kubernetes
382,2025,AI Engineer,314577.0,0.375,143.3,dbt
382,2025,AI Engineer,314577.0,0.375,143.3,Prompt Engineering
382,2025,AI Engineer,314577.0,0.375,143.3,Legacy VBA
383,2023,Software Developer,260828.0,0.98,120.3,R
383,2023,Software Developer,260828.0,0.98,120.3,Data Entry
383,2023,Software Developer,260828.0,0.98,120.3,Manual Testing
383,2023,Software Developer,260828.0,0.98,120.3,Prompt Engineering
383,2023,Software Developer,260828.0,0.98,120.3,Legacy VBA
384,2019,Cloud Architect,251215.0,0.98,89.2,Data Entry
384,2019,Cloud Architect,251215.0,0.98,89.2,Crystal Reports
384,2019,Cloud Architect,251215.0,0.98,89.2,Prompt Engineering
384,2019,Cloud Architect,251215.0,0.98,89.2,dbt
384,2019,Cloud Architect,251215.0,0.98,89.2,Spark/PySpark
385,2020,Business Analyst,190530.0,0.98,120.2,MS Access
385,2020,Business Analyst,190530.0,0.98,120.2,Python
385,2020,Business Analyst,190530.0,0.98,120.2,Data Entry
385,2020,Business Analyst,190530.0,0.98,120.2,Statistics
386,2021,QA Engineer,202790.0,0.98,119.0,MLOps
386,2021,QA Engineer,202790.0,0.98,119.0,MS Access
386,2021,QA Engineer,202790.0,0.98,119.0,Crystal Reports
386,2021,QA Engineer,202790.0,0.98,119.0,Airflow
387,2024,Digital Marketer,157008.0,0.98,112.2,Basic SEO
387,2024,Digital Marketer,157008.0,0.98,112.2,Legacy VBA
387,2024,Digital Marketer,157008.0,0.98,112.2,R
387,2024,Digital Marketer,157008.0,0.98,112.2,LLMs/GenAI
388,2022,Data Engineer,269992.0,0.98,123.9,Data Entry
388,2022,Data Engineer,269992.0,0.98,123.9,Deep Learning
388,2022,Data Engineer,269992.0,0.98,123.9,Airflow
388,2022,Data Engineer,269992.0,0.98,123.9,Vector Databases
388,2022,Data Engineer,269992.0,0.98,123.9,MS Access
389,2022,Cloud Architect,295094.0,0.718,138.9,Tableau
389,2022,Cloud Architect,295094.0,0.718,138.9,Copy-Paste Reporting
389,2022,Cloud Architect,295094.0,0.718,138.9,Cloud (AWS/GCP)
389,2022,Cloud Architect,295094.0,0.718,138.9,Statistics
389,2022,Cloud Architect,295094.0,0.718,138.9,Machine Learning
390,2023,Financial Analyst,231509.0,0.98,127.5,A/B Testing
390,2023,Financial Analyst,231509.0,0.98,127.5,Cloud (AWS/GCP)
390,2023,Financial Analyst,231509.0,0.98,127.5,Copy-Paste Reporting
390,2023,Financial Analyst,231509.0,0.98,127.5,Legacy VBA
391,2021,QA Engineer,103413.0,0.638,97.4,MLOps
391,2021,QA Engineer,103413.0,0.638,97.4,Power BI
391,2021,QA Engineer,103413.0,0.638,97.4,Excel (Basic)
391,2021,QA Engineer,103413.0,0.638,97.4,Tableau
392,2025,Operations Analyst,194037.0,0.477,137.7,Data Entry
392,2025,Operations Analyst,194037.0,0.477,137.7,LLMs/GenAI
392,2025,Operations Analyst,194037.0,0.477,137.7,MLOps
392,2025,Operations Analyst,194037.0,0.477,137.7,Machine Learning
392,2025,Operations Analyst,194037.0,0.477,137.7,Python
393,2020,BI Developer,203710.0,0.702,103.4,Spark/PySpark
393,2020,BI Developer,203710.0,0.702,103.4,Manual Testing
393,2020,BI Developer,203710.0,0.702,103.4,Power BI
394,2022,QA Engineer,169438.0,0.98,109.2,R
394,2022,QA Engineer,169438.0,0.98,109.2,dbt
394,2022,QA Engineer,169438.0,0.98,109.2,MS Access
395,2019,Cloud Architect,283591.0,0.98,95.1,Data Entry
395,2019,Cloud Architect,283591.0,0.98,95.1,MS Access
395,2019,Cloud Architect,283591.0,0.98,95.1,Airflow
396,2021,AI Engineer,267728.0,0.05,121.8,LLMs/GenAI
396,2021,AI Engineer,267728.0,0.05,121.8,Deep Learning
396,2021,AI Engineer,267728.0,0.05,121.8,Basic SEO
396,2021,AI Engineer,267728.0,0.05,121.8,Machine Learning
396,2021,AI Engineer,267728.0,0.05,121.8,Prompt Engineering
397,2022,Product Manager,350082.0,0.426,117.3,Power BI
397,2022,Product Manager,350082.0,0.426,117.3,Legacy VBA
397,2022,Product Manager,350082.0,0.426,117.3,Spark/PySpark
397,2022,Product Manager,350082.0,0.426,117.3,MLOps
397,2022,Product Manager,350082.0,0.426,117.3,Statistics
398,2020,BI Developer,214166.0,0.547,109.5,MS Access
398,2020,BI Developer,214166.0,0.547,109.5,Spark/PySpark
398,2020,BI Developer,214166.0,0.547,109.5,dbt
398,2020,BI Developer,214166.0,0.547,109.5,Python
399,2020,Machine Learning Engineer,216561.0,0.98,103.0,Cold Calling
399,2020,Machine Learning Engineer,216561.0,0.98,103.0,R
399,2020,Machine Learning Engineer,216561.0,0.98,103.0,Manual Testing
399,2020,Machine Learning Engineer,216561.0,0.98,103.0,Machine Learning
399,2020,Machine Learning Engineer,216561.0,0.98,103.0,Legacy VBA
400,2025,Data Analyst,123081.0,0.647,128.0,SQL
400,2025,Data Analyst,123081.0,0.647,128.0,Cloud (AWS/GCP)
400,2025,Data Analyst,123081.0,0.647,128.0,R
400,2025,Data Analyst,123081.0,0.647,128.0,Kubernetes
400,2025,Data Analyst,123081.0,0.647,128.0,Statistics
400,2025,Data Analyst,123081.0,0.647,128.0,Crystal Reports
401,2024,Supply Chain Analyst,90485.0,0.822,141.8,Legacy VBA
401,2024,Supply Chain Analyst,90485.0,0.822,141.8,A/B Testing
401,2024,Supply Chain Analyst,90485.0,0.822,141.8,Kubernetes
402,2024,Data Engineer,292178.0,0.356,115.5,Prompt Engineering
402,2024,Data Engineer,292178.0,0.356,115.5,Cloud (AWS/GCP)
402,2024,Data Engineer,292178.0,0.356,115.5,COBOL
403,2020,Accountant,120002.0,0.785,96.6,Vector Databases
403,2020,Accountant,120002.0,0.785,96.6,Crystal Reports
403,2020,Accountant,120002.0,0.785,96.6,Power BI
403,2020,Accountant,120002.0,0.785,96.6,Prompt Engineering
404,2023,Digital Marketer,155597.0,0.623,137.9,Python
404,2023,Digital Marketer,155597.0,0.623,137.9,Legacy VBA
404,2023,Digital Marketer,155597.0,0.623,137.9,Deep Learning
404,2023,Digital Marketer,155597.0,0.623,137.9,Cloud (AWS/GCP)
405,2024,Digital Marketer,116782.0,0.842,140.7,MS Access
405,2024,Digital Marketer,116782.0,0.842,140.7,Cloud (AWS/GCP)
405,2024,Digital Marketer,116782.0,0.842,140.7,Kubernetes
406,2022,AI Engineer,252897.0,0.98,108.6,Basic SEO
406,2022,AI Engineer,252897.0,0.98,108.6,LLMs/GenAI
406,2022,AI Engineer,252897.0,0.98,108.6,Copy-Paste Reporting
407,2021,DevOps Engineer,186923.0,0.98,98.3,Copy-Paste Reporting
407,2021,DevOps Engineer,186923.0,0.98,98.3,Cold Calling
407,2021,DevOps Engineer,186923.0,0.98,98.3,Machine Learning
408,2020,Supply Chain Analyst,174774.0,0.704,105.9,Manual Testing
408,2020,Supply Chain Analyst,174774.0,0.704,105.9,Kubernetes
408,2020,Supply Chain Analyst,174774.0,0.704,105.9,MS Access
408,2020,Supply Chain Analyst,174774.0,0.704,105.9,Deep Learning
408,2020,Supply Chain Analyst,174774.0,0.704,105.9,Vector Databases
408,2020,Supply Chain Analyst,174774.0,0.704,105.9,MLOps
409,2022,Software Developer,313994.0,0.961,127.1,COBOL
409,2022,Software Developer,313994.0,0.961,127.1,Power BI
409,2022,Software Developer,313994.0,0.961,127.1,Data Entry
409,2022,Software Developer,313994.0,0.961,127.1,LLMs/GenAI
409,2022,Software Developer,313994.0,0.961,127.1,Cloud (AWS/GCP)
409,2022,Software Developer,313994.0,0.961,127.1,Spark/PySpark
410,2019,BI Developer,97514.0,0.98,111.1,COBOL
410,2019,BI Developer,97514.0,0.98,111.1,Excel (Basic)
410,2019,BI Developer,97514.0,0.98,111.1,Legacy VBA
410,2019,BI Developer,97514.0,0.98,111.1,Tableau
410,2019,BI Developer,97514.0,0.98,111.1,LLMs/GenAI
410,2019,BI Developer,97514.0,0.98,111.1,Manual Testing
411,2021,Accountant,139356.0,0.05,116.7,Cloud (AWS/GCP)
411,2021,Accountant,139356.0,0.05,116.7,Power BI
411,2021,Accountant,139356.0,0.05,116.7,Tableau
411,2021,Accountant,139356.0,0.05,116.7,Machine Learning
411,2021,Accountant,139356.0,0.05,116.7,Deep Learning
411,2021,Accountant,139356.0,0.05,116.7,Kubernetes
412,2019,Operations Analyst,209998.0,0.98,108.2,Legacy VBA
412,2019,Operations Analyst,209998.0,0.98,108.2,Copy-Paste Reporting
412,2019,Operations Analyst,209998.0,0.98,108.2,MLOps
412,2019,Operations Analyst,209998.0,0.98,108.2,A/B Testing
413,2024,Accountant,109638.0,0.98,154.8,Vector Databases
413,2024,Accountant,109638.0,0.98,154.8,Legacy VBA
413,2024,Accountant,109638.0,0.98,154.8,Basic SEO
413,2024,Accountant,109638.0,0.98,154.8,Data Entry
413,2024,Accountant,109638.0,0.98,154.8,SQL
413,2024,Accountant,109638.0,0.98,154.8,Spark/PySpark
414,2023,Accountant,142204.0,0.98,116.6,Copy-Paste Reporting
414,2023,Accountant,142204.0,0.98,116.6,Statistics
414,2023,Accountant,142204.0,0.98,116.6,LLMs/GenAI
414,2023,Accountant,142204.0,0.98,116.6,Deep Learning
414,2023,Accountant,142204.0,0.98,116.6,Basic SEO
414,2023,Accountant,142204.0,0.98,116.6,MLOps
415,2021,Business Analyst,256021.0,0.98,116.8,SQL
415,2021,Business Analyst,256021.0,0.98,116.8,Basic SEO
415,2021,Business Analyst,256021.0,0.98,116.8,Airflow
415,2021,Business Analyst,256021.0,0.98,116.8,Deep Learning
415,2021,Business Analyst,256021.0,0.98,116.8,Tableau
415,2021,Business Analyst,256021.0,0.98,116.8,MS Access
416,2022,Data Scientist,197162.0,0.98,102.7,Statistics
416,2022,Data Scientist,197162.0,0.98,102.7,MS Access
416,2022,Data Scientist,197162.0,0.98,102.7,Data Entry
417,2022,QA Engineer,93484.0,0.98,110.8,Basic SEO
417,2022,QA Engineer,93484.0,0.98,110.8,Deep Learning
417,2022,QA Engineer,93484.0,0.98,110.8,COBOL
418,2023,HR Analyst,144307.0,0.98,124.4,Data Entry
418,2023,HR Analyst,144307.0,0.98,124.4,Legacy VBA
418,2023,HR Analyst,144307.0,0.98,124.4,Tableau
418,2023,HR Analyst,144307.0,0.98,124.4,MLOps
419,2019,Excel Analyst,180513.0,0.98,108.4,Crystal Reports
419,2019,Excel Analyst,180513.0,0.98,108.4,Legacy VBA
419,2019,Excel Analyst,180513.0,0.98,108.4,Vector Databases
419,2019,Excel Analyst,180513.0,0.98,108.4,Copy-Paste Reporting
419,2019,Excel Analyst,180513.0,0.98,108.4,Tableau
419,2019,Excel Analyst,180513.0,0.98,108.4,Cloud (AWS/GCP)
420,2024,Excel Analyst,105454.0,0.904,87.0,R
420,2024,Excel Analyst,105454.0,0.904,87.0,A/B Testing
420,2024,Excel Analyst,105454.0,0.904,87.0,Vector Databases
420,2024,Excel Analyst,105454.0,0.904,87.0,Crystal Reports
420,2024,Excel Analyst,105454.0,0.904,87.0,Cloud (AWS/GCP)
421,2020,Digital Marketer,116566.0,0.98,106.8,Manual Testing
421,2020,Digital Marketer,116566.0,0.98,106.8,dbt
421,2020,Digital Marketer,116566.0,0.98,106.8,Cloud (AWS/GCP)
421,2020,Digital Marketer,116566.0,0.98,106.8,Copy-Paste Reporting
421,2020,Digital Marketer,116566.0,0.98,106.8,SQL
422,2025,SQL Developer,114996.0,0.98,110.3,Data Entry
422,2025,SQL Developer,114996.0,0.98,110.3,Basic SEO
422,2025,SQL Developer,114996.0,0.98,110.3,Legacy VBA
423,2025,IT Support Specialist,174128.0,0.883,81.2,Statistics
423,2025,IT Support Specialist,174128.0,0.883,81.2,Python
423,2025,IT Support Specialist,174128.0,0.883,81.2,A/B Testing
423,2025,IT Support Specialist,174128.0,0.883,81.2,MS Access
424,2022,Financial Analyst,213628.0,0.98,120.7,MS Access
424,2022,Financial Analyst,213628.0,0.98,120.7,Basic SEO
424,2022,Financial Analyst,213628.0,0.98,120.7,Spark/PySpark
424,2022,Financial Analyst,213628.0,0.98,120.7,Cloud (AWS/GCP)
425,2023,Accountant,152553.0,0.98,152.6,Manual Testing
425,2023,Accountant,152553.0,0.98,152.6,Crystal Reports
425,2023,Accountant,152553.0,0.98,152.6,Cold Calling
425,2023,Accountant,152553.0,0.98,152.6,Airflow
425,2023,Accountant,152553.0,0.98,152.6,Kubernetes
425,2023,Accountant,152553.0,0.98,152.6,SQL
426,2021,IT Support Specialist,93108.0,0.98,110.2,Basic SEO
426,2021,IT Support Specialist,93108.0,0.98,110.2,Crystal Reports
426,2021,IT Support Specialist,93108.0,0.98,110.2,R
426,2021,IT Support Specialist,93108.0,0.98,110.2,Copy-Paste Reporting
426,2021,IT Support Specialist,93108.0,0.98,110.2,MLOps
427,2023,HR Analyst,118660.0,0.98,147.7,Legacy VBA
427,2023,HR Analyst,118660.0,0.98,147.7,Vector Databases
427,2023,HR Analyst,118660.0,0.98,147.7,Spark/PySpark
427,2023,HR Analyst,118660.0,0.98,147.7,Crystal Reports
427,2023,HR Analyst,118660.0,0.98,147.7,Data Entry
428,2020,Content Strategist,152372.0,0.98,111.0,R
428,2020,Content Strategist,152372.0,0.98,111.0,Statistics
428,2020,Content Strategist,152372.0,0.98,111.0,Excel (Basic)
428,2020,Content Strategist,152372.0,0.98,111.0,Legacy VBA
428,2020,Content Strategist,152372.0,0.98,111.0,Crystal Reports
429,2024,SEO Specialist,151095.0,0.315,103.5,Python
429,2024,SEO Specialist,151095.0,0.315,103.5,SQL
429,2024,SEO Specialist,151095.0,0.315,103.5,Spark/PySpark
430,2019,SQL Developer,168939.0,0.98,89.2,Spark/PySpark
430,2019,SQL Developer,168939.0,0.98,89.2,Basic SEO
430,2019,SQL Developer,168939.0,0.98,89.2,Machine Learning
430,2019,SQL Developer,168939.0,0.98,89.2,Crystal Reports
430,2019,SQL Developer,168939.0,0.98,89.2,COBOL
431,2025,SEO Specialist,54986.0,0.98,156.3,Manual Testing
431,2025,SEO Specialist,54986.0,0.98,156.3,Copy-Paste Reporting
431,2025,SEO Specialist,54986.0,0.98,156.3,Legacy VBA
432,2025,Excel Analyst,213262.0,0.98,138.9,Crystal Reports
432,2025,Excel Analyst,213262.0,0.98,138.9,Legacy VBA
432,2025,Excel Analyst,213262.0,0.98,138.9,Machine Learning
432,2025,Excel Analyst,213262.0,0.98,138.9,SQL
432,2025,Excel Analyst,213262.0,0.98,138.9,Power BI
433,2024,Cloud Architect,339732.0,0.98,152.8,dbt
433,2024,Cloud Architect,339732.0,0.98,152.8,Manual Testing
433,2024,Cloud Architect,339732.0,0.98,152.8,Copy-Paste Reporting
433,2024,Cloud Architect,339732.0,0.98,152.8,Cold Calling
433,2024,Cloud Architect,339732.0,0.98,152.8,Tableau
434,2024,Operations Analyst,161020.0,0.98,137.4,Cold Calling
434,2024,Operations Analyst,161020.0,0.98,137.4,MS Access
434,2024,Operations Analyst,161020.0,0.98,137.4,dbt
434,2024,Operations Analyst,161020.0,0.98,137.4,Prompt Engineering
435,2024,Data Scientist,170125.0,0.05,126.6,SQL
435,2024,Data Scientist,170125.0,0.05,126.6,Machine Learning
435,2024,Data Scientist,170125.0,0.05,126.6,Power BI
436,2021,Data Engineer,157207.0,0.551,122.7,MLOps
436,2021,Data Engineer,157207.0,0.551,122.7,Tableau
436,2021,Data Engineer,157207.0,0.551,122.7,Crystal Reports
437,2019,Data Engineer,219929.0,0.644,99.9,Statistics
437,2019,Data Engineer,219929.0,0.644,99.9,COBOL
437,2019,Data Engineer,219929.0,0.644,99.9,Excel (Basic)
437,2019,Data Engineer,219929.0,0.644,99.9,R
437,2019,Data Engineer,219929.0,0.644,99.9,Vector Databases
438,2024,Cloud Architect,380738.0,0.347,133.6,COBOL
438,2024,Cloud Architect,380738.0,0.347,133.6,A/B Testing
438,2024,Cloud Architect,380738.0,0.347,133.6,LLMs/GenAI
439,2023,Software Developer,142364.0,0.361,111.4,Legacy VBA
439,2023,Software Developer,142364.0,0.361,111.4,MLOps
439,2023,Software Developer,142364.0,0.361,111.4,Vector Databases
439,2023,Software Developer,142364.0,0.361,111.4,Prompt Engineering
440,2025,Accountant,231348.0,0.98,137.8,Cloud (AWS/GCP)
440,2025,Accountant,231348.0,0.98,137.8,Legacy VBA
440,2025,Accountant,231348.0,0.98,137.8,Vector Databases
441,2024,Accountant,257458.0,0.821,145.8,SQL
441,2024,Accountant,257458.0,0.821,145.8,COBOL
441,2024,Accountant,257458.0,0.821,145.8,Cloud (AWS/GCP)
441,2024,Accountant,257458.0,0.821,145.8,Kubernetes
441,2024,Accountant,257458.0,0.821,145.8,R
442,2019,Content Strategist,207832.0,0.462,90.1,Statistics
442,2019,Content Strategist,207832.0,0.462,90.1,Machine Learning
442,2019,Content Strategist,207832.0,0.462,90.1,Prompt Engineering
442,2019,Content Strategist,207832.0,0.462,90.1,Data Entry
442,2019,Content Strategist,207832.0,0.462,90.1,dbt
442,2019,Content Strategist,207832.0,0.462,90.1,MLOps
443,2019,BI Developer,176203.0,0.98,94.0,dbt
443,2019,BI Developer,176203.0,0.98,94.0,Legacy VBA
443,2019,BI Developer,176203.0,0.98,94.0,Data Entry
444,2025,Supply Chain Analyst,225812.0,0.98,119.5,Data Entry
444,2025,Supply Chain Analyst,225812.0,0.98,119.5,Basic SEO
444,2025,Supply Chain Analyst,225812.0,0.98,119.5,Deep Learning
444,2025,Supply Chain Analyst,225812.0,0.98,119.5,MS Access
444,2025,Supply Chain Analyst,225812.0,0.98,119.5,Legacy VBA
444,2025,Supply Chain Analyst,225812.0,0.98,119.5,Spark/PySpark
445,2024,Cloud Architect,160932.0,0.33,138.6,LLMs/GenAI
445,2024,Cloud Architect,160932.0,0.33,138.6,COBOL
445,2024,Cloud Architect,160932.0,0.33,138.6,Kubernetes
446,2023,Excel Analyst,167769.0,0.98,113.4,Data Entry
446,2023,Excel Analyst,167769.0,0.98,113.4,SQL
446,2023,Excel Analyst,167769.0,0.98,113.4,Power BI
446,2023,Excel Analyst,167769.0,0.98,113.4,MLOps
446,2023,Excel Analyst,167769.0,0.98,113.4,Python
446,2023,Excel Analyst,167769.0,0.98,113.4,Basic SEO
447,2023,Data Analyst,197049.0,0.98,123.1,Crystal Reports
447,2023,Data Analyst,197049.0,0.98,123.1,Copy-Paste Reporting
447,2023,Data Analyst,197049.0,0.98,123.1,Deep Learning
448,2023,Machine Learning Engineer,236680.0,0.603,129.2,Prompt Engineering
448,2023,Machine Learning Engineer,236680.0,0.603,129.2,Cold Calling
448,2023,Machine Learning Engineer,236680.0,0.603,129.2,Tableau
449,2025,Supply Chain Analyst,96172.0,0.98,147.1,Spark/PySpark
449,2025,Supply Chain Analyst,96172.0,0.98,147.1,MS Access
449,2025,Supply Chain Analyst,96172.0,0.98,147.1,SQL
449,2025,Supply Chain Analyst,96172.0,0.98,147.1,COBOL
450,2023,AI Engineer,193871.0,0.869,111.8,R
450,2023,AI Engineer,193871.0,0.869,111.8,Copy-Paste Reporting
450,2023,AI Engineer,193871.0,0.869,111.8,Spark/PySpark
451,2019,Financial Analyst,204749.0,0.566,102.7,Prompt Engineering
451,2019,Financial Analyst,204749.0,0.566,102.7,dbt
451,2019,Financial Analyst,204749.0,0.566,102.7,MS Access
452,2024,DevOps Engineer,185483.0,0.968,109.7,LLMs/GenAI
452,2024,DevOps Engineer,185483.0,0.968,109.7,Airflow
452,2024,DevOps Engineer,185483.0,0.968,109.7,Manual Testing
452,2024,DevOps Engineer,185483.0,0.968,109.7,Basic SEO
453,2019,BI Developer,257368.0,0.98,92.6,Data Entry
453,2019,BI Developer,257368.0,0.98,92.6,R
453,2019,BI Developer,257368.0,0.98,92.6,Deep Learning
453,2019,BI Developer,257368.0,0.98,92.6,Prompt Engineering
453,2019,BI Developer,257368.0,0.98,92.6,Legacy VBA
453,2019,BI Developer,257368.0,0.98,92.6,COBOL
454,2020,Product Manager,317334.0,0.98,107.7,Spark/PySpark
454,2020,Product Manager,317334.0,0.98,107.7,Legacy VBA
454,2020,Product Manager,317334.0,0.98,107.7,Data Entry
454,2020,Product Manager,317334.0,0.98,107.7,Airflow
454,2020,Product Manager,317334.0,0.98,107.7,Cloud (AWS/GCP)
455,2019,SQL Developer,134497.0,0.98,106.0,Manual Testing
455,2019,SQL Developer,134497.0,0.98,106.0,Legacy VBA
455,2019,SQL Developer,134497.0,0.98,106.0,Prompt Engineering
455,2019,SQL Developer,134497.0,0.98,106.0,Crystal Reports
455,2019,SQL Developer,134497.0,0.98,106.0,Excel (Basic)
456,2023,DevOps Engineer,222287.0,0.419,112.2,MLOps
456,2023,DevOps Engineer,222287.0,0.419,112.2,Airflow
456,2023,DevOps Engineer,222287.0,0.419,112.2,COBOL
457,2024,HR Analyst,173030.0,0.98,132.3,Legacy VBA
457,2024,HR Analyst,173030.0,0.98,132.3,MS Access
457,2024,HR Analyst,173030.0,0.98,132.3,MLOps
457,2024,HR Analyst,173030.0,0.98,132.3,Statistics
458,2021,AI Engineer,294184.0,0.98,101.5,Data Entry
458,2021,AI Engineer,294184.0,0.98,101.5,Manual Testing
458,2021,AI Engineer,294184.0,0.98,101.5,Deep Learning
458,2021,AI Engineer,294184.0,0.98,101.5,Basic SEO
459,2025,Data Engineer,353045.0,0.434,159.6,MS Access
459,2025,Data Engineer,353045.0,0.434,159.6,Deep Learning
459,2025,Data Engineer,353045.0,0.434,159.6,Python
460,2024,Data Analyst,276549.0,0.05,151.8,Machine Learning
460,2024,Data Analyst,276549.0,0.05,151.8,R
460,2024,Data Analyst,276549.0,0.05,151.8,Kubernetes
460,2024,Data Analyst,276549.0,0.05,151.8,Statistics
461,2020,DevOps Engineer,310812.0,0.05,116.4,Spark/PySpark
461,2020,DevOps Engineer,310812.0,0.05,116.4,Tableau
461,2020,DevOps Engineer,310812.0,0.05,116.4,A/B Testing
461,2020,DevOps Engineer,310812.0,0.05,116.4,Deep Learning
461,2020,DevOps Engineer,310812.0,0.05,116.4,SQL
462,2019,Supply Chain Analyst,112971.0,0.98,101.5,Tableau
462,2019,Supply Chain Analyst,112971.0,0.98,101.5,LLMs/GenAI
462,2019,Supply Chain Analyst,112971.0,0.98,101.5,Excel (Basic)
462,2019,Supply Chain Analyst,112971.0,0.98,101.5,Legacy VBA
463,2020,Product Manager,273418.0,0.582,104.8,Cold Calling
463,2020,Product Manager,273418.0,0.582,104.8,Statistics
463,2020,Product Manager,273418.0,0.582,104.8,Airflow
463,2020,Product Manager,273418.0,0.582,104.8,Deep Learning
464,2020,Business Analyst,147420.0,0.98,99.6,Statistics
464,2020,Business Analyst,147420.0,0.98,99.6,Tableau
464,2020,Business Analyst,147420.0,0.98,99.6,Machine Learning
464,2020,Business Analyst,147420.0,0.98,99.6,COBOL
464,2020,Business Analyst,147420.0,0.98,99.6,Data Entry
464,2020,Business Analyst,147420.0,0.98,99.6,MLOps
465,2023,HR Analyst,147346.0,0.98,132.3,SQL
465,2023,HR Analyst,147346.0,0.98,132.3,Data Entry
465,2023,HR Analyst,147346.0,0.98,132.3,Vector Databases
465,2023,HR Analyst,147346.0,0.98,132.3,Excel (Basic)
466,2025,Data Scientist,320738.0,0.47,159.2,A/B Testing
466,2025,Data Scientist,320738.0,0.47,159.2,SQL
466,2025,Data Scientist,320738.0,0.47,159.2,Vector Databases
466,2025,Data Scientist,320738.0,0.47,159.2,Basic SEO
467,2022,Digital Marketer,289479.0,0.05,116.2,Tableau
467,2022,Digital Marketer,289479.0,0.05,116.2,LLMs/GenAI
467,2022,Digital Marketer,289479.0,0.05,116.2,Airflow
467,2022,Digital Marketer,289479.0,0.05,116.2,Deep Learning
468,2021,SQL Developer,111358.0,0.98,102.2,Manual Testing
468,2021,SQL Developer,111358.0,0.98,102.2,Crystal Reports
468,2021,SQL Developer,111358.0,0.98,102.2,Basic SEO
468,2021,SQL Developer,111358.0,0.98,102.2,Cloud (AWS/GCP)
468,2021,SQL Developer,111358.0,0.98,102.2,Legacy VBA
469,2025,Cloud Architect,189555.0,0.747,119.5,dbt
469,2025,Cloud Architect,189555.0,0.747,119.5,Excel (Basic)
469,2025,Cloud Architect,189555.0,0.747,119.5,LLMs/GenAI
469,2025,Cloud Architect,189555.0,0.747,119.5,Data Entry
469,2025,Cloud Architect,189555.0,0.747,119.5,Power BI
469,2025,Cloud Architect,189555.0,0.747,119.5,Python
470,2020,Financial Analyst,241821.0,0.385,102.4,Excel (Basic)
470,2020,Financial Analyst,241821.0,0.385,102.4,Spark/PySpark
470,2020,Financial Analyst,241821.0,0.385,102.4,Machine Learning
471,2020,Content Strategist,109909.0,0.98,107.1,MS Access
471,2020,Content Strategist,109909.0,0.98,107.1,Legacy VBA
471,2020,Content Strategist,109909.0,0.98,107.1,Basic SEO
472,2019,SQL Developer,249525.0,0.721,104.6,LLMs/GenAI
472,2019,SQL Developer,249525.0,0.721,104.6,Airflow
472,2019,SQL Developer,249525.0,0.721,104.6,Power BI
472,2019,SQL Developer,249525.0,0.721,104.6,Manual Testing
472,2019,SQL Developer,249525.0,0.721,104.6,Spark/PySpark
472,2019,SQL Developer,249525.0,0.721,104.6,Excel (Basic)
473,2020,Accountant,226297.0,0.98,113.4,Tableau
473,2020,Accountant,226297.0,0.98,113.4,Manual Testing
473,2020,Accountant,226297.0,0.98,113.4,Excel (Basic)
473,2020,Accountant,226297.0,0.98,113.4,Deep Learning
473,2020,Accountant,226297.0,0.98,113.4,Airflow
474,2020,Machine Learning Engineer,172048.0,0.631,116.4,Basic SEO
474,2020,Machine Learning Engineer,172048.0,0.631,116.4,Spark/PySpark
474,2020,Machine Learning Engineer,172048.0,0.631,116.4,Manual Testing
474,2020,Machine Learning Engineer,172048.0,0.631,116.4,Cloud (AWS/GCP)
474,2020,Machine Learning Engineer,172048.0,0.631,116.4,LLMs/GenAI
474,2020,Machine Learning Engineer,172048.0,0.631,116.4,Statistics
475,2023,Business Analyst,209045.0,0.775,138.9,Statistics
475,2023,Business Analyst,209045.0,0.775,138.9,Legacy VBA
475,2023,Business Analyst,209045.0,0.775,138.9,Spark/PySpark
476,2023,Data Analyst,193915.0,0.98,111.7,Copy-Paste Reporting
476,2023,Data Analyst,193915.0,0.98,111.7,Machine Learning
476,2023,Data Analyst,193915.0,0.98,111.7,Crystal Reports
476,2023,Data Analyst,193915.0,0.98,111.7,A/B Testing
476,2023,Data Analyst,193915.0,0.98,111.7,Power BI
477,2025,Digital Marketer,200316.0,0.302,142.2,Power BI
477,2025,Digital Marketer,200316.0,0.302,142.2,Spark/PySpark
477,2025,Digital Marketer,200316.0,0.302,142.2,Kubernetes
478,2020,Data Scientist,225939.0,0.98,104.9,Kubernetes
478,2020,Data Scientist,225939.0,0.98,104.9,dbt
478,2020,Data Scientist,225939.0,0.98,104.9,Python
478,2020,Data Scientist,225939.0,0.98,104.9,Crystal Reports
478,2020,Data Scientist,225939.0,0.98,104.9,MS Access
478,2020,Data Scientist,225939.0,0.98,104.9,COBOL
479,2019,Content Strategist,100414.0,0.738,98.8,Power BI
479,2019,Content Strategist,100414.0,0.738,98.8,Vector Databases
479,2019,Content Strategist,100414.0,0.738,98.8,Cloud (AWS/GCP)
479,2019,Content Strategist,100414.0,0.738,98.8,Spark/PySpark
479,2019,Content Strategist,100414.0,0.738,98.8,Data Entry
480,2021,SEO Specialist,158580.0,0.98,118.7,Legacy VBA
480,2021,SEO Specialist,158580.0,0.98,118.7,SQL
480,2021,SEO Specialist,158580.0,0.98,118.7,Cold Calling
480,2021,SEO Specialist,158580.0,0.98,118.7,dbt
480,2021,SEO Specialist,158580.0,0.98,118.7,Power BI
481,2023,Digital Marketer,154564.0,0.915,138.3,Kubernetes
481,2023,Digital Marketer,154564.0,0.915,138.3,Prompt Engineering
481,2023,Digital Marketer,154564.0,0.915,138.3,Excel (Basic)
481,2023,Digital Marketer,154564.0,0.915,138.3,Vector Databases
481,2023,Digital Marketer,154564.0,0.915,138.3,Crystal Reports
481,2023,Digital Marketer,154564.0,0.915,138.3,SQL
482,2025,Supply Chain Analyst,107365.0,0.102,155.9,Cloud (AWS/GCP)
482,2025,Supply Chain Analyst,107365.0,0.102,155.9,dbt
482,2025,Supply Chain Analyst,107365.0,0.102,155.9,A/B Testing
482,2025,Supply Chain Analyst,107365.0,0.102,155.9,SQL
483,2025,SEO Specialist,287156.0,0.98,173.7,Data Entry
483,2025,SEO Specialist,287156.0,0.98,173.7,Python
483,2025,SEO Specialist,287156.0,0.98,173.7,COBOL
483,2025,SEO Specialist,287156.0,0.98,173.7,Deep Learning
483,2025,SEO Specialist,287156.0,0.98,173.7,Spark/PySpark
483,2025,SEO Specialist,287156.0,0.98,173.7,Statistics
484,2022,Data Scientist,139587.0,0.724,142.4,Deep Learning
484,2022,Data Scientist,139587.0,0.724,142.4,Manual Testing
484,2022,Data Scientist,139587.0,0.724,142.4,Machine Learning
484,2022,Data Scientist,139587.0,0.724,142.4,MS Access
484,2022,Data Scientist,139587.0,0.724,142.4,SQL
485,2022,Accountant,193736.0,0.98,128.0,Cold Calling
485,2022,Accountant,193736.0,0.98,128.0,Basic SEO
485,2022,Accountant,193736.0,0.98,128.0,LLMs/GenAI
486,2022,Data Analyst,113746.0,0.98,123.4,Machine Learning
486,2022,Data Analyst,113746.0,0.98,123.4,COBOL
486,2022,Data Analyst,113746.0,0.98,123.4,Manual Testing
486,2022,Data Analyst,113746.0,0.98,123.4,A/B Testing
487,2020,Accountant,154048.0,0.855,111.3,Data Entry
487,2020,Accountant,154048.0,0.855,111.3,Python
487,2020,Accountant,154048.0,0.855,111.3,LLMs/GenAI
487,2020,Accountant,154048.0,0.855,111.3,Deep Learning
488,2025,Software Developer,199441.0,0.98,111.9,A/B Testing
488,2025,Software Developer,199441.0,0.98,111.9,Python
488,2025,Software Developer,199441.0,0.98,111.9,MS Access
488,2025,Software Developer,199441.0,0.98,111.9,Crystal Reports
489,2019,SEO Specialist,149847.0,0.98,108.3,Vector Databases
489,2019,SEO Specialist,149847.0,0.98,108.3,Basic SEO
489,2019,SEO Specialist,149847.0,0.98,108.3,Kubernetes
489,2019,SEO Specialist,149847.0,0.98,108.3,Airflow
489,2019,SEO Specialist,149847.0,0.98,108.3,Manual Testing
490,2022,Software Developer,303833.0,0.05,110.4,Power BI
490,2022,Software Developer,303833.0,0.05,110.4,A/B Testing
490,2022,Software Developer,303833.0,0.05,110.4,Cloud (AWS/GCP)
490,2022,Software Developer,303833.0,0.05,110.4,R
491,2021,Cloud Architect,140645.0,0.832,118.7,Crystal Reports
491,2021,Cloud Architect,140645.0,0.832,118.7,Tableau
491,2021,Cloud Architect,140645.0,0.832,118.7,SQL
491,2021,Cloud Architect,140645.0,0.832,118.7,Excel (Basic)
491,2021,Cloud Architect,140645.0,0.832,118.7,Statistics
492,2025,Cloud Architect,342313.0,0.05,119.3,Statistics
492,2025,Cloud Architect,342313.0,0.05,119.3,Cloud (AWS/GCP)
492,2025,Cloud Architect,342313.0,0.05,119.3,Kubernetes
493,2024,Excel Analyst,109645.0,0.98,93.7,A/B Testing
493,2024,Excel Analyst,109645.0,0.98,93.7,R
493,2024,Excel Analyst,109645.0,0.98,93.7,Python
493,2024,Excel Analyst,109645.0,0.98,93.7,Crystal Reports
493,2024,Excel Analyst,109645.0,0.98,93.7,Basic SEO
494,2021,Data Scientist,294017.0,0.05,120.0,Statistics
494,2021,Data Scientist,294017.0,0.05,120.0,MLOps
494,2021,Data Scientist,294017.0,0.05,120.0,Vector Databases
494,2021,Data Scientist,294017.0,0.05,120.0,dbt
495,2021,BI Developer,133584.0,0.98,109.3,MS Access
495,2021,BI Developer,133584.0,0.98,109.3,Airflow
495,2021,BI Developer,133584.0,0.98,109.3,Copy-Paste Reporting
495,2021,BI Developer,133584.0,0.98,109.3,Kubernetes
496,2020,Excel Analyst,204845.0,0.952,97.8,Cloud (AWS/GCP)
496,2020,Excel Analyst,204845.0,0.952,97.8,Deep Learning
496,2020,Excel Analyst,204845.0,0.952,97.8,Legacy VBA
497,2022,Accountant,110890.0,0.973,118.0,Vector Databases
497,2022,Accountant,110890.0,0.973,118.0,Manual Testing
497,2022,Accountant,110890.0,0.973,118.0,MLOps
497,2022,Accountant,110890.0,0.973,118.0,Statistics
497,2022,Accountant,110890.0,0.973,118.0,Excel (Basic)
497,2022,Accountant,110890.0,0.973,118.0,Kubernetes
498,2025,Content Strategist,180230.0,0.563,141.6,Machine Learning
498,2025,Content Strategist,180230.0,0.563,141.6,A/B Testing
498,2025,Content Strategist,180230.0,0.563,141.6,COBOL
498,2025,Content Strategist,180230.0,0.563,141.6,Power BI
499,2023,Business Analyst,245310.0,0.74,136.7,Tableau
499,2023,Business Analyst,245310.0,0.74,136.7,Cloud (AWS/GCP)
499,2023,Business Analyst,245310.0,0.74,136.7,Crystal Reports
499,2023,Business Analyst,245310.0,0.74,136.7,A/B Testing
500,2024,Data Analyst,106448.0,0.576,156.1,MLOps
500,2024,Data Analyst,106448.0,0.576,156.1,Vector Databases
500,2024,Data Analyst,106448.0,0.576,156.1,Manual Testing
501,2020,SEO Specialist,213094.0,0.378,100.0,Manual Testing
501,2020,SEO Specialist,213094.0,0.378,100.0,MLOps
501,2020,SEO Specialist,213094.0,0.378,100.0,Vector Databases
501,2020,SEO Specialist,213094.0,0.378,100.0,LLMs/GenAI
501,2020,SEO Specialist,213094.0,0.378,100.0,Statistics
501,2020,SEO Specialist,213094.0,0.378,100.0,Power BI
502,2024,DevOps Engineer,267620.0,0.98,148.4,LLMs/GenAI
502,2024,DevOps Engineer,267620.0,0.98,148.4,Excel (Basic)
502,2024,DevOps Engineer,267620.0,0.98,148.4,Spark/PySpark
502,2024,DevOps Engineer,267620.0,0.98,148.4,Basic SEO
502,2024,DevOps Engineer,267620.0,0.98,148.4,Legacy VBA
502,2024,DevOps Engineer,267620.0,0.98,148.4,Airflow
503,2024,Statistician,162669.0,0.98,150.7,dbt
503,2024,Statistician,162669.0,0.98,150.7,Spark/PySpark
503,2024,Statistician,162669.0,0.98,150.7,COBOL
503,2024,Statistician,162669.0,0.98,150.7,MS Access
503,2024,Statistician,162669.0,0.98,150.7,Basic SEO
503,2024,Statistician,162669.0,0.98,150.7,Statistics
504,2020,QA Engineer,234578.0,0.571,104.6,COBOL
504,2020,QA Engineer,234578.0,0.571,104.6,Statistics
504,2020,QA Engineer,234578.0,0.571,104.6,Prompt Engineering
504,2020,QA Engineer,234578.0,0.571,104.6,Kubernetes
504,2020,QA Engineer,234578.0,0.571,104.6,R
505,2019,Software Developer,98790.0,0.98,99.6,Basic SEO
505,2019,Software Developer,98790.0,0.98,99.6,Kubernetes
505,2019,Software Developer,98790.0,0.98,99.6,Statistics
505,2019,Software Developer,98790.0,0.98,99.6,Data Entry
506,2024,Cloud Architect,307978.0,0.67,147.1,Vector Databases
506,2024,Cloud Architect,307978.0,0.67,147.1,Python
506,2024,Cloud Architect,307978.0,0.67,147.1,Power BI
506,2024,Cloud Architect,307978.0,0.67,147.1,Cloud (AWS/GCP)
506,2024,Cloud Architect,307978.0,0.67,147.1,Copy-Paste Reporting
507,2023,SQL Developer,281979.0,0.676,121.0,Cold Calling
507,2023,SQL Developer,281979.0,0.676,121.0,Prompt Engineering
507,2023,SQL Developer,281979.0,0.676,121.0,Vector Databases
507,2023,SQL Developer,281979.0,0.676,121.0,MLOps
508,2022,Product Manager,293671.0,0.98,120.4,Tableau
508,2022,Product Manager,293671.0,0.98,120.4,Data Entry
508,2022,Product Manager,293671.0,0.98,120.4,Spark/PySpark
508,2022,Product Manager,293671.0,0.98,120.4,Copy-Paste Reporting
508,2022,Product Manager,293671.0,0.98,120.4,LLMs/GenAI
509,2021,QA Engineer,308098.0,0.05,108.0,Deep Learning
509,2021,QA Engineer,308098.0,0.05,108.0,LLMs/GenAI
509,2021,QA Engineer,308098.0,0.05,108.0,MLOps
510,2021,HR Analyst,168103.0,0.98,108.8,Kubernetes
510,2021,HR Analyst,168103.0,0.98,108.8,Tableau
510,2021,HR Analyst,168103.0,0.98,108.8,Cold Calling
510,2021,HR Analyst,168103.0,0.98,108.8,Vector Databases
510,2021,HR Analyst,168103.0,0.98,108.8,MS Access
510,2021,HR Analyst,168103.0,0.98,108.8,Excel (Basic)
511,2022,QA Engineer,125941.0,0.98,120.8,MS Access
511,2022,QA Engineer,125941.0,0.98,120.8,Airflow
511,2022,QA Engineer,125941.0,0.98,120.8,Legacy VBA
511,2022,QA Engineer,125941.0,0.98,120.8,Kubernetes
512,2024,Product Manager,174761.0,0.551,103.3,Cloud (AWS/GCP)
512,2024,Product Manager,174761.0,0.551,103.3,Copy-Paste Reporting
512,2024,Product Manager,174761.0,0.551,103.3,Deep Learning
512,2024,Product Manager,174761.0,0.551,103.3,Statistics
512,2024,Product Manager,174761.0,0.551,103.3,R
512,2024,Product Manager,174761.0,0.551,103.3,Machine Learning
513,2022,Content Strategist,98511.0,0.769,107.0,Deep Learning
513,2022,Content Strategist,98511.0,0.769,107.0,Data Entry
513,2022,Content Strategist,98511.0,0.769,107.0,SQL
513,2022,Content Strategist,98511.0,0.769,107.0,Prompt Engineering
514,2024,AI Engineer,352698.0,0.244,161.9,Python
514,2024,AI Engineer,352698.0,0.244,161.9,Machine Learning
514,2024,AI Engineer,352698.0,0.244,161.9,Legacy VBA
514,2024,AI Engineer,352698.0,0.244,161.9,Vector Databases
515,2021,Digital Marketer,212557.0,0.98,110.1,Spark/PySpark
515,2021,Digital Marketer,212557.0,0.98,110.1,Crystal Reports
515,2021,Digital Marketer,212557.0,0.98,110.1,R
515,2021,Digital Marketer,212557.0,0.98,110.1,LLMs/GenAI
515,2021,Digital Marketer,212557.0,0.98,110.1,Excel (Basic)
515,2021,Digital Marketer,212557.0,0.98,110.1,Manual Testing
516,2024,HR Analyst,247368.0,0.565,116.0,Vector Databases
516,2024,HR Analyst,247368.0,0.565,116.0,Statistics
516,2024,HR Analyst,247368.0,0.565,116.0,R
516,2024,HR Analyst,247368.0,0.565,116.0,Airflow
516,2024,HR Analyst,247368.0,0.565,116.0,COBOL
517,2021,DevOps Engineer,243886.0,0.98,106.2,Python
517,2021,DevOps Engineer,243886.0,0.98,106.2,A/B Testing
517,2021,DevOps Engineer,243886.0,0.98,106.2,Basic SEO
517,2021,DevOps Engineer,243886.0,0.98,106.2,Cold Calling
517,2021,DevOps Engineer,243886.0,0.98,106.2,Copy-Paste Reporting
518,2021,Digital Marketer,214441.0,0.98,104.5,Prompt Engineering
518,2021,Digital Marketer,214441.0,0.98,104.5,Python
518,2021,Digital Marketer,214441.0,0.98,104.5,Cold Calling
518,2021,Digital Marketer,214441.0,0.98,104.5,Power BI
518,2021,Digital Marketer,214441.0,0.98,104.5,Copy-Paste Reporting
518,2021,Digital Marketer,214441.0,0.98,104.5,Manual Testing
519,2019,SEO Specialist,146417.0,0.98,104.6,SQL
519,2019,SEO Specialist,146417.0,0.98,104.6,Airflow
519,2019,SEO Specialist,146417.0,0.98,104.6,LLMs/GenAI
519,2019,SEO Specialist,146417.0,0.98,104.6,Crystal Reports
519,2019,SEO Specialist,146417.0,0.98,104.6,MS Access
519,2019,SEO Specialist,146417.0,0.98,104.6,Data Entry
520,2022,Excel Analyst,100796.0,0.98,113.9,A/B Testing
520,2022,Excel Analyst,100796.0,0.98,113.9,Cold Calling
520,2022,Excel Analyst,100796.0,0.98,113.9,COBOL
520,2022,Excel Analyst,100796.0,0.98,113.9,Manual Testing
521,2024,Statistician,330418.0,0.05,129.7,dbt
521,2024,Statistician,330418.0,0.05,129.7,Deep Learning
521,2024,Statistician,330418.0,0.05,129.7,LLMs/GenAI
521,2024,Statistician,330418.0,0.05,129.7,Spark/PySpark
521,2024,Statistician,330418.0,0.05,129.7,Prompt Engineering
521,2024,Statistician,330418.0,0.05,129.7,Cloud (AWS/GCP)
522,2023,IT Support Specialist,207480.0,0.062,125.4,MLOps
522,2023,IT Support Specialist,207480.0,0.062,125.4,Python
522,2023,IT Support Specialist,207480.0,0.062,125.4,Spark/PySpark
522,2023,IT Support Specialist,207480.0,0.062,125.4,Machine Learning
523,2019,BI Developer,85834.0,0.98,92.2,Crystal Reports
523,2019,BI Developer,85834.0,0.98,92.2,Tableau
523,2019,BI Developer,85834.0,0.98,92.2,MS Access
523,2019,BI Developer,85834.0,0.98,92.2,Python
524,2020,Data Analyst,219779.0,0.899,102.7,Prompt Engineering
524,2020,Data Analyst,219779.0,0.899,102.7,COBOL
524,2020,Data Analyst,219779.0,0.899,102.7,Basic SEO
524,2020,Data Analyst,219779.0,0.899,102.7,Statistics
524,2020,Data Analyst,219779.0,0.899,102.7,Vector Databases
524,2020,Data Analyst,219779.0,0.899,102.7,Tableau
525,2019,Cloud Architect,146967.0,0.409,102.3,Cold Calling
525,2019,Cloud Architect,146967.0,0.409,102.3,SQL
525,2019,Cloud Architect,146967.0,0.409,102.3,Deep Learning
525,2019,Cloud Architect,146967.0,0.409,102.3,R
525,2019,Cloud Architect,146967.0,0.409,102.3,Statistics
526,2025,Statistician,216395.0,0.752,162.1,SQL
526,2025,Statistician,216395.0,0.752,162.1,Cold Calling
526,2025,Statistician,216395.0,0.752,162.1,Tableau
526,2025,Statistician,216395.0,0.752,162.1,Airflow
527,2019,SQL Developer,180002.0,0.706,101.0,Statistics
527,2019,SQL Developer,180002.0,0.706,101.0,SQL
527,2019,SQL Developer,180002.0,0.706,101.0,Legacy VBA
527,2019,SQL Developer,180002.0,0.706,101.0,Prompt Engineering
528,2020,HR Analyst,78005.0,0.98,105.3,Kubernetes
528,2020,HR Analyst,78005.0,0.98,105.3,Statistics
528,2020,HR Analyst,78005.0,0.98,105.3,Data Entry
529,2021,Business Analyst,201644.0,0.05,112.8,MLOps
529,2021,Business Analyst,201644.0,0.05,112.8,Python
529,2021,Business Analyst,201644.0,0.05,112.8,LLMs/GenAI
529,2021,Business Analyst,201644.0,0.05,112.8,Kubernetes
529,2021,Business Analyst,201644.0,0.05,112.8,Excel (Basic)
529,2021,Business Analyst,201644.0,0.05,112.8,Cloud (AWS/GCP)
530,2020,Data Analyst,102714.0,0.58,104.0,Vector Databases
530,2020,Data Analyst,102714.0,0.58,104.0,Cold Calling
530,2020,Data Analyst,102714.0,0.58,104.0,Deep Learning
530,2020,Data Analyst,102714.0,0.58,104.0,Airflow
531,2019,Supply Chain Analyst,203439.0,0.722,102.2,Vector Databases
531,2019,Supply Chain Analyst,203439.0,0.722,102.2,Data Entry
531,2019,Supply Chain Analyst,203439.0,0.722,102.2,Spark/PySpark
532,2025,Machine Learning Engineer,196569.0,0.98,155.3,R
532,2025,Machine Learning Engineer,196569.0,0.98,155.3,COBOL
532,2025,Machine Learning Engineer,196569.0,0.98,155.3,Data Entry
532,2025,Machine Learning Engineer,196569.0,0.98,155.3,Cold Calling
532,2025,Machine Learning Engineer,196569.0,0.98,155.3,Vector Databases
533,2022,Product Manager,208420.0,0.337,127.3,MS Access
533,2022,Product Manager,208420.0,0.337,127.3,Spark/PySpark
533,2022,Product Manager,208420.0,0.337,127.3,Kubernetes
533,2022,Product Manager,208420.0,0.337,127.3,Machine Learning
533,2022,Product Manager,208420.0,0.337,127.3,Statistics
534,2023,AI Engineer,390379.0,0.275,133.6,R
534,2023,AI Engineer,390379.0,0.275,133.6,Vector Databases
534,2023,AI Engineer,390379.0,0.275,133.6,MLOps
534,2023,AI Engineer,390379.0,0.275,133.6,MS Access
535,2025,Accountant,243100.0,0.926,142.1,Tableau
535,2025,Accountant,243100.0,0.926,142.1,Prompt Engineering
535,2025,Accountant,243100.0,0.926,142.1,Basic SEO
535,2025,Accountant,243100.0,0.926,142.1,Kubernetes
536,2022,Data Analyst,179058.0,0.98,137.4,Manual Testing
536,2022,Data Analyst,179058.0,0.98,137.4,Copy-Paste Reporting
536,2022,Data Analyst,179058.0,0.98,137.4,Vector Databases
537,2020,Cloud Architect,128074.0,0.98,106.1,A/B Testing
537,2020,Cloud Architect,128074.0,0.98,106.1,Legacy VBA
537,2020,Cloud Architect,128074.0,0.98,106.1,Statistics
537,2020,Cloud Architect,128074.0,0.98,106.1,Cold Calling
538,2023,AI Engineer,250299.0,0.576,110.3,Cloud (AWS/GCP)
538,2023,AI Engineer,250299.0,0.576,110.3,A/B Testing
538,2023,AI Engineer,250299.0,0.576,110.3,Legacy VBA
539,2025,Data Engineer,192297.0,0.106,115.4,Statistics
539,2025,Data Engineer,192297.0,0.106,115.4,dbt
539,2025,Data Engineer,192297.0,0.106,115.4,Cloud (AWS/GCP)
540,2024,Software Developer,288319.0,0.882,119.3,Machine Learning
540,2024,Software Developer,288319.0,0.882,119.3,Vector Databases
540,2024,Software Developer,288319.0,0.882,119.3,Airflow
540,2024,Software Developer,288319.0,0.882,119.3,Manual Testing
540,2024,Software Developer,288319.0,0.882,119.3,Crystal Reports
541,2020,HR Analyst,149908.0,0.722,116.0,Vector Databases
541,2020,HR Analyst,149908.0,0.722,116.0,R
541,2020,HR Analyst,149908.0,0.722,116.0,MS Access
542,2022,DevOps Engineer,113968.0,0.98,120.5,MS Access
542,2022,DevOps Engineer,113968.0,0.98,120.5,Deep Learning
542,2022,DevOps Engineer,113968.0,0.98,120.5,Basic SEO
543,2020,Content Strategist,79635.0,0.98,108.6,dbt
543,2020,Content Strategist,79635.0,0.98,108.6,Copy-Paste Reporting
543,2020,Content Strategist,79635.0,0.98,108.6,A/B Testing
543,2020,Content Strategist,79635.0,0.98,108.6,Legacy VBA
543,2020,Content Strategist,79635.0,0.98,108.6,Airflow
543,2020,Content Strategist,79635.0,0.98,108.6,Excel (Basic)
544,2020,SEO Specialist,191531.0,0.98,99.4,Legacy VBA
544,2020,SEO Specialist,191531.0,0.98,99.4,Tableau
544,2020,SEO Specialist,191531.0,0.98,99.4,Crystal Reports
544,2020,SEO Specialist,191531.0,0.98,99.4,Power BI
544,2020,SEO Specialist,191531.0,0.98,99.4,Cloud (AWS/GCP)
545,2020,SEO Specialist,154862.0,0.846,109.4,R
545,2020,SEO Specialist,154862.0,0.846,109.4,Manual Testing
545,2020,SEO Specialist,154862.0,0.846,109.4,Tableau
545,2020,SEO Specialist,154862.0,0.846,109.4,Vector Databases
546,2023,Cloud Architect,253951.0,0.721,125.1,Manual Testing
546,2023,Cloud Architect,253951.0,0.721,125.1,Airflow
546,2023,Cloud Architect,253951.0,0.721,125.1,Excel (Basic)
546,2023,Cloud Architect,253951.0,0.721,125.1,R
546,2023,Cloud Architect,253951.0,0.721,125.1,dbt
547,2023,Product Manager,280582.0,0.578,108.8,SQL
547,2023,Product Manager,280582.0,0.578,108.8,Python
547,2023,Product Manager,280582.0,0.578,108.8,MS Access
547,2023,Product Manager,280582.0,0.578,108.8,Machine Learning
547,2023,Product Manager,280582.0,0.578,108.8,Prompt Engineering
547,2023,Product Manager,280582.0,0.578,108.8,Manual Testing
548,2020,AI Engineer,150817.0,0.98,112.5,Copy-Paste Reporting
548,2020,AI Engineer,150817.0,0.98,112.5,MLOps
548,2020,AI Engineer,150817.0,0.98,112.5,Python
548,2020,AI Engineer,150817.0,0.98,112.5,Cold Calling
549,2024,Statistician,335900.0,0.05,116.9,Cloud (AWS/GCP)
549,2024,Statistician,335900.0,0.05,116.9,Machine Learning
549,2024,Statistician,335900.0,0.05,116.9,Tableau
549,2024,Statistician,335900.0,0.05,116.9,Vector Databases
550,2021,DevOps Engineer,339458.0,0.556,128.3,COBOL
550,2021,DevOps Engineer,339458.0,0.556,128.3,Prompt Engineering
550,2021,DevOps Engineer,339458.0,0.556,128.3,Deep Learning
550,2021,DevOps Engineer,339458.0,0.556,128.3,Excel (Basic)
550,2021,DevOps Engineer,339458.0,0.556,128.3,SQL
551,2020,Product Manager,102835.0,0.98,111.2,Statistics
551,2020,Product Manager,102835.0,0.98,111.2,Basic SEO
551,2020,Product Manager,102835.0,0.98,111.2,Crystal Reports
551,2020,Product Manager,102835.0,0.98,111.2,Excel (Basic)
552,2019,Accountant,217284.0,0.98,98.5,Deep Learning
552,2019,Accountant,217284.0,0.98,98.5,Cold Calling
552,2019,Accountant,217284.0,0.98,98.5,Machine Learning
552,2019,Accountant,217284.0,0.98,98.5,Basic SEO
552,2019,Accountant,217284.0,0.98,98.5,MLOps
552,2019,Accountant,217284.0,0.98,98.5,Vector Databases
553,2022,QA Engineer,73404.0,0.98,87.6,Data Entry
553,2022,QA Engineer,73404.0,0.98,87.6,Cold Calling
553,2022,QA Engineer,73404.0,0.98,87.6,SQL
554,2023,Business Analyst,186594.0,0.64,113.5,MLOps
554,2023,Business Analyst,186594.0,0.64,113.5,A/B Testing
554,2023,Business Analyst,186594.0,0.64,113.5,Crystal Reports
554,2023,Business Analyst,186594.0,0.64,113.5,Airflow
555,2024,Product Manager,266646.0,0.05,155.8,Airflow
555,2024,Product Manager,266646.0,0.05,155.8,Power BI
555,2024,Product Manager,266646.0,0.05,155.8,Prompt Engineering
556,2020,Data Engineer,205090.0,0.05,100.3,R
556,2020,Data Engineer,205090.0,0.05,100.3,SQL
556,2020,Data Engineer,205090.0,0.05,100.3,Kubernetes
557,2023,QA Engineer,117503.0,0.98,94.6,Statistics
557,2023,QA Engineer,117503.0,0.98,94.6,SQL
557,2023,QA Engineer,117503.0,0.98,94.6,Data Entry
557,2023,QA Engineer,117503.0,0.98,94.6,Excel (Basic)
558,2023,Product Manager,281305.0,0.748,116.3,Kubernetes
558,2023,Product Manager,281305.0,0.748,116.3,Cold Calling
558,2023,Product Manager,281305.0,0.748,116.3,Power BI
559,2023,Data Scientist,149976.0,0.98,115.1,Vector Databases
559,2023,Data Scientist,149976.0,0.98,115.1,dbt
559,2023,Data Scientist,149976.0,0.98,115.1,MLOps
559,2023,Data Scientist,149976.0,0.98,115.1,Manual Testing
559,2023,Data Scientist,149976.0,0.98,115.1,Data Entry
560,2021,BI Developer,191881.0,0.68,105.8,Tableau
560,2021,BI Developer,191881.0,0.68,105.8,Machine Learning
560,2021,BI Developer,191881.0,0.68,105.8,Basic SEO
560,2021,BI Developer,191881.0,0.68,105.8,Airflow
561,2021,Data Engineer,114237.0,0.98,115.9,Manual Testing
561,2021,Data Engineer,114237.0,0.98,115.9,Spark/PySpark
561,2021,Data Engineer,114237.0,0.98,115.9,Copy-Paste Reporting
561,2021,Data Engineer,114237.0,0.98,115.9,Basic SEO
562,2019,Cloud Architect,157621.0,0.555,105.9,Python
562,2019,Cloud Architect,157621.0,0.555,105.9,MLOps
562,2019,Cloud Architect,157621.0,0.555,105.9,dbt
562,2019,Cloud Architect,157621.0,0.555,105.9,MS Access
562,2019,Cloud Architect,157621.0,0.555,105.9,R
562,2019,Cloud Architect,157621.0,0.555,105.9,COBOL
563,2023,Statistician,229336.0,0.98,132.7,Crystal Reports
563,2023,Statistician,229336.0,0.98,132.7,Legacy VBA
563,2023,Statistician,229336.0,0.98,132.7,Python
563,2023,Statistician,229336.0,0.98,132.7,SQL
564,2024,Content Strategist,83924.0,0.633,142.5,Prompt Engineering
564,2024,Content Strategist,83924.0,0.633,142.5,dbt
564,2024,Content Strategist,83924.0,0.633,142.5,COBOL
565,2021,Business Analyst,234647.0,0.98,105.0,Legacy VBA
565,2021,Business Analyst,234647.0,0.98,105.0,Kubernetes
565,2021,Business Analyst,234647.0,0.98,105.0,Copy-Paste Reporting
565,2021,Business Analyst,234647.0,0.98,105.0,COBOL
565,2021,Business Analyst,234647.0,0.98,105.0,Vector Databases
565,2021,Business Analyst,234647.0,0.98,105.0,Cloud (AWS/GCP)
566,2025,HR Analyst,186162.0,0.98,144.4,MLOps
566,2025,HR Analyst,186162.0,0.98,144.4,Statistics
566,2025,HR Analyst,186162.0,0.98,144.4,Copy-Paste Reporting
567,2019,BI Developer,139569.0,0.05,101.8,Machine Learning
567,2019,BI Developer,139569.0,0.05,101.8,Airflow
567,2019,BI Developer,139569.0,0.05,101.8,A/B Testing
568,2022,Software Developer,190570.0,0.584,119.8,Vector Databases
568,2022,Software Developer,190570.0,0.584,119.8,Data Entry
568,2022,Software Developer,190570.0,0.584,119.8,Prompt Engineering
568,2022,Software Developer,190570.0,0.584,119.8,Airflow
568,2022,Software Developer,190570.0,0.584,119.8,A/B Testing
569,2019,HR Analyst,171699.0,0.643,103.4,Airflow
569,2019,HR Analyst,171699.0,0.643,103.4,Spark/PySpark
569,2019,HR Analyst,171699.0,0.643,103.4,MLOps
569,2019,HR Analyst,171699.0,0.643,103.4,SQL
569,2019,HR Analyst,171699.0,0.643,103.4,Legacy VBA
570,2024,Software Developer,357799.0,0.681,121.6,Airflow
570,2024,Software Developer,357799.0,0.681,121.6,Excel (Basic)
570,2024,Software Developer,357799.0,0.681,121.6,Spark/PySpark
570,2024,Software Developer,357799.0,0.681,121.6,Power BI
570,2024,Software Developer,357799.0,0.681,121.6,Prompt Engineering
570,2024,Software Developer,357799.0,0.681,121.6,Manual Testing
571,2023,Data Engineer,183185.0,0.98,125.3,Copy-Paste Reporting
571,2023,Data Engineer,183185.0,0.98,125.3,Spark/PySpark
571,2023,Data Engineer,183185.0,0.98,125.3,Prompt Engineering
571,2023,Data Engineer,183185.0,0.98,125.3,Crystal Reports
572,2023,Data Engineer,311137.0,0.344,112.3,MLOps
572,2023,Data Engineer,311137.0,0.344,112.3,Deep Learning
572,2023,Data Engineer,311137.0,0.344,112.3,R
572,2023,Data Engineer,311137.0,0.344,112.3,MS Access
573,2021,Data Engineer,138291.0,0.98,110.6,Prompt Engineering
573,2021,Data Engineer,138291.0,0.98,110.6,Tableau
573,2021,Data Engineer,138291.0,0.98,110.6,MS Access
573,2021,Data Engineer,138291.0,0.98,110.6,Data Entry
573,2021,Data Engineer,138291.0,0.98,110.6,COBOL
573,2021,Data Engineer,138291.0,0.98,110.6,Kubernetes
574,2020,Machine Learning Engineer,172585.0,0.98,104.3,Manual Testing
574,2020,Machine Learning Engineer,172585.0,0.98,104.3,Excel (Basic)
574,2020,Machine Learning Engineer,172585.0,0.98,104.3,Airflow
574,2020,Machine Learning Engineer,172585.0,0.98,104.3,Legacy VBA
574,2020,Machine Learning Engineer,172585.0,0.98,104.3,Python
575,2024,Digital Marketer,157256.0,0.98,129.0,Crystal Reports
575,2024,Digital Marketer,157256.0,0.98,129.0,Data Entry
575,2024,Digital Marketer,157256.0,0.98,129.0,Vector Databases
575,2024,Digital Marketer,157256.0,0.98,129.0,LLMs/GenAI
575,2024,Digital Marketer,157256.0,0.98,129.0,SQL
575,2024,Digital Marketer,157256.0,0.98,129.0,Statistics
576,2020,SQL Developer,128429.0,0.219,108.5,Kubernetes
576,2020,SQL Developer,128429.0,0.219,108.5,Power BI
576,2020,SQL Developer,128429.0,0.219,108.5,Airflow
577,2020,SQL Developer,111767.0,0.67,103.6,Crystal Reports
577,2020,SQL Developer,111767.0,0.67,103.6,MLOps
577,2020,SQL Developer,111767.0,0.67,103.6,Tableau
577,2020,SQL Developer,111767.0,0.67,103.6,Airflow
577,2020,SQL Developer,111767.0,0.67,103.6,Power BI
577,2020,SQL Developer,111767.0,0.67,103.6,SQL
578,2023,Product Manager,270200.0,0.05,124.8,A/B Testing
578,2023,Product Manager,270200.0,0.05,124.8,Cloud (AWS/GCP)
578,2023,Product Manager,270200.0,0.05,124.8,Tableau
579,2019,Excel Analyst,158799.0,0.482,94.7,R
579,2019,Excel Analyst,158799.0,0.482,94.7,SQL
579,2019,Excel Analyst,158799.0,0.482,94.7,A/B Testing
580,2019,SQL Developer,176660.0,0.98,108.6,Cold Calling
580,2019,SQL Developer,176660.0,0.98,108.6,Basic SEO
580,2019,SQL Developer,176660.0,0.98,108.6,Prompt Engineering
580,2019,SQL Developer,176660.0,0.98,108.6,Tableau
580,2019,SQL Developer,176660.0,0.98,108.6,LLMs/GenAI
581,2023,Business Analyst,338057.0,0.565,145.9,Deep Learning
581,2023,Business Analyst,338057.0,0.565,145.9,MS Access
581,2023,Business Analyst,338057.0,0.565,145.9,A/B Testing
581,2023,Business Analyst,338057.0,0.565,145.9,Cloud (AWS/GCP)
581,2023,Business Analyst,338057.0,0.565,145.9,LLMs/GenAI
581,2023,Business Analyst,338057.0,0.565,145.9,Excel (Basic)
582,2024,SEO Specialist,140809.0,0.98,156.0,Tableau
582,2024,SEO Specialist,140809.0,0.98,156.0,Python
582,2024,SEO Specialist,140809.0,0.98,156.0,LLMs/GenAI
582,2024,SEO Specialist,140809.0,0.98,156.0,Excel (Basic)
582,2024,SEO Specialist,140809.0,0.98,156.0,Crystal Reports
583,2022,Data Scientist,229174.0,0.46,120.4,Deep Learning
583,2022,Data Scientist,229174.0,0.46,120.4,Cloud (AWS/GCP)
583,2022,Data Scientist,229174.0,0.46,120.4,Crystal Reports
584,2021,Data Scientist,288505.0,0.469,110.8,SQL
584,2021,Data Scientist,288505.0,0.469,110.8,R
584,2021,Data Scientist,288505.0,0.469,110.8,Machine Learning
584,2021,Data Scientist,288505.0,0.469,110.8,Cold Calling
585,2021,Financial Analyst,116954.0,0.98,112.7,Cold Calling
585,2021,Financial Analyst,116954.0,0.98,112.7,Crystal Reports
585,2021,Financial Analyst,116954.0,0.98,112.7,Machine Learning
585,2021,Financial Analyst,116954.0,0.98,112.7,Power BI
586,2024,IT Support Specialist,137030.0,0.98,102.4,dbt
586,2024,IT Support Specialist,137030.0,0.98,102.4,Python
586,2024,IT Support Specialist,137030.0,0.98,102.4,Manual Testing
586,2024,IT Support Specialist,137030.0,0.98,102.4,Cold Calling
587,2022,Digital Marketer,203012.0,0.98,126.5,Airflow
587,2022,Digital Marketer,203012.0,0.98,126.5,dbt
587,2022,Digital Marketer,203012.0,0.98,126.5,Excel (Basic)
587,2022,Digital Marketer,203012.0,0.98,126.5,Legacy VBA
587,2022,Digital Marketer,203012.0,0.98,126.5,Statistics
587,2022,Digital Marketer,203012.0,0.98,126.5,Tableau
588,2019,Accountant,170210.0,0.98,92.0,Manual Testing
588,2019,Accountant,170210.0,0.98,92.0,Data Entry
588,2019,Accountant,170210.0,0.98,92.0,R
588,2019,Accountant,170210.0,0.98,92.0,Basic SEO
588,2019,Accountant,170210.0,0.98,92.0,dbt
589,2020,Business Analyst,104037.0,0.98,118.9,Legacy VBA
589,2020,Business Analyst,104037.0,0.98,118.9,Excel (Basic)
589,2020,Business Analyst,104037.0,0.98,118.9,Basic SEO
590,2021,Data Scientist,127089.0,0.834,120.0,LLMs/GenAI
590,2021,Data Scientist,127089.0,0.834,120.0,Legacy VBA
590,2021,Data Scientist,127089.0,0.834,120.0,Prompt Engineering
590,2021,Data Scientist,127089.0,0.834,120.0,Manual Testing
591,2024,Accountant,338393.0,0.826,123.0,MS Access
591,2024,Accountant,338393.0,0.826,123.0,Excel (Basic)
591,2024,Accountant,338393.0,0.826,123.0,Vector Databases
591,2024,Accountant,338393.0,0.826,123.0,Machine Learning
591,2024,Accountant,338393.0,0.826,123.0,Deep Learning
591,2024,Accountant,338393.0,0.826,123.0,Prompt Engineering
592,2022,Data Scientist,273404.0,0.98,107.6,Statistics
592,2022,Data Scientist,273404.0,0.98,107.6,Spark/PySpark
592,2022,Data Scientist,273404.0,0.98,107.6,Cloud (AWS/GCP)
592,2022,Data Scientist,273404.0,0.98,107.6,Crystal Reports
592,2022,Data Scientist,273404.0,0.98,107.6,Copy-Paste Reporting
593,2023,QA Engineer,208801.0,0.98,125.0,Cloud (AWS/GCP)
593,2023,QA Engineer,208801.0,0.98,125.0,Excel (Basic)
593,2023,QA Engineer,208801.0,0.98,125.0,MS Access
594,2023,Data Scientist,284682.0,0.98,121.7,Manual Testing
594,2023,Data Scientist,284682.0,0.98,121.7,MLOps
594,2023,Data Scientist,284682.0,0.98,121.7,Kubernetes
594,2023,Data Scientist,284682.0,0.98,121.7,A/B Testing
594,2023,Data Scientist,284682.0,0.98,121.7,Excel (Basic)
594,2023,Data Scientist,284682.0,0.98,121.7,Copy-Paste Reporting
595,2020,Accountant,227713.0,0.98,105.3,Statistics
595,2020,Accountant,227713.0,0.98,105.3,COBOL
595,2020,Accountant,227713.0,0.98,105.3,LLMs/GenAI
595,2020,Accountant,227713.0,0.98,105.3,Manual Testing
595,2020,Accountant,227713.0,0.98,105.3,Airflow
595,2020,Accountant,227713.0,0.98,105.3,Crystal Reports
596,2020,Data Analyst,60362.0,0.98,106.2,MS Access
596,2020,Data Analyst,60362.0,0.98,106.2,Copy-Paste Reporting
596,2020,Data Analyst,60362.0,0.98,106.2,dbt
597,2022,QA Engineer,94717.0,0.98,90.1,Python
597,2022,QA Engineer,94717.0,0.98,90.1,Data Entry
597,2022,QA Engineer,94717.0,0.98,90.1,dbt
597,2022,QA Engineer,94717.0,0.98,90.1,Crystal Reports
598,2025,Data Scientist,261452.0,0.98,135.8,Cold Calling
598,2025,Data Scientist,261452.0,0.98,135.8,Python
598,2025,Data Scientist,261452.0,0.98,135.8,Cloud (AWS/GCP)
598,2025,Data Scientist,261452.0,0.98,135.8,Legacy VBA
598,2025,Data Scientist,261452.0,0.98,135.8,MLOps
599,2024,Financial Analyst,237990.0,0.98,154.2,MLOps
599,2024,Financial Analyst,237990.0,0.98,154.2,Basic SEO
599,2024,Financial Analyst,237990.0,0.98,154.2,Legacy VBA
599,2024,Financial Analyst,237990.0,0.98,154.2,Statistics
600,2025,Business Analyst,167944.0,0.842,162.2,Copy-Paste Reporting
600,2025,Business Analyst,167944.0,0.842,162.2,R
600,2025,Business Analyst,167944.0,0.842,162.2,MLOps
600,2025,Business Analyst,167944.0,0.842,162.2,Tableau
600,2025,Business Analyst,167944.0,0.842,162.2,Power BI
600,2025,Business Analyst,167944.0,0.842,162.2,Machine Learning
601,2021,Financial Analyst,142593.0,0.98,107.1,dbt
601,2021,Financial Analyst,142593.0,0.98,107.1,Excel (Basic)
601,2021,Financial Analyst,142593.0,0.98,107.1,Legacy VBA
602,2025,DevOps Engineer,119218.0,0.766,136.1,MLOps
602,2025,DevOps Engineer,119218.0,0.766,136.1,SQL
602,2025,DevOps Engineer,119218.0,0.766,136.1,Data Entry
603,2020,Financial Analyst,154470.0,0.98,97.2,Copy-Paste Reporting
603,2020,Financial Analyst,154470.0,0.98,97.2,COBOL
603,2020,Financial Analyst,154470.0,0.98,97.2,Cold Calling
604,2025,Cloud Architect,165762.0,0.05,139.8,Statistics
604,2025,Cloud Architect,165762.0,0.05,139.8,Airflow
604,2025,Cloud Architect,165762.0,0.05,139.8,Vector Databases
605,2021,SQL Developer,249981.0,0.517,108.2,Vector Databases
605,2021,SQL Developer,249981.0,0.517,108.2,COBOL
605,2021,SQL Developer,249981.0,0.517,108.2,Machine Learning
606,2019,IT Support Specialist,186344.0,0.725,96.4,dbt
606,2019,IT Support Specialist,186344.0,0.725,96.4,MLOps
606,2019,IT Support Specialist,186344.0,0.725,96.4,Statistics
606,2019,IT Support Specialist,186344.0,0.725,96.4,MS Access
607,2021,Cloud Architect,198969.0,0.3,111.1,dbt
607,2021,Cloud Architect,198969.0,0.3,111.1,MS Access
607,2021,Cloud Architect,198969.0,0.3,111.1,Machine Learning
607,2021,Cloud Architect,198969.0,0.3,111.1,Tableau
608,2025,Content Strategist,55153.0,0.98,161.1,Legacy VBA
608,2025,Content Strategist,55153.0,0.98,161.1,Copy-Paste Reporting
608,2025,Content Strategist,55153.0,0.98,161.1,Manual Testing
609,2021,IT Support Specialist,76443.0,0.98,106.4,Python
609,2021,IT Support Specialist,76443.0,0.98,106.4,Excel (Basic)
609,2021,IT Support Specialist,76443.0,0.98,106.4,Cold Calling
609,2021,IT Support Specialist,76443.0,0.98,106.4,Prompt Engineering
609,2021,IT Support Specialist,76443.0,0.98,106.4,Data Entry
610,2021,SQL Developer,142504.0,0.98,97.1,Cold Calling
610,2021,SQL Developer,142504.0,0.98,97.1,Tableau
610,2021,SQL Developer,142504.0,0.98,97.1,Legacy VBA
610,2021,SQL Developer,142504.0,0.98,97.1,Cloud (AWS/GCP)
610,2021,SQL Developer,142504.0,0.98,97.1,Kubernetes
611,2021,Machine Learning Engineer,144503.0,0.05,119.8,dbt
611,2021,Machine Learning Engineer,144503.0,0.05,119.8,R
611,2021,Machine Learning Engineer,144503.0,0.05,119.8,Vector Databases
612,2021,Data Engineer,266245.0,0.112,116.6,Deep Learning
612,2021,Data Engineer,266245.0,0.112,116.6,Prompt Engineering
612,2021,Data Engineer,266245.0,0.112,116.6,Manual Testing
612,2021,Data Engineer,266245.0,0.112,116.6,MLOps
613,2019,Data Engineer,130031.0,0.05,99.8,SQL
613,2019,Data Engineer,130031.0,0.05,99.8,Machine Learning
613,2019,Data Engineer,130031.0,0.05,99.8,Deep Learning
614,2020,Operations Analyst,246189.0,0.98,100.2,Prompt Engineering
614,2020,Operations Analyst,246189.0,0.98,100.2,MLOps
614,2020,Operations Analyst,246189.0,0.98,100.2,Basic SEO
614,2020,Operations Analyst,246189.0,0.98,100.2,dbt
614,2020,Operations Analyst,246189.0,0.98,100.2,Crystal Reports
615,2025,SEO Specialist,77468.0,0.98,140.9,Deep Learning
615,2025,SEO Specialist,77468.0,0.98,140.9,Basic SEO
615,2025,SEO Specialist,77468.0,0.98,140.9,COBOL
615,2025,SEO Specialist,77468.0,0.98,140.9,Crystal Reports
616,2022,AI Engineer,303117.0,0.98,129.1,Spark/PySpark
616,2022,AI Engineer,303117.0,0.98,129.1,Copy-Paste Reporting
616,2022,AI Engineer,303117.0,0.98,129.1,Manual Testing
616,2022,AI Engineer,303117.0,0.98,129.1,Kubernetes
617,2022,BI Developer,268974.0,0.168,116.6,Python
617,2022,BI Developer,268974.0,0.168,116.6,Deep Learning
617,2022,BI Developer,268974.0,0.168,116.6,Statistics
617,2022,BI Developer,268974.0,0.168,116.6,Cloud (AWS/GCP)
617,2022,BI Developer,268974.0,0.168,116.6,Vector Databases
617,2022,BI Developer,268974.0,0.168,116.6,COBOL
618,2020,AI Engineer,261385.0,0.369,113.7,A/B Testing
618,2020,AI Engineer,261385.0,0.369,113.7,Cloud (AWS/GCP)
618,2020,AI Engineer,261385.0,0.369,113.7,SQL
618,2020,AI Engineer,261385.0,0.369,113.7,Basic SEO
619,2019,Cloud Architect,318202.0,0.98,107.0,SQL
619,2019,Cloud Architect,318202.0,0.98,107.0,Excel (Basic)
619,2019,Cloud Architect,318202.0,0.98,107.0,Power BI
619,2019,Cloud Architect,318202.0,0.98,107.0,Airflow
619,2019,Cloud Architect,318202.0,0.98,107.0,Manual Testing
619,2019,Cloud Architect,318202.0,0.98,107.0,Cold Calling
620,2022,Software Developer,120090.0,0.98,114.4,COBOL
620,2022,Software Developer,120090.0,0.98,114.4,Power BI
620,2022,Software Developer,120090.0,0.98,114.4,Excel (Basic)
620,2022,Software Developer,120090.0,0.98,114.4,MLOps
620,2022,Software Developer,120090.0,0.98,114.4,R
620,2022,Software Developer,120090.0,0.98,114.4,Crystal Reports
621,2024,Supply Chain Analyst,72312.0,0.98,130.2,Excel (Basic)
621,2024,Supply Chain Analyst,72312.0,0.98,130.2,Manual Testing
621,2024,Supply Chain Analyst,72312.0,0.98,130.2,Tableau
622,2019,IT Support Specialist,69757.0,0.98,91.7,Manual Testing
622,2019,IT Support Specialist,69757.0,0.98,91.7,Cloud (AWS/GCP)
622,2019,IT Support Specialist,69757.0,0.98,91.7,Legacy VBA
623,2025,Software Developer,216705.0,0.744,159.8,dbt
623,2025,Software Developer,216705.0,0.744,159.8,Basic SEO
623,2025,Software Developer,216705.0,0.744,159.8,Spark/PySpark
624,2025,HR Analyst,94977.0,0.947,122.7,R
624,2025,HR Analyst,94977.0,0.947,122.7,Prompt Engineering
624,2025,HR Analyst,94977.0,0.947,122.7,SQL
624,2025,HR Analyst,94977.0,0.947,122.7,Manual Testing
624,2025,HR Analyst,94977.0,0.947,122.7,Excel (Basic)
624,2025,HR Analyst,94977.0,0.947,122.7,Tableau
625,2024,Cloud Architect,307778.0,0.98,165.9,Crystal Reports
625,2024,Cloud Architect,307778.0,0.98,165.9,Vector Databases
625,2024,Cloud Architect,307778.0,0.98,165.9,Deep Learning
625,2024,Cloud Architect,307778.0,0.98,165.9,Excel (Basic)
625,2024,Cloud Architect,307778.0,0.98,165.9,Python
625,2024,Cloud Architect,307778.0,0.98,165.9,Manual Testing
626,2022,Data Engineer,210314.0,0.578,129.6,Python
626,2022,Data Engineer,210314.0,0.578,129.6,Crystal Reports
626,2022,Data Engineer,210314.0,0.578,129.6,R
627,2021,Machine Learning Engineer,222950.0,0.98,116.5,Crystal Reports
627,2021,Machine Learning Engineer,222950.0,0.98,116.5,Excel (Basic)
627,2021,Machine Learning Engineer,222950.0,0.98,116.5,SQL
627,2021,Machine Learning Engineer,222950.0,0.98,116.5,Data Entry
627,2021,Machine Learning Engineer,222950.0,0.98,116.5,MLOps
627,2021,Machine Learning Engineer,222950.0,0.98,116.5,Copy-Paste Reporting
628,2022,QA Engineer,323482.0,0.098,92.7,Spark/PySpark
628,2022,QA Engineer,323482.0,0.098,92.7,dbt
628,2022,QA Engineer,323482.0,0.098,92.7,R
628,2022,QA Engineer,323482.0,0.098,92.7,SQL
628,2022,QA Engineer,323482.0,0.098,92.7,Vector Databases
628,2022,QA Engineer,323482.0,0.098,92.7,Power BI
629,2025,Supply Chain Analyst,128667.0,0.918,151.2,Data Entry
629,2025,Supply Chain Analyst,128667.0,0.918,151.2,Python
629,2025,Supply Chain Analyst,128667.0,0.918,151.2,Spark/PySpark
630,2022,Supply Chain Analyst,145417.0,0.98,119.6,Data Entry
630,2022,Supply Chain Analyst,145417.0,0.98,119.6,COBOL
630,2022,Supply Chain Analyst,145417.0,0.98,119.6,Power BI
630,2022,Supply Chain Analyst,145417.0,0.98,119.6,Copy-Paste Reporting
631,2025,Operations Analyst,231466.0,0.31,159.0,Tableau
631,2025,Operations Analyst,231466.0,0.31,159.0,A/B Testing
631,2025,Operations Analyst,231466.0,0.31,159.0,Power BI
631,2025,Operations Analyst,231466.0,0.31,159.0,R
632,2022,DevOps Engineer,137051.0,0.98,126.1,Excel (Basic)
632,2022,DevOps Engineer,137051.0,0.98,126.1,Statistics
632,2022,DevOps Engineer,137051.0,0.98,126.1,Copy-Paste Reporting
633,2024,Content Strategist,177862.0,0.953,118.5,Machine Learning
633,2024,Content Strategist,177862.0,0.953,118.5,Excel (Basic)
633,2024,Content Strategist,177862.0,0.953,118.5,Statistics
633,2024,Content Strategist,177862.0,0.953,118.5,Crystal Reports
633,2024,Content Strategist,177862.0,0.953,118.5,Vector Databases
634,2022,Operations Analyst,109381.0,0.556,118.5,Tableau
634,2022,Operations Analyst,109381.0,0.556,118.5,A/B Testing
634,2022,Operations Analyst,109381.0,0.556,118.5,Deep Learning
634,2022,Operations Analyst,109381.0,0.556,118.5,Manual Testing
634,2022,Operations Analyst,109381.0,0.556,118.5,Airflow
635,2024,Supply Chain Analyst,116396.0,0.98,110.0,Manual Testing
635,2024,Supply Chain Analyst,116396.0,0.98,110.0,Machine Learning
635,2024,Supply Chain Analyst,116396.0,0.98,110.0,MLOps
635,2024,Supply Chain Analyst,116396.0,0.98,110.0,R
635,2024,Supply Chain Analyst,116396.0,0.98,110.0,Cold Calling
636,2022,Content Strategist,276336.0,0.588,121.2,Vector Databases
636,2022,Content Strategist,276336.0,0.588,121.2,COBOL
636,2022,Content Strategist,276336.0,0.588,121.2,Prompt Engineering
636,2022,Content Strategist,276336.0,0.588,121.2,Basic SEO
636,2022,Content Strategist,276336.0,0.588,121.2,LLMs/GenAI
636,2022,Content Strategist,276336.0,0.588,121.2,Machine Learning
637,2023,Product Manager,177070.0,0.98,123.4,Data Entry
637,2023,Product Manager,177070.0,0.98,123.4,Statistics
637,2023,Product Manager,177070.0,0.98,123.4,Excel (Basic)
638,2019,Supply Chain Analyst,200956.0,0.829,102.5,Statistics
638,2019,Supply Chain Analyst,200956.0,0.829,102.5,Deep Learning
638,2019,Supply Chain Analyst,200956.0,0.829,102.5,Spark/PySpark
638,2019,Supply Chain Analyst,200956.0,0.829,102.5,A/B Testing
638,2019,Supply Chain Analyst,200956.0,0.829,102.5,Copy-Paste Reporting
639,2021,Data Engineer,353874.0,0.654,118.3,Python
639,2021,Data Engineer,353874.0,0.654,118.3,MS Access
639,2021,Data Engineer,353874.0,0.654,118.3,Cloud (AWS/GCP)
639,2021,Data Engineer,353874.0,0.654,118.3,Manual Testing
639,2021,Data Engineer,353874.0,0.654,118.3,LLMs/GenAI
640,2024,Data Engineer,308155.0,0.85,147.6,COBOL
640,2024,Data Engineer,308155.0,0.85,147.6,Crystal Reports
640,2024,Data Engineer,308155.0,0.85,147.6,Airflow
640,2024,Data Engineer,308155.0,0.85,147.6,Statistics
640,2024,Data Engineer,308155.0,0.85,147.6,LLMs/GenAI
641,2025,Business Analyst,134371.0,0.98,152.9,Basic SEO
641,2025,Business Analyst,134371.0,0.98,152.9,Statistics
641,2025,Business Analyst,134371.0,0.98,152.9,Cold Calling
641,2025,Business Analyst,134371.0,0.98,152.9,Power BI
642,2020,Supply Chain Analyst,191051.0,0.98,98.6,Machine Learning
642,2020,Supply Chain Analyst,191051.0,0.98,98.6,Data Entry
642,2020,Supply Chain Analyst,191051.0,0.98,98.6,Kubernetes
642,2020,Supply Chain Analyst,191051.0,0.98,98.6,Cold Calling
642,2020,Supply Chain Analyst,191051.0,0.98,98.6,Basic SEO
643,2020,IT Support Specialist,123186.0,0.98,109.6,MS Access
643,2020,IT Support Specialist,123186.0,0.98,109.6,Cold Calling
643,2020,IT Support Specialist,123186.0,0.98,109.6,R
643,2020,IT Support Specialist,123186.0,0.98,109.6,Airflow
643,2020,IT Support Specialist,123186.0,0.98,109.6,SQL
643,2020,IT Support Specialist,123186.0,0.98,109.6,Legacy VBA
644,2022,Statistician,142554.0,0.408,119.9,Prompt Engineering
644,2022,Statistician,142554.0,0.408,119.9,COBOL
644,2022,Statistician,142554.0,0.408,119.9,Tableau
645,2021,Content Strategist,69335.0,0.98,123.9,Copy-Paste Reporting
645,2021,Content Strategist,69335.0,0.98,123.9,Power BI
645,2021,Content Strategist,69335.0,0.98,123.9,Manual Testing
645,2021,Content Strategist,69335.0,0.98,123.9,Data Entry
645,2021,Content Strategist,69335.0,0.98,123.9,Kubernetes
646,2021,Machine Learning Engineer,204060.0,0.98,118.1,Cold Calling
646,2021,Machine Learning Engineer,204060.0,0.98,118.1,Legacy VBA
646,2021,Machine Learning Engineer,204060.0,0.98,118.1,MS Access
646,2021,Machine Learning Engineer,204060.0,0.98,118.1,Airflow
646,2021,Machine Learning Engineer,204060.0,0.98,118.1,COBOL
646,2021,Machine Learning Engineer,204060.0,0.98,118.1,Basic SEO
647,2020,Content Strategist,114693.0,0.98,104.2,Legacy VBA
647,2020,Content Strategist,114693.0,0.98,104.2,Python
647,2020,Content Strategist,114693.0,0.98,104.2,Basic SEO
648,2022,Machine Learning Engineer,394716.0,0.233,105.3,Airflow
648,2022,Machine Learning Engineer,394716.0,0.233,105.3,MS Access
648,2022,Machine Learning Engineer,394716.0,0.233,105.3,Prompt Engineering
648,2022,Machine Learning Engineer,394716.0,0.233,105.3,Kubernetes
648,2022,Machine Learning Engineer,394716.0,0.233,105.3,dbt
649,2023,Data Scientist,135520.0,0.449,144.1,Crystal Reports
649,2023,Data Scientist,135520.0,0.449,144.1,Cloud (AWS/GCP)
649,2023,Data Scientist,135520.0,0.449,144.1,Deep Learning
650,2020,Software Developer,285828.0,0.589,111.1,Kubernetes
650,2020,Software Developer,285828.0,0.589,111.1,Prompt Engineering
650,2020,Software Developer,285828.0,0.589,111.1,Tableau
650,2020,Software Developer,285828.0,0.589,111.1,Legacy VBA
651,2024,IT Support Specialist,220747.0,0.673,99.6,LLMs/GenAI
651,2024,IT Support Specialist,220747.0,0.673,99.6,Cold Calling
651,2024,IT Support Specialist,220747.0,0.673,99.6,Deep Learning
651,2024,IT Support Specialist,220747.0,0.673,99.6,Kubernetes
651,2024,IT Support Specialist,220747.0,0.673,99.6,Machine Learning
652,2021,Business Analyst,226051.0,0.172,123.8,Deep Learning
652,2021,Business Analyst,226051.0,0.172,123.8,Statistics
652,2021,Business Analyst,226051.0,0.172,123.8,dbt
652,2021,Business Analyst,226051.0,0.172,123.8,Manual Testing
652,2021,Business Analyst,226051.0,0.172,123.8,SQL
652,2021,Business Analyst,226051.0,0.172,123.8,LLMs/GenAI
653,2019,Data Engineer,257521.0,0.694,105.3,Tableau
653,2019,Data Engineer,257521.0,0.694,105.3,Crystal Reports
653,2019,Data Engineer,257521.0,0.694,105.3,Kubernetes
654,2019,Data Scientist,254916.0,0.738,101.4,Statistics
654,2019,Data Scientist,254916.0,0.738,101.4,Spark/PySpark
654,2019,Data Scientist,254916.0,0.738,101.4,Data Entry
655,2019,Supply Chain Analyst,181630.0,0.919,102.8,SQL
655,2019,Supply Chain Analyst,181630.0,0.919,102.8,Excel (Basic)
655,2019,Supply Chain Analyst,181630.0,0.919,102.8,Python
655,2019,Supply Chain Analyst,181630.0,0.919,102.8,A/B Testing
655,2019,Supply Chain Analyst,181630.0,0.919,102.8,Crystal Reports
656,2022,Digital Marketer,155409.0,0.98,128.6,Python
656,2022,Digital Marketer,155409.0,0.98,128.6,SQL
656,2022,Digital Marketer,155409.0,0.98,128.6,Crystal Reports
656,2022,Digital Marketer,155409.0,0.98,128.6,Basic SEO
657,2019,Financial Analyst,292425.0,0.574,103.0,SQL
657,2019,Financial Analyst,292425.0,0.574,103.0,Machine Learning
657,2019,Financial Analyst,292425.0,0.574,103.0,Data Entry
657,2019,Financial Analyst,292425.0,0.574,103.0,Deep Learning
657,2019,Financial Analyst,292425.0,0.574,103.0,Vector Databases
658,2021,Data Scientist,230236.0,0.52,108.8,R
658,2021,Data Scientist,230236.0,0.52,108.8,Machine Learning
658,2021,Data Scientist,230236.0,0.52,108.8,SQL
658,2021,Data Scientist,230236.0,0.52,108.8,Legacy VBA
659,2024,Software Developer,97359.0,0.98,125.1,Data Entry
659,2024,Software Developer,97359.0,0.98,125.1,Tableau
659,2024,Software Developer,97359.0,0.98,125.1,MS Access
660,2019,SQL Developer,113487.0,0.98,102.0,SQL
660,2019,SQL Developer,113487.0,0.98,102.0,Deep Learning
660,2019,SQL Developer,113487.0,0.98,102.0,COBOL
660,2019,SQL Developer,113487.0,0.98,102.0,R
660,2019,SQL Developer,113487.0,0.98,102.0,Data Entry
660,2019,SQL Developer,113487.0,0.98,102.0,Prompt Engineering
661,2025,IT Support Specialist,66729.0,0.98,81.4,MLOps
661,2025,IT Support Specialist,66729.0,0.98,81.4,COBOL
661,2025,IT Support Specialist,66729.0,0.98,81.4,MS Access
662,2019,SQL Developer,225711.0,0.98,102.6,MS Access
662,2019,SQL Developer,225711.0,0.98,102.6,Excel (Basic)
662,2019,SQL Developer,225711.0,0.98,102.6,Airflow
662,2019,SQL Developer,225711.0,0.98,102.6,Deep Learning
663,2020,Digital Marketer,64741.0,0.98,100.1,Airflow
663,2020,Digital Marketer,64741.0,0.98,100.1,Crystal Reports
663,2020,Digital Marketer,64741.0,0.98,100.1,Data Entry
664,2020,HR Analyst,115934.0,0.98,110.7,Manual Testing
664,2020,HR Analyst,115934.0,0.98,110.7,LLMs/GenAI
664,2020,HR Analyst,115934.0,0.98,110.7,Excel (Basic)
664,2020,HR Analyst,115934.0,0.98,110.7,Deep Learning
664,2020,HR Analyst,115934.0,0.98,110.7,Cloud (AWS/GCP)
664,2020,HR Analyst,115934.0,0.98,110.7,MS Access
665,2025,Accountant,126119.0,0.98,121.0,MLOps
665,2025,Accountant,126119.0,0.98,121.0,COBOL
665,2025,Accountant,126119.0,0.98,121.0,MS Access
665,2025,Accountant,126119.0,0.98,121.0,Legacy VBA
665,2025,Accountant,126119.0,0.98,121.0,SQL
665,2025,Accountant,126119.0,0.98,121.0,Copy-Paste Reporting
666,2024,Financial Analyst,282775.0,0.98,122.4,Cold Calling
666,2024,Financial Analyst,282775.0,0.98,122.4,Machine Learning
666,2024,Financial Analyst,282775.0,0.98,122.4,Excel (Basic)
666,2024,Financial Analyst,282775.0,0.98,122.4,LLMs/GenAI
667,2019,Statistician,151684.0,0.138,96.6,R
667,2019,Statistician,151684.0,0.138,96.6,LLMs/GenAI
667,2019,Statistician,151684.0,0.138,96.6,Tableau
667,2019,Statistician,151684.0,0.138,96.6,Airflow
667,2019,Statistician,151684.0,0.138,96.6,Excel (Basic)
668,2019,HR Analyst,217077.0,0.05,98.5,Statistics
668,2019,HR Analyst,217077.0,0.05,98.5,Deep Learning
668,2019,HR Analyst,217077.0,0.05,98.5,Python
669,2019,Operations Analyst,220931.0,0.98,100.0,Crystal Reports
669,2019,Operations Analyst,220931.0,0.98,100.0,Spark/PySpark
669,2019,Operations Analyst,220931.0,0.98,100.0,dbt
669,2019,Operations Analyst,220931.0,0.98,100.0,Basic SEO
669,2019,Operations Analyst,220931.0,0.98,100.0,Data Entry
669,2019,Operations Analyst,220931.0,0.98,100.0,Kubernetes
670,2022,Excel Analyst,101802.0,0.98,114.5,Crystal Reports
670,2022,Excel Analyst,101802.0,0.98,114.5,Statistics
670,2022,Excel Analyst,101802.0,0.98,114.5,Manual Testing
670,2022,Excel Analyst,101802.0,0.98,114.5,Deep Learning
671,2025,AI Engineer,284982.0,0.327,129.9,dbt
671,2025,AI Engineer,284982.0,0.327,129.9,Cloud (AWS/GCP)
671,2025,AI Engineer,284982.0,0.327,129.9,A/B Testing
671,2025,AI Engineer,284982.0,0.327,129.9,Manual Testing
672,2025,SEO Specialist,287170.0,0.205,158.8,Kubernetes
672,2025,SEO Specialist,287170.0,0.205,158.8,Machine Learning
672,2025,SEO Specialist,287170.0,0.205,158.8,dbt
672,2025,SEO Specialist,287170.0,0.205,158.8,Cloud (AWS/GCP)
673,2024,Digital Marketer,193977.0,0.855,127.4,Machine Learning
673,2024,Digital Marketer,193977.0,0.855,127.4,Data Entry
673,2024,Digital Marketer,193977.0,0.855,127.4,Vector Databases
674,2022,Statistician,186658.0,0.447,135.1,Cloud (AWS/GCP)
674,2022,Statistician,186658.0,0.447,135.1,MS Access
674,2022,Statistician,186658.0,0.447,135.1,Machine Learning
675,2020,BI Developer,105203.0,0.606,91.4,Deep Learning
675,2020,BI Developer,105203.0,0.606,91.4,Airflow
675,2020,BI Developer,105203.0,0.606,91.4,MS Access
676,2023,Cloud Architect,341919.0,0.524,118.1,Cold Calling
676,2023,Cloud Architect,341919.0,0.524,118.1,Cloud (AWS/GCP)
676,2023,Cloud Architect,341919.0,0.524,118.1,MLOps
676,2023,Cloud Architect,341919.0,0.524,118.1,Airflow
677,2024,QA Engineer,136048.0,0.65,133.6,Statistics
677,2024,QA Engineer,136048.0,0.65,133.6,Excel (Basic)
677,2024,QA Engineer,136048.0,0.65,133.6,Machine Learning
678,2020,SQL Developer,263579.0,0.98,103.1,Vector Databases
678,2020,SQL Developer,263579.0,0.98,103.1,Spark/PySpark
678,2020,SQL Developer,263579.0,0.98,103.1,Tableau
678,2020,SQL Developer,263579.0,0.98,103.1,MS Access
678,2020,SQL Developer,263579.0,0.98,103.1,dbt
678,2020,SQL Developer,263579.0,0.98,103.1,Data Entry
679,2021,SQL Developer,195036.0,0.223,113.0,Kubernetes
679,2021,SQL Developer,195036.0,0.223,113.0,Spark/PySpark
679,2021,SQL Developer,195036.0,0.223,113.0,Cloud (AWS/GCP)
680,2022,QA Engineer,124305.0,0.98,111.3,Manual Testing
680,2022,QA Engineer,124305.0,0.98,111.3,LLMs/GenAI
680,2022,QA Engineer,124305.0,0.98,111.3,COBOL
680,2022,QA Engineer,124305.0,0.98,111.3,Data Entry
680,2022,QA Engineer,124305.0,0.98,111.3,Excel (Basic)
681,2025,Excel Analyst,95282.0,0.98,80.2,Copy-Paste Reporting
681,2025,Excel Analyst,95282.0,0.98,80.2,dbt
681,2025,Excel Analyst,95282.0,0.98,80.2,Excel (Basic)
681,2025,Excel Analyst,95282.0,0.98,80.2,Statistics
681,2025,Excel Analyst,95282.0,0.98,80.2,Tableau
681,2025,Excel Analyst,95282.0,0.98,80.2,Kubernetes
682,2022,Product Manager,185661.0,0.98,124.1,Excel (Basic)
682,2022,Product Manager,185661.0,0.98,124.1,Airflow
682,2022,Product Manager,185661.0,0.98,124.1,Copy-Paste Reporting
682,2022,Product Manager,185661.0,0.98,124.1,Spark/PySpark
682,2022,Product Manager,185661.0,0.98,124.1,COBOL
682,2022,Product Manager,185661.0,0.98,124.1,Python
683,2019,Business Analyst,215451.0,0.51,98.4,A/B Testing
683,2019,Business Analyst,215451.0,0.51,98.4,SQL
683,2019,Business Analyst,215451.0,0.51,98.4,Statistics
683,2019,Business Analyst,215451.0,0.51,98.4,Crystal Reports
683,2019,Business Analyst,215451.0,0.51,98.4,Cloud (AWS/GCP)
683,2019,Business Analyst,215451.0,0.51,98.4,Tableau
684,2019,SEO Specialist,88525.0,0.945,95.7,Vector Databases
684,2019,SEO Specialist,88525.0,0.945,95.7,Prompt Engineering
684,2019,SEO Specialist,88525.0,0.945,95.7,Airflow
684,2019,SEO Specialist,88525.0,0.945,95.7,Data Entry
685,2019,Digital Marketer,119559.0,0.951,93.3,Tableau
685,2019,Digital Marketer,119559.0,0.951,93.3,Cold Calling
685,2019,Digital Marketer,119559.0,0.951,93.3,Spark/PySpark
686,2022,BI Developer,160109.0,0.741,126.3,SQL
686,2022,BI Developer,160109.0,0.741,126.3,Crystal Reports
686,2022,BI Developer,160109.0,0.741,126.3,MLOps
687,2021,QA Engineer,157605.0,0.98,115.9,COBOL
687,2021,QA Engineer,157605.0,0.98,115.9,Legacy VBA
687,2021,QA Engineer,157605.0,0.98,115.9,Deep Learning
687,2021,QA Engineer,157605.0,0.98,115.9,Manual Testing
688,2024,Business Analyst,231175.0,0.137,140.4,SQL
688,2024,Business Analyst,231175.0,0.137,140.4,Vector Databases
688,2024,Business Analyst,231175.0,0.137,140.4,Tableau
689,2021,DevOps Engineer,190326.0,0.05,94.1,Spark/PySpark
689,2021,DevOps Engineer,190326.0,0.05,94.1,MLOps
689,2021,DevOps Engineer,190326.0,0.05,94.1,Airflow
689,2021,DevOps Engineer,190326.0,0.05,94.1,R
690,2022,Product Manager,344726.0,0.508,118.9,Vector Databases
690,2022,Product Manager,344726.0,0.508,118.9,Kubernetes
690,2022,Product Manager,344726.0,0.508,118.9,A/B Testing
690,2022,Product Manager,344726.0,0.508,118.9,Legacy VBA
690,2022,Product Manager,344726.0,0.508,118.9,Power BI
691,2019,DevOps Engineer,178376.0,0.697,100.4,Statistics
691,2019,DevOps Engineer,178376.0,0.697,100.4,Crystal Reports
691,2019,DevOps Engineer,178376.0,0.697,100.4,R
692,2023,AI Engineer,337724.0,0.05,109.6,dbt
692,2023,AI Engineer,337724.0,0.05,109.6,Tableau
692,2023,AI Engineer,337724.0,0.05,109.6,Deep Learning
693,2020,AI Engineer,155675.0,0.98,103.3,Cloud (AWS/GCP)
693,2020,AI Engineer,155675.0,0.98,103.3,Crystal Reports
693,2020,AI Engineer,155675.0,0.98,103.3,Spark/PySpark
693,2020,AI Engineer,155675.0,0.98,103.3,Statistics
693,2020,AI Engineer,155675.0,0.98,103.3,Copy-Paste Reporting
694,2024,Data Analyst,178367.0,0.125,149.9,Statistics
694,2024,Data Analyst,178367.0,0.125,149.9,Vector Databases
694,2024,Data Analyst,178367.0,0.125,149.9,Power BI
694,2024,Data Analyst,178367.0,0.125,149.9,Tableau
695,2019,AI Engineer,176280.0,0.98,97.2,Basic SEO
695,2019,AI Engineer,176280.0,0.98,97.2,A/B Testing
695,2019,AI Engineer,176280.0,0.98,97.2,Data Entry
695,2019,AI Engineer,176280.0,0.98,97.2,MLOps
696,2021,HR Analyst,195916.0,0.765,119.0,Tableau
696,2021,HR Analyst,195916.0,0.765,119.0,Prompt Engineering
696,2021,HR Analyst,195916.0,0.765,119.0,Excel (Basic)
696,2021,HR Analyst,195916.0,0.765,119.0,Spark/PySpark
696,2021,HR Analyst,195916.0,0.765,119.0,Basic SEO
696,2021,HR Analyst,195916.0,0.765,119.0,LLMs/GenAI
697,2020,Digital Marketer,194277.0,0.05,109.8,Vector Databases
697,2020,Digital Marketer,194277.0,0.05,109.8,Prompt Engineering
697,2020,Digital Marketer,194277.0,0.05,109.8,Tableau
697,2020,Digital Marketer,194277.0,0.05,109.8,LLMs/GenAI
698,2020,Operations Analyst,144489.0,0.98,97.8,Basic SEO
698,2020,Operations Analyst,144489.0,0.98,97.8,Crystal Reports
698,2020,Operations Analyst,144489.0,0.98,97.8,Legacy VBA
698,2020,Operations Analyst,144489.0,0.98,97.8,COBOL
699,2020,Machine Learning Engineer,170861.0,0.05,107.4,Tableau
699,2020,Machine Learning Engineer,170861.0,0.05,107.4,Kubernetes
699,2020,Machine Learning Engineer,170861.0,0.05,107.4,Vector Databases
699,2020,Machine Learning Engineer,170861.0,0.05,107.4,LLMs/GenAI
700,2024,Business Analyst,235221.0,0.05,160.1,Tableau
700,2024,Business Analyst,235221.0,0.05,160.1,R
700,2024,Business Analyst,235221.0,0.05,160.1,LLMs/GenAI
700,2024,Business Analyst,235221.0,0.05,160.1,Prompt Engineering
700,2024,Business Analyst,235221.0,0.05,160.1,Cloud (AWS/GCP)
701,2022,Digital Marketer,113682.0,0.718,111.6,Python
701,2022,Digital Marketer,113682.0,0.718,111.6,MS Access
701,2022,Digital Marketer,113682.0,0.718,111.6,R
701,2022,Digital Marketer,113682.0,0.718,111.6,A/B Testing
702,2024,AI Engineer,285499.0,0.98,135.1,COBOL
702,2024,AI Engineer,285499.0,0.98,135.1,Excel (Basic)
702,2024,AI Engineer,285499.0,0.98,135.1,MS Access
702,2024,AI Engineer,285499.0,0.98,135.1,Tableau
703,2019,Product Manager,246596.0,0.05,98.4,Prompt Engineering
703,2019,Product Manager,246596.0,0.05,98.4,Python
703,2019,Product Manager,246596.0,0.05,98.4,SQL
704,2020,IT Support Specialist,97623.0,0.98,102.0,Manual Testing
704,2020,IT Support Specialist,97623.0,0.98,102.0,Data Entry
704,2020,IT Support Specialist,97623.0,0.98,102.0,dbt
705,2020,Statistician,158567.0,0.98,110.6,Legacy VBA
705,2020,Statistician,158567.0,0.98,110.6,Copy-Paste Reporting
705,2020,Statistician,158567.0,0.98,110.6,Deep Learning
705,2020,Statistician,158567.0,0.98,110.6,A/B Testing
705,2020,Statistician,158567.0,0.98,110.6,SQL
705,2020,Statistician,158567.0,0.98,110.6,dbt
706,2023,Accountant,249883.0,0.98,103.5,Spark/PySpark
706,2023,Accountant,249883.0,0.98,103.5,Crystal Reports
706,2023,Accountant,249883.0,0.98,103.5,Power BI
706,2023,Accountant,249883.0,0.98,103.5,Vector Databases
706,2023,Accountant,249883.0,0.98,103.5,SQL
706,2023,Accountant,249883.0,0.98,103.5,Cold Calling
707,2021,DevOps Engineer,178970.0,0.604,130.9,dbt
707,2021,DevOps Engineer,178970.0,0.604,130.9,MS Access
707,2021,DevOps Engineer,178970.0,0.604,130.9,Tableau
708,2022,IT Support Specialist,154154.0,0.98,95.9,Spark/PySpark
708,2022,IT Support Specialist,154154.0,0.98,95.9,Basic SEO
708,2022,IT Support Specialist,154154.0,0.98,95.9,Excel (Basic)
708,2022,IT Support Specialist,154154.0,0.98,95.9,Manual Testing
708,2022,IT Support Specialist,154154.0,0.98,95.9,Deep Learning
708,2022,IT Support Specialist,154154.0,0.98,95.9,Copy-Paste Reporting
709,2022,Content Strategist,194364.0,0.98,105.3,Deep Learning
709,2022,Content Strategist,194364.0,0.98,105.3,Python
709,2022,Content Strategist,194364.0,0.98,105.3,Power BI
709,2022,Content Strategist,194364.0,0.98,105.3,Data Entry
709,2022,Content Strategist,194364.0,0.98,105.3,Kubernetes
709,2022,Content Strategist,194364.0,0.98,105.3,COBOL
710,2022,Operations Analyst,217454.0,0.756,124.3,Basic SEO
710,2022,Operations Analyst,217454.0,0.756,124.3,SQL
710,2022,Operations Analyst,217454.0,0.756,124.3,Prompt Engineering
710,2022,Operations Analyst,217454.0,0.756,124.3,R
711,2025,AI Engineer,458627.0,0.711,133.4,Airflow
711,2025,AI Engineer,458627.0,0.711,133.4,Python
711,2025,AI Engineer,458627.0,0.711,133.4,COBOL
711,2025,AI Engineer,458627.0,0.711,133.4,Basic SEO
711,2025,AI Engineer,458627.0,0.711,133.4,Spark/PySpark
711,2025,AI Engineer,458627.0,0.711,133.4,Kubernetes
712,2024,HR Analyst,242724.0,0.98,113.1,LLMs/GenAI
712,2024,HR Analyst,242724.0,0.98,113.1,Statistics
712,2024,HR Analyst,242724.0,0.98,113.1,Crystal Reports
712,2024,HR Analyst,242724.0,0.98,113.1,Data Entry
712,2024,HR Analyst,242724.0,0.98,113.1,Airflow
712,2024,HR Analyst,242724.0,0.98,113.1,Python
713,2021,Digital Marketer,84378.0,0.98,117.3,Excel (Basic)
713,2021,Digital Marketer,84378.0,0.98,117.3,Power BI
713,2021,Digital Marketer,84378.0,0.98,117.3,Kubernetes
713,2021,Digital Marketer,84378.0,0.98,117.3,Data Entry
713,2021,Digital Marketer,84378.0,0.98,117.3,Legacy VBA
713,2021,Digital Marketer,84378.0,0.98,117.3,Statistics
714,2025,Machine Learning Engineer,267742.0,0.785,147.2,Copy-Paste Reporting
714,2025,Machine Learning Engineer,267742.0,0.785,147.2,Kubernetes
714,2025,Machine Learning Engineer,267742.0,0.785,147.2,LLMs/GenAI
715,2020,Cloud Architect,342447.0,0.05,107.2,Machine Learning
715,2020,Cloud Architect,342447.0,0.05,107.2,Kubernetes
715,2020,Cloud Architect,342447.0,0.05,107.2,Vector Databases
715,2020,Cloud Architect,342447.0,0.05,107.2,Power BI
716,2021,Business Analyst,148044.0,0.782,112.4,A/B Testing
716,2021,Business Analyst,148044.0,0.782,112.4,dbt
716,2021,Business Analyst,148044.0,0.782,112.4,Cold Calling
717,2025,Machine Learning Engineer,338963.0,0.98,129.2,Copy-Paste Reporting
717,2025,Machine Learning Engineer,338963.0,0.98,129.2,MLOps
717,2025,Machine Learning Engineer,338963.0,0.98,129.2,Basic SEO
717,2025,Machine Learning Engineer,338963.0,0.98,129.2,Legacy VBA
717,2025,Machine Learning Engineer,338963.0,0.98,129.2,COBOL
718,2024,Operations Analyst,221101.0,0.526,129.8,Basic SEO
718,2024,Operations Analyst,221101.0,0.526,129.8,Spark/PySpark
718,2024,Operations Analyst,221101.0,0.526,129.8,Python
718,2024,Operations Analyst,221101.0,0.526,129.8,A/B Testing
718,2024,Operations Analyst,221101.0,0.526,129.8,Prompt Engineering
719,2022,QA Engineer,176072.0,0.887,94.8,Spark/PySpark
719,2022,QA Engineer,176072.0,0.887,94.8,A/B Testing
719,2022,QA Engineer,176072.0,0.887,94.8,Airflow
719,2022,QA Engineer,176072.0,0.887,94.8,Basic SEO
720,2023,Accountant,225121.0,0.458,115.5,Power BI
720,2023,Accountant,225121.0,0.458,115.5,Tableau
720,2023,Accountant,225121.0,0.458,115.5,Deep Learning
721,2020,Data Analyst,180326.0,0.98,112.1,Spark/PySpark
721,2020,Data Analyst,180326.0,0.98,112.1,Basic SEO
721,2020,Data Analyst,180326.0,0.98,112.1,Tableau
721,2020,Data Analyst,180326.0,0.98,112.1,Manual Testing
721,2020,Data Analyst,180326.0,0.98,112.1,A/B Testing
722,2021,BI Developer,168818.0,0.98,105.1,Spark/PySpark
722,2021,BI Developer,168818.0,0.98,105.1,Copy-Paste Reporting
722,2021,BI Developer,168818.0,0.98,105.1,Crystal Reports
722,2021,BI Developer,168818.0,0.98,105.1,Airflow
723,2020,Data Engineer,110489.0,0.597,108.4,Python
723,2020,Data Engineer,110489.0,0.597,108.4,Cold Calling
723,2020,Data Engineer,110489.0,0.597,108.4,Statistics
724,2019,SQL Developer,99831.0,0.18,99.6,Statistics
724,2019,SQL Developer,99831.0,0.18,99.6,Cloud (AWS/GCP)
724,2019,SQL Developer,99831.0,0.18,99.6,Kubernetes
725,2021,Supply Chain Analyst,94082.0,0.955,106.9,Excel (Basic)
725,2021,Supply Chain Analyst,94082.0,0.955,106.9,dbt
725,2021,Supply Chain Analyst,94082.0,0.955,106.9,LLMs/GenAI
725,2021,Supply Chain Analyst,94082.0,0.955,106.9,Legacy VBA
726,2019,Data Engineer,223647.0,0.98,100.9,LLMs/GenAI
726,2019,Data Engineer,223647.0,0.98,100.9,Copy-Paste Reporting
726,2019,Data Engineer,223647.0,0.98,100.9,A/B Testing
726,2019,Data Engineer,223647.0,0.98,100.9,Cold Calling
726,2019,Data Engineer,223647.0,0.98,100.9,MS Access
727,2023,Financial Analyst,99630.0,0.84,114.7,A/B Testing
727,2023,Financial Analyst,99630.0,0.84,114.7,dbt
727,2023,Financial Analyst,99630.0,0.84,114.7,Crystal Reports
728,2021,BI Developer,205167.0,0.98,118.2,A/B Testing
728,2021,BI Developer,205167.0,0.98,118.2,Copy-Paste Reporting
728,2021,BI Developer,205167.0,0.98,118.2,Crystal Reports
728,2021,BI Developer,205167.0,0.98,118.2,Statistics
729,2023,BI Developer,234460.0,0.176,117.2,SQL
729,2023,BI Developer,234460.0,0.176,117.2,Power BI
729,2023,BI Developer,234460.0,0.176,117.2,dbt
729,2023,BI Developer,234460.0,0.176,117.2,A/B Testing
729,2023,BI Developer,234460.0,0.176,117.2,Airflow
730,2025,Cloud Architect,148310.0,0.98,132.2,Statistics
730,2025,Cloud Architect,148310.0,0.98,132.2,Cold Calling
730,2025,Cloud Architect,148310.0,0.98,132.2,Vector Databases
730,2025,Cloud Architect,148310.0,0.98,132.2,Crystal Reports
731,2024,Business Analyst,87775.0,0.119,150.1,SQL
731,2024,Business Analyst,87775.0,0.119,150.1,Prompt Engineering
731,2024,Business Analyst,87775.0,0.119,150.1,Tableau
732,2021,Supply Chain Analyst,251142.0,0.416,108.0,Prompt Engineering
732,2021,Supply Chain Analyst,251142.0,0.416,108.0,Power BI
732,2021,Supply Chain Analyst,251142.0,0.416,108.0,dbt
732,2021,Supply Chain Analyst,251142.0,0.416,108.0,Deep Learning
732,2021,Supply Chain Analyst,251142.0,0.416,108.0,Statistics
732,2021,Supply Chain Analyst,251142.0,0.416,108.0,Legacy VBA
733,2019,Supply Chain Analyst,248579.0,0.98,96.8,A/B Testing
733,2019,Supply Chain Analyst,248579.0,0.98,96.8,Legacy VBA
733,2019,Supply Chain Analyst,248579.0,0.98,96.8,Basic SEO
733,2019,Supply Chain Analyst,248579.0,0.98,96.8,Deep Learning
733,2019,Supply Chain Analyst,248579.0,0.98,96.8,Cloud (AWS/GCP)
733,2019,Supply Chain Analyst,248579.0,0.98,96.8,Spark/PySpark
734,2024,Financial Analyst,110439.0,0.98,115.2,dbt
734,2024,Financial Analyst,110439.0,0.98,115.2,MLOps
734,2024,Financial Analyst,110439.0,0.98,115.2,Manual Testing
734,2024,Financial Analyst,110439.0,0.98,115.2,Copy-Paste Reporting
734,2024,Financial Analyst,110439.0,0.98,115.2,SQL
735,2025,QA Engineer,208586.0,0.98,105.8,Cold Calling
735,2025,QA Engineer,208586.0,0.98,105.8,COBOL
735,2025,QA Engineer,208586.0,0.98,105.8,Data Entry
735,2025,QA Engineer,208586.0,0.98,105.8,SQL
735,2025,QA Engineer,208586.0,0.98,105.8,Vector Databases
736,2023,Software Developer,267489.0,0.755,129.4,Cold Calling
736,2023,Software Developer,267489.0,0.755,129.4,Tableau
736,2023,Software Developer,267489.0,0.755,129.4,Cloud (AWS/GCP)
736,2023,Software Developer,267489.0,0.755,129.4,Kubernetes
737,2020,HR Analyst,105547.0,0.765,102.5,Basic SEO
737,2020,HR Analyst,105547.0,0.765,102.5,Deep Learning
737,2020,HR Analyst,105547.0,0.765,102.5,Statistics
738,2020,Software Developer,291765.0,0.98,107.3,Manual Testing
738,2020,Software Developer,291765.0,0.98,107.3,Cloud (AWS/GCP)
738,2020,Software Developer,291765.0,0.98,107.3,Cold Calling
738,2020,Software Developer,291765.0,0.98,107.3,Deep Learning
738,2020,Software Developer,291765.0,0.98,107.3,Legacy VBA
739,2025,Digital Marketer,245417.0,0.778,142.6,Statistics
739,2025,Digital Marketer,245417.0,0.778,142.6,A/B Testing
739,2025,Digital Marketer,245417.0,0.778,142.6,Kubernetes
739,2025,Digital Marketer,245417.0,0.778,142.6,R
739,2025,Digital Marketer,245417.0,0.778,142.6,MLOps
739,2025,Digital Marketer,245417.0,0.778,142.6,Cold Calling
740,2025,Business Analyst,259023.0,0.893,121.4,MLOps
740,2025,Business Analyst,259023.0,0.893,121.4,SQL
740,2025,Business Analyst,259023.0,0.893,121.4,Tableau
740,2025,Business Analyst,259023.0,0.893,121.4,COBOL
740,2025,Business Analyst,259023.0,0.893,121.4,Machine Learning
740,2025,Business Analyst,259023.0,0.893,121.4,MS Access
741,2024,AI Engineer,206895.0,0.396,151.9,Prompt Engineering
741,2024,AI Engineer,206895.0,0.396,151.9,Crystal Reports
741,2024,AI Engineer,206895.0,0.396,151.9,SQL
741,2024,AI Engineer,206895.0,0.396,151.9,Statistics
742,2023,Supply Chain Analyst,285533.0,0.05,125.1,Statistics
742,2023,Supply Chain Analyst,285533.0,0.05,125.1,R
742,2023,Supply Chain Analyst,285533.0,0.05,125.1,LLMs/GenAI
742,2023,Supply Chain Analyst,285533.0,0.05,125.1,A/B Testing
742,2023,Supply Chain Analyst,285533.0,0.05,125.1,Machine Learning
742,2023,Supply Chain Analyst,285533.0,0.05,125.1,SQL
743,2023,Software Developer,346668.0,0.692,113.3,Machine Learning
743,2023,Software Developer,346668.0,0.692,113.3,Python
743,2023,Software Developer,346668.0,0.692,113.3,Excel (Basic)
743,2023,Software Developer,346668.0,0.692,113.3,Spark/PySpark
743,2023,Software Developer,346668.0,0.692,113.3,Basic SEO
744,2025,Product Manager,362112.0,0.98,119.3,Cloud (AWS/GCP)
744,2025,Product Manager,362112.0,0.98,119.3,Power BI
744,2025,Product Manager,362112.0,0.98,119.3,Vector Databases
744,2025,Product Manager,362112.0,0.98,119.3,COBOL
744,2025,Product Manager,362112.0,0.98,119.3,Basic SEO
744,2025,Product Manager,362112.0,0.98,119.3,Cold Calling
745,2020,Excel Analyst,78811.0,0.98,94.0,Crystal Reports
745,2020,Excel Analyst,78811.0,0.98,94.0,Deep Learning
745,2020,Excel Analyst,78811.0,0.98,94.0,Copy-Paste Reporting
746,2021,BI Developer,78466.0,0.98,107.7,Tableau
746,2021,BI Developer,78466.0,0.98,107.7,Legacy VBA
746,2021,BI Developer,78466.0,0.98,107.7,Copy-Paste Reporting
747,2023,QA Engineer,163844.0,0.711,104.1,MLOps
747,2023,QA Engineer,163844.0,0.711,104.1,SQL
747,2023,QA Engineer,163844.0,0.711,104.1,Excel (Basic)
748,2023,Machine Learning Engineer,279984.0,0.98,113.8,Statistics
748,2023,Machine Learning Engineer,279984.0,0.98,113.8,A/B Testing
748,2023,Machine Learning Engineer,279984.0,0.98,113.8,COBOL
748,2023,Machine Learning Engineer,279984.0,0.98,113.8,Cold Calling
748,2023,Machine Learning Engineer,279984.0,0.98,113.8,Legacy VBA
749,2023,AI Engineer,321256.0,0.823,114.1,Data Entry
749,2023,AI Engineer,321256.0,0.823,114.1,COBOL
749,2023,AI Engineer,321256.0,0.823,114.1,Deep Learning
749,2023,AI Engineer,321256.0,0.823,114.1,R
749,2023,AI Engineer,321256.0,0.823,114.1,dbt
749,2023,AI Engineer,321256.0,0.823,114.1,Prompt Engineering
750,2021,Financial Analyst,127617.0,0.98,110.5,Crystal Reports
750,2021,Financial Analyst,127617.0,0.98,110.5,Copy-Paste Reporting
750,2021,Financial Analyst,127617.0,0.98,110.5,Excel (Basic)
751,2021,Statistician,145049.0,0.405,106.8,Power BI
751,2021,Statistician,145049.0,0.405,106.8,dbt
751,2021,Statistician,145049.0,0.405,106.8,Vector Databases
751,2021,Statistician,145049.0,0.405,106.8,Deep Learning
751,2021,Statistician,145049.0,0.405,106.8,Data Entry
751,2021,Statistician,145049.0,0.405,106.8,Prompt Engineering
752,2021,QA Engineer,251309.0,0.98,111.1,SQL
752,2021,QA Engineer,251309.0,0.98,111.1,Kubernetes
752,2021,QA Engineer,251309.0,0.98,111.1,Manual Testing
752,2021,QA Engineer,251309.0,0.98,111.1,A/B Testing
752,2021,QA Engineer,251309.0,0.98,111.1,Tableau
752,2021,QA Engineer,251309.0,0.98,111.1,Legacy VBA
753,2020,Data Analyst,220299.0,0.98,94.3,dbt
753,2020,Data Analyst,220299.0,0.98,94.3,Legacy VBA
753,2020,Data Analyst,220299.0,0.98,94.3,MS Access
753,2020,Data Analyst,220299.0,0.98,94.3,Tableau
753,2020,Data Analyst,220299.0,0.98,94.3,Kubernetes
753,2020,Data Analyst,220299.0,0.98,94.3,Data Entry
754,2023,QA Engineer,293044.0,0.253,96.0,Vector Databases
754,2023,QA Engineer,293044.0,0.253,96.0,Tableau
754,2023,QA Engineer,293044.0,0.253,96.0,Spark/PySpark
754,2023,QA Engineer,293044.0,0.253,96.0,Airflow
755,2024,AI Engineer,285178.0,0.98,134.0,Data Entry
755,2024,AI Engineer,285178.0,0.98,134.0,dbt
755,2024,AI Engineer,285178.0,0.98,134.0,Copy-Paste Reporting
756,2025,AI Engineer,246312.0,0.05,125.1,SQL
756,2025,AI Engineer,246312.0,0.05,125.1,Airflow
756,2025,AI Engineer,246312.0,0.05,125.1,Cloud (AWS/GCP)
756,2025,AI Engineer,246312.0,0.05,125.1,Spark/PySpark
757,2020,AI Engineer,383545.0,0.213,105.1,Power BI
757,2020,AI Engineer,383545.0,0.213,105.1,Data Entry
757,2020,AI Engineer,383545.0,0.213,105.1,Machine Learning
757,2020,AI Engineer,383545.0,0.213,105.1,dbt
757,2020,AI Engineer,383545.0,0.213,105.1,LLMs/GenAI
757,2020,AI Engineer,383545.0,0.213,105.1,Kubernetes
758,2021,Statistician,354773.0,0.38,110.1,COBOL
758,2021,Statistician,354773.0,0.38,110.1,Python
758,2021,Statistician,354773.0,0.38,110.1,Machine Learning
758,2021,Statistician,354773.0,0.38,110.1,Deep Learning
758,2021,Statistician,354773.0,0.38,110.1,MLOps
758,2021,Statistician,354773.0,0.38,110.1,Manual Testing
759,2019,QA Engineer,151863.0,0.98,103.4,Airflow
759,2019,QA Engineer,151863.0,0.98,103.4,Cloud (AWS/GCP)
759,2019,QA Engineer,151863.0,0.98,103.4,Excel (Basic)
759,2019,QA Engineer,151863.0,0.98,103.4,MS Access
760,2019,Content Strategist,267856.0,0.83,102.3,Deep Learning
760,2019,Content Strategist,267856.0,0.83,102.3,Airflow
760,2019,Content Strategist,267856.0,0.83,102.3,Manual Testing
760,2019,Content Strategist,267856.0,0.83,102.3,Cloud (AWS/GCP)
760,2019,Content Strategist,267856.0,0.83,102.3,MLOps
760,2019,Content Strategist,267856.0,0.83,102.3,MS Access
761,2024,Software Developer,206245.0,0.05,137.9,Cloud (AWS/GCP)
761,2024,Software Developer,206245.0,0.05,137.9,LLMs/GenAI
761,2024,Software Developer,206245.0,0.05,137.9,dbt
761,2024,Software Developer,206245.0,0.05,137.9,Kubernetes
762,2021,Financial Analyst,107312.0,0.586,115.8,Crystal Reports
762,2021,Financial Analyst,107312.0,0.586,115.8,Cloud (AWS/GCP)
762,2021,Financial Analyst,107312.0,0.586,115.8,MLOps
762,2021,Financial Analyst,107312.0,0.586,115.8,R
762,2021,Financial Analyst,107312.0,0.586,115.8,Power BI
763,2020,Statistician,138704.0,0.98,99.4,Basic SEO
763,2020,Statistician,138704.0,0.98,99.4,Prompt Engineering
763,2020,Statistician,138704.0,0.98,99.4,Python
763,2020,Statistician,138704.0,0.98,99.4,Data Entry
763,2020,Statistician,138704.0,0.98,99.4,Manual Testing
764,2024,Supply Chain Analyst,125236.0,0.98,141.6,Prompt Engineering
764,2024,Supply Chain Analyst,125236.0,0.98,141.6,Data Entry
764,2024,Supply Chain Analyst,125236.0,0.98,141.6,Crystal Reports
764,2024,Supply Chain Analyst,125236.0,0.98,141.6,Vector Databases
764,2024,Supply Chain Analyst,125236.0,0.98,141.6,Legacy VBA
764,2024,Supply Chain Analyst,125236.0,0.98,141.6,Cloud (AWS/GCP)
765,2020,IT Support Specialist,190282.0,0.98,95.8,Prompt Engineering
765,2020,IT Support Specialist,190282.0,0.98,95.8,Deep Learning
765,2020,IT Support Specialist,190282.0,0.98,95.8,Basic SEO
765,2020,IT Support Specialist,190282.0,0.98,95.8,Cold Calling
765,2020,IT Support Specialist,190282.0,0.98,95.8,Airflow
766,2025,BI Developer,237902.0,0.98,168.4,Kubernetes
766,2025,BI Developer,237902.0,0.98,168.4,Copy-Paste Reporting
766,2025,BI Developer,237902.0,0.98,168.4,Deep Learning
767,2022,Digital Marketer,164878.0,0.98,119.1,Basic SEO
767,2022,Digital Marketer,164878.0,0.98,119.1,LLMs/GenAI
767,2022,Digital Marketer,164878.0,0.98,119.1,Crystal Reports
768,2019,DevOps Engineer,255409.0,0.98,101.3,Tableau
768,2019,DevOps Engineer,255409.0,0.98,101.3,Crystal Reports
768,2019,DevOps Engineer,255409.0,0.98,101.3,Python
768,2019,DevOps Engineer,255409.0,0.98,101.3,Cold Calling
768,2019,DevOps Engineer,255409.0,0.98,101.3,Machine Learning
769,2020,HR Analyst,254645.0,0.98,106.1,dbt
769,2020,HR Analyst,254645.0,0.98,106.1,Data Entry
769,2020,HR Analyst,254645.0,0.98,106.1,Prompt Engineering
769,2020,HR Analyst,254645.0,0.98,106.1,MLOps
769,2020,HR Analyst,254645.0,0.98,106.1,Excel (Basic)
769,2020,HR Analyst,254645.0,0.98,106.1,Deep Learning
770,2020,Content Strategist,105171.0,0.98,109.0,Tableau
770,2020,Content Strategist,105171.0,0.98,109.0,Statistics
770,2020,Content Strategist,105171.0,0.98,109.0,Copy-Paste Reporting
770,2020,Content Strategist,105171.0,0.98,109.0,MS Access
770,2020,Content Strategist,105171.0,0.98,109.0,Spark/PySpark
771,2024,Financial Analyst,204609.0,0.089,130.8,Power BI
771,2024,Financial Analyst,204609.0,0.089,130.8,Vector Databases
771,2024,Financial Analyst,204609.0,0.089,130.8,LLMs/GenAI
772,2022,Financial Analyst,165351.0,0.055,129.1,Deep Learning
772,2022,Financial Analyst,165351.0,0.055,129.1,Tableau
772,2022,Financial Analyst,165351.0,0.055,129.1,dbt
772,2022,Financial Analyst,165351.0,0.055,129.1,Kubernetes
773,2020,Business Analyst,285403.0,0.05,100.4,Spark/PySpark
773,2020,Business Analyst,285403.0,0.05,100.4,Deep Learning
773,2020,Business Analyst,285403.0,0.05,100.4,Vector Databases
773,2020,Business Analyst,285403.0,0.05,100.4,LLMs/GenAI
773,2020,Business Analyst,285403.0,0.05,100.4,Excel (Basic)
774,2024,Content Strategist,154052.0,0.888,123.4,Airflow
774,2024,Content Strategist,154052.0,0.888,123.4,Crystal Reports
774,2024,Content Strategist,154052.0,0.888,123.4,dbt
775,2025,Statistician,174213.0,0.98,124.9,Power BI
775,2025,Statistician,174213.0,0.98,124.9,Copy-Paste Reporting
775,2025,Statistician,174213.0,0.98,124.9,dbt
775,2025,Statistician,174213.0,0.98,124.9,Manual Testing
776,2025,AI Engineer,279343.0,0.05,147.1,COBOL
776,2025,AI Engineer,279343.0,0.05,147.1,Spark/PySpark
776,2025,AI Engineer,279343.0,0.05,147.1,Python
776,2025,AI Engineer,279343.0,0.05,147.1,Prompt Engineering
776,2025,AI Engineer,279343.0,0.05,147.1,Kubernetes
776,2025,AI Engineer,279343.0,0.05,147.1,Airflow
777,2020,DevOps Engineer,272847.0,0.98,103.8,Statistics
777,2020,DevOps Engineer,272847.0,0.98,103.8,Spark/PySpark
777,2020,DevOps Engineer,272847.0,0.98,103.8,Copy-Paste Reporting
778,2024,Software Developer,237017.0,0.05,154.8,Deep Learning
778,2024,Software Developer,237017.0,0.05,154.8,Cloud (AWS/GCP)
778,2024,Software Developer,237017.0,0.05,154.8,R
778,2024,Software Developer,237017.0,0.05,154.8,Machine Learning
778,2024,Software Developer,237017.0,0.05,154.8,MLOps
779,2022,DevOps Engineer,290831.0,0.552,119.9,Kubernetes
779,2022,DevOps Engineer,290831.0,0.552,119.9,A/B Testing
779,2022,DevOps Engineer,290831.0,0.552,119.9,Manual Testing
780,2022,Supply Chain Analyst,174936.0,0.355,107.8,Excel (Basic)
780,2022,Supply Chain Analyst,174936.0,0.355,107.8,LLMs/GenAI
780,2022,Supply Chain Analyst,174936.0,0.355,107.8,Kubernetes
781,2022,Cloud Architect,339243.0,0.428,112.0,Crystal Reports
781,2022,Cloud Architect,339243.0,0.428,112.0,A/B Testing
781,2022,Cloud Architect,339243.0,0.428,112.0,Power BI
781,2022,Cloud Architect,339243.0,0.428,112.0,Spark/PySpark
781,2022,Cloud Architect,339243.0,0.428,112.0,Kubernetes
782,2019,Data Engineer,269394.0,0.98,105.5,Prompt Engineering
782,2019,Data Engineer,269394.0,0.98,105.5,Kubernetes
782,2019,Data Engineer,269394.0,0.98,105.5,Manual Testing
782,2019,Data Engineer,269394.0,0.98,105.5,Cold Calling
782,2019,Data Engineer,269394.0,0.98,105.5,Basic SEO
782,2019,Data Engineer,269394.0,0.98,105.5,A/B Testing
783,2020,Cloud Architect,385260.0,0.339,105.8,Machine Learning
783,2020,Cloud Architect,385260.0,0.339,105.8,dbt
783,2020,Cloud Architect,385260.0,0.339,105.8,Spark/PySpark
783,2020,Cloud Architect,385260.0,0.339,105.8,Copy-Paste Reporting
783,2020,Cloud Architect,385260.0,0.339,105.8,Airflow
783,2020,Cloud Architect,385260.0,0.339,105.8,LLMs/GenAI
784,2021,BI Developer,258439.0,0.502,116.2,Machine Learning
784,2021,BI Developer,258439.0,0.502,116.2,Tableau
784,2021,BI Developer,258439.0,0.502,116.2,Vector Databases
784,2021,BI Developer,258439.0,0.502,116.2,Crystal Reports
784,2021,BI Developer,258439.0,0.502,116.2,R
784,2021,BI Developer,258439.0,0.502,116.2,Statistics
785,2019,Product Manager,154417.0,0.779,106.1,dbt
785,2019,Product Manager,154417.0,0.779,106.1,Copy-Paste Reporting
785,2019,Product Manager,154417.0,0.779,106.1,Prompt Engineering
786,2020,Product Manager,274366.0,0.914,108.4,Excel (Basic)
786,2020,Product Manager,274366.0,0.914,108.4,Python
786,2020,Product Manager,274366.0,0.914,108.4,A/B Testing
786,2020,Product Manager,274366.0,0.914,108.4,Cold Calling
787,2022,Data Scientist,184081.0,0.307,112.1,Python
787,2022,Data Scientist,184081.0,0.307,112.1,Prompt Engineering
787,2022,Data Scientist,184081.0,0.307,112.1,Legacy VBA
787,2022,Data Scientist,184081.0,0.307,112.1,Cloud (AWS/GCP)
787,2022,Data Scientist,184081.0,0.307,112.1,SQL
788,2019,Cloud Architect,156236.0,0.98,105.6,Basic SEO
788,2019,Cloud Architect,156236.0,0.98,105.6,Crystal Reports
788,2019,Cloud Architect,156236.0,0.98,105.6,Legacy VBA
788,2019,Cloud Architect,156236.0,0.98,105.6,Statistics
788,2019,Cloud Architect,156236.0,0.98,105.6,Tableau
788,2019,Cloud Architect,156236.0,0.98,105.6,Data Entry
789,2023,Supply Chain Analyst,110291.0,0.98,139.9,MLOps
789,2023,Supply Chain Analyst,110291.0,0.98,139.9,MS Access
789,2023,Supply Chain Analyst,110291.0,0.98,139.9,Basic SEO
789,2023,Supply Chain Analyst,110291.0,0.98,139.9,Excel (Basic)
789,2023,Supply Chain Analyst,110291.0,0.98,139.9,Spark/PySpark
789,2023,Supply Chain Analyst,110291.0,0.98,139.9,dbt
790,2025,HR Analyst,111063.0,0.867,123.7,R
790,2025,HR Analyst,111063.0,0.867,123.7,Manual Testing
790,2025,HR Analyst,111063.0,0.867,123.7,SQL
791,2021,BI Developer,135720.0,0.98,112.6,Copy-Paste Reporting
791,2021,BI Developer,135720.0,0.98,112.6,dbt
791,2021,BI Developer,135720.0,0.98,112.6,LLMs/GenAI
792,2022,AI Engineer,196546.0,0.98,117.2,COBOL
792,2022,AI Engineer,196546.0,0.98,117.2,Power BI
792,2022,AI Engineer,196546.0,0.98,117.2,MS Access
792,2022,AI Engineer,196546.0,0.98,117.2,Prompt Engineering
792,2022,AI Engineer,196546.0,0.98,117.2,Legacy VBA
792,2022,AI Engineer,196546.0,0.98,117.2,Manual Testing
793,2024,Machine Learning Engineer,269494.0,0.645,129.1,Tableau
793,2024,Machine Learning Engineer,269494.0,0.645,129.1,SQL
793,2024,Machine Learning Engineer,269494.0,0.645,129.1,Statistics
793,2024,Machine Learning Engineer,269494.0,0.645,129.1,Kubernetes
793,2024,Machine Learning Engineer,269494.0,0.645,129.1,Excel (Basic)
793,2024,Machine Learning Engineer,269494.0,0.645,129.1,Manual Testing
794,2025,QA Engineer,271896.0,0.701,135.6,Data Entry
794,2025,QA Engineer,271896.0,0.701,135.6,Power BI
794,2025,QA Engineer,271896.0,0.701,135.6,Deep Learning
794,2025,QA Engineer,271896.0,0.701,135.6,Machine Learning
794,2025,QA Engineer,271896.0,0.701,135.6,A/B Testing
794,2025,QA Engineer,271896.0,0.701,135.6,MLOps
795,2024,Excel Analyst,111406.0,0.494,89.1,Prompt Engineering
795,2024,Excel Analyst,111406.0,0.494,89.1,Tableau
795,2024,Excel Analyst,111406.0,0.494,89.1,Power BI
796,2025,Digital Marketer,180840.0,0.723,141.5,Basic SEO
796,2025,Digital Marketer,180840.0,0.723,141.5,Airflow
796,2025,Digital Marketer,180840.0,0.723,141.5,A/B Testing
796,2025,Digital Marketer,180840.0,0.723,141.5,Power BI
796,2025,Digital Marketer,180840.0,0.723,141.5,Prompt Engineering
797,2023,Data Scientist,131500.0,0.98,131.3,Power BI
797,2023,Data Scientist,131500.0,0.98,131.3,Cloud (AWS/GCP)
797,2023,Data Scientist,131500.0,0.98,131.3,Tableau
797,2023,Data Scientist,131500.0,0.98,131.3,Legacy VBA
797,2023,Data Scientist,131500.0,0.98,131.3,MS Access
797,2023,Data Scientist,131500.0,0.98,131.3,Excel (Basic)
798,2021,Statistician,209867.0,0.98,110.0,Cloud (AWS/GCP)
798,2021,Statistician,209867.0,0.98,110.0,MS Access
798,2021,Statistician,209867.0,0.98,110.0,Legacy VBA
799,2025,BI Developer,254480.0,0.98,152.8,Crystal Reports
799,2025,BI Developer,254480.0,0.98,152.8,Prompt Engineering
799,2025,BI Developer,254480.0,0.98,152.8,MLOps
799,2025,BI Developer,254480.0,0.98,152.8,Excel (Basic)
799,2025,BI Developer,254480.0,0.98,152.8,MS Access
799,2025,BI Developer,254480.0,0.98,152.8,Tableau
800,2022,Accountant,173860.0,0.98,114.1,LLMs/GenAI
800,2022,Accountant,173860.0,0.98,114.1,Deep Learning
800,2022,Accountant,173860.0,0.98,114.1,MS Access
800,2022,Accountant,173860.0,0.98,114.1,Manual Testing
801,2024,Machine Learning Engineer,315497.0,0.05,115.9,SQL
801,2024,Machine Learning Engineer,315497.0,0.05,115.9,Cloud (AWS/GCP)
801,2024,Machine Learning Engineer,315497.0,0.05,115.9,Python
802,2022,IT Support Specialist,132774.0,0.98,126.6,Manual Testing
802,2022,IT Support Specialist,132774.0,0.98,126.6,Basic SEO
802,2022,IT Support Specialist,132774.0,0.98,126.6,Vector Databases
802,2022,IT Support Specialist,132774.0,0.98,126.6,Crystal Reports
802,2022,IT Support Specialist,132774.0,0.98,126.6,Legacy VBA
803,2024,Software Developer,229695.0,0.55,114.9,Python
803,2024,Software Developer,229695.0,0.55,114.9,dbt
803,2024,Software Developer,229695.0,0.55,114.9,Cloud (AWS/GCP)
803,2024,Software Developer,229695.0,0.55,114.9,Basic SEO
804,2020,Data Analyst,78821.0,0.98,117.6,Power BI
804,2020,Data Analyst,78821.0,0.98,117.6,Basic SEO
804,2020,Data Analyst,78821.0,0.98,117.6,Data Entry
804,2020,Data Analyst,78821.0,0.98,117.6,Copy-Paste Reporting
805,2020,Data Scientist,273546.0,0.057,111.5,Power BI
805,2020,Data Scientist,273546.0,0.057,111.5,Python
805,2020,Data Scientist,273546.0,0.057,111.5,Cloud (AWS/GCP)
805,2020,Data Scientist,273546.0,0.057,111.5,LLMs/GenAI
805,2020,Data Scientist,273546.0,0.057,111.5,Spark/PySpark
805,2020,Data Scientist,273546.0,0.057,111.5,Crystal Reports
806,2022,Digital Marketer,85610.0,0.98,132.7,dbt
806,2022,Digital Marketer,85610.0,0.98,132.7,Prompt Engineering
806,2022,Digital Marketer,85610.0,0.98,132.7,Excel (Basic)
806,2022,Digital Marketer,85610.0,0.98,132.7,Basic SEO
807,2019,Cloud Architect,123453.0,0.98,105.2,Copy-Paste Reporting
807,2019,Cloud Architect,123453.0,0.98,105.2,Statistics
807,2019,Cloud Architect,123453.0,0.98,105.2,MS Access
807,2019,Cloud Architect,123453.0,0.98,105.2,Excel (Basic)
807,2019,Cloud Architect,123453.0,0.98,105.2,Manual Testing
807,2019,Cloud Architect,123453.0,0.98,105.2,R
808,2019,Digital Marketer,229822.0,0.463,99.8,Airflow
808,2019,Digital Marketer,229822.0,0.463,99.8,Crystal Reports
808,2019,Digital Marketer,229822.0,0.463,99.8,Machine Learning
808,2019,Digital Marketer,229822.0,0.463,99.8,A/B Testing
808,2019,Digital Marketer,229822.0,0.463,99.8,Python
808,2019,Digital Marketer,229822.0,0.463,99.8,Power BI
809,2023,Data Scientist,166804.0,0.98,124.7,Statistics
809,2023,Data Scientist,166804.0,0.98,124.7,Manual Testing
809,2023,Data Scientist,166804.0,0.98,124.7,Data Entry
810,2024,QA Engineer,116548.0,0.329,108.7,Statistics
810,2024,QA Engineer,116548.0,0.329,108.7,Vector Databases
810,2024,QA Engineer,116548.0,0.329,108.7,Tableau
810,2024,QA Engineer,116548.0,0.329,108.7,Airflow
811,2023,Supply Chain Analyst,152258.0,0.98,146.3,Prompt Engineering
811,2023,Supply Chain Analyst,152258.0,0.98,146.3,MS Access
811,2023,Supply Chain Analyst,152258.0,0.98,146.3,Crystal Reports
811,2023,Supply Chain Analyst,152258.0,0.98,146.3,SQL
812,2025,Supply Chain Analyst,185255.0,0.98,150.2,Prompt Engineering
812,2025,Supply Chain Analyst,185255.0,0.98,150.2,Crystal Reports
812,2025,Supply Chain Analyst,185255.0,0.98,150.2,MS Access
812,2025,Supply Chain Analyst,185255.0,0.98,150.2,Deep Learning
813,2020,BI Developer,168467.0,0.35,101.9,Cloud (AWS/GCP)
813,2020,BI Developer,168467.0,0.35,101.9,COBOL
813,2020,BI Developer,168467.0,0.35,101.9,Power BI
813,2020,BI Developer,168467.0,0.35,101.9,Statistics
813,2020,BI Developer,168467.0,0.35,101.9,Prompt Engineering
813,2020,BI Developer,168467.0,0.35,101.9,Airflow
814,2019,Data Analyst,143417.0,0.98,106.9,LLMs/GenAI
814,2019,Data Analyst,143417.0,0.98,106.9,Basic SEO
814,2019,Data Analyst,143417.0,0.98,106.9,Copy-Paste Reporting
814,2019,Data Analyst,143417.0,0.98,106.9,A/B Testing
815,2019,Cloud Architect,294238.0,0.05,97.5,Cloud (AWS/GCP)
815,2019,Cloud Architect,294238.0,0.05,97.5,R
815,2019,Cloud Architect,294238.0,0.05,97.5,Airflow
815,2019,Cloud Architect,294238.0,0.05,97.5,Statistics
816,2021,DevOps Engineer,103298.0,0.98,116.2,Copy-Paste Reporting
816,2021,DevOps Engineer,103298.0,0.98,116.2,Crystal Reports
816,2021,DevOps Engineer,103298.0,0.98,116.2,A/B Testing
816,2021,DevOps Engineer,103298.0,0.98,116.2,Manual Testing
817,2024,Business Analyst,133837.0,0.98,152.8,COBOL
817,2024,Business Analyst,133837.0,0.98,152.8,Manual Testing
817,2024,Business Analyst,133837.0,0.98,152.8,Copy-Paste Reporting
818,2025,SEO Specialist,79503.0,0.98,163.1,Data Entry
818,2025,SEO Specialist,79503.0,0.98,163.1,Cloud (AWS/GCP)
818,2025,SEO Specialist,79503.0,0.98,163.1,Copy-Paste Reporting
818,2025,SEO Specialist,79503.0,0.98,163.1,dbt
819,2020,Product Manager,275240.0,0.94,107.3,MS Access
819,2020,Product Manager,275240.0,0.94,107.3,Cloud (AWS/GCP)
819,2020,Product Manager,275240.0,0.94,107.3,Spark/PySpark
819,2020,Product Manager,275240.0,0.94,107.3,Data Entry
819,2020,Product Manager,275240.0,0.94,107.3,Vector Databases
819,2020,Product Manager,275240.0,0.94,107.3,MLOps
820,2019,SQL Developer,183322.0,0.98,102.4,Basic SEO
820,2019,SQL Developer,183322.0,0.98,102.4,COBOL
820,2019,SQL Developer,183322.0,0.98,102.4,Statistics
820,2019,SQL Developer,183322.0,0.98,102.4,MLOps
821,2020,Data Scientist,192926.0,0.98,111.9,Data Entry
821,2020,Data Scientist,192926.0,0.98,111.9,Legacy VBA
821,2020,Data Scientist,192926.0,0.98,111.9,Airflow
821,2020,Data Scientist,192926.0,0.98,111.9,Spark/PySpark
821,2020,Data Scientist,192926.0,0.98,111.9,Cold Calling
822,2022,Excel Analyst,127111.0,0.98,108.7,Tableau
822,2022,Excel Analyst,127111.0,0.98,108.7,A/B Testing
822,2022,Excel Analyst,127111.0,0.98,108.7,COBOL
822,2022,Excel Analyst,127111.0,0.98,108.7,Legacy VBA
822,2022,Excel Analyst,127111.0,0.98,108.7,Vector Databases
822,2022,Excel Analyst,127111.0,0.98,108.7,Python
823,2025,Data Analyst,292193.0,0.611,119.1,MLOps
823,2025,Data Analyst,292193.0,0.611,119.1,SQL
823,2025,Data Analyst,292193.0,0.611,119.1,Cold Calling
823,2025,Data Analyst,292193.0,0.611,119.1,LLMs/GenAI
823,2025,Data Analyst,292193.0,0.611,119.1,Power BI
824,2025,Business Analyst,113953.0,0.98,176.2,Power BI
824,2025,Business Analyst,113953.0,0.98,176.2,SQL
824,2025,Business Analyst,113953.0,0.98,176.2,Legacy VBA
824,2025,Business Analyst,113953.0,0.98,176.2,Crystal Reports
824,2025,Business Analyst,113953.0,0.98,176.2,R
825,2024,Product Manager,226413.0,0.98,133.8,A/B Testing
825,2024,Product Manager,226413.0,0.98,133.8,Manual Testing
825,2024,Product Manager,226413.0,0.98,133.8,Spark/PySpark
825,2024,Product Manager,226413.0,0.98,133.8,Crystal Reports
825,2024,Product Manager,226413.0,0.98,133.8,SQL
826,2020,SEO Specialist,162277.0,0.98,118.1,COBOL
826,2020,SEO Specialist,162277.0,0.98,118.1,Data Entry
826,2020,SEO Specialist,162277.0,0.98,118.1,SQL
826,2020,SEO Specialist,162277.0,0.98,118.1,Cold Calling
826,2020,SEO Specialist,162277.0,0.98,118.1,dbt
827,2019,Business Analyst,229106.0,0.05,97.0,A/B Testing
827,2019,Business Analyst,229106.0,0.05,97.0,R
827,2019,Business Analyst,229106.0,0.05,97.0,Prompt Engineering
827,2019,Business Analyst,229106.0,0.05,97.0,dbt
828,2023,AI Engineer,351136.0,0.42,127.9,Python
828,2023,AI Engineer,351136.0,0.42,127.9,COBOL
828,2023,AI Engineer,351136.0,0.42,127.9,R
829,2020,AI Engineer,295142.0,0.421,106.3,Basic SEO
829,2020,AI Engineer,295142.0,0.421,106.3,Vector Databases
829,2020,AI Engineer,295142.0,0.421,106.3,Kubernetes
830,2021,Machine Learning Engineer,149004.0,0.571,114.1,Excel (Basic)
830,2021,Machine Learning Engineer,149004.0,0.571,114.1,MS Access
830,2021,Machine Learning Engineer,149004.0,0.571,114.1,Python
830,2021,Machine Learning Engineer,149004.0,0.571,114.1,Tableau
830,2021,Machine Learning Engineer,149004.0,0.571,114.1,MLOps
831,2025,Product Manager,334235.0,0.909,158.4,Vector Databases
831,2025,Product Manager,334235.0,0.909,158.4,Prompt Engineering
831,2025,Product Manager,334235.0,0.909,158.4,Legacy VBA
831,2025,Product Manager,334235.0,0.909,158.4,COBOL
832,2023,Supply Chain Analyst,155718.0,0.282,119.8,Cloud (AWS/GCP)
832,2023,Supply Chain Analyst,155718.0,0.282,119.8,MLOps
832,2023,Supply Chain Analyst,155718.0,0.282,119.8,A/B Testing
832,2023,Supply Chain Analyst,155718.0,0.282,119.8,Excel (Basic)
833,2025,DevOps Engineer,322128.0,0.98,169.3,Basic SEO
833,2025,DevOps Engineer,322128.0,0.98,169.3,Power BI
833,2025,DevOps Engineer,322128.0,0.98,169.3,Deep Learning
833,2025,DevOps Engineer,322128.0,0.98,169.3,COBOL
833,2025,DevOps Engineer,322128.0,0.98,169.3,Machine Learning
833,2025,DevOps Engineer,322128.0,0.98,169.3,Copy-Paste Reporting
834,2022,SQL Developer,213314.0,0.98,113.4,Excel (Basic)
834,2022,SQL Developer,213314.0,0.98,113.4,R
834,2022,SQL Developer,213314.0,0.98,113.4,A/B Testing
834,2022,SQL Developer,213314.0,0.98,113.4,Cold Calling
834,2022,SQL Developer,213314.0,0.98,113.4,SQL
834,2022,SQL Developer,213314.0,0.98,113.4,Kubernetes
835,2024,QA Engineer,218927.0,0.927,102.5,Spark/PySpark
835,2024,QA Engineer,218927.0,0.927,102.5,A/B Testing
835,2024,QA Engineer,218927.0,0.927,102.5,Statistics
835,2024,QA Engineer,218927.0,0.927,102.5,Crystal Reports
836,2024,Content Strategist,315822.0,0.393,162.3,Statistics
836,2024,Content Strategist,315822.0,0.393,162.3,Machine Learning
836,2024,Content Strategist,315822.0,0.393,162.3,MS Access
836,2024,Content Strategist,315822.0,0.393,162.3,LLMs/GenAI
836,2024,Content Strategist,315822.0,0.393,162.3,R
836,2024,Content Strategist,315822.0,0.393,162.3,Vector Databases
837,2019,Accountant,224194.0,0.33,102.4,Excel (Basic)
837,2019,Accountant,224194.0,0.33,102.4,Prompt Engineering
837,2019,Accountant,224194.0,0.33,102.4,Machine Learning
837,2019,Accountant,224194.0,0.33,102.4,A/B Testing
837,2019,Accountant,224194.0,0.33,102.4,Spark/PySpark
838,2021,DevOps Engineer,193836.0,0.846,111.2,COBOL
838,2021,DevOps Engineer,193836.0,0.846,111.2,Spark/PySpark
838,2021,DevOps Engineer,193836.0,0.846,111.2,Excel (Basic)
839,2021,AI Engineer,205172.0,0.05,105.8,Cloud (AWS/GCP)
839,2021,AI Engineer,205172.0,0.05,105.8,R
839,2021,AI Engineer,205172.0,0.05,105.8,Vector Databases
840,2019,QA Engineer,190403.0,0.98,95.7,MLOps
840,2019,QA Engineer,190403.0,0.98,95.7,COBOL
840,2019,QA Engineer,190403.0,0.98,95.7,SQL
840,2019,QA Engineer,190403.0,0.98,95.7,Statistics
840,2019,QA Engineer,190403.0,0.98,95.7,MS Access
840,2019,QA Engineer,190403.0,0.98,95.7,Manual Testing
841,2020,Content Strategist,183582.0,0.98,111.8,Copy-Paste Reporting
841,2020,Content Strategist,183582.0,0.98,111.8,MS Access
841,2020,Content Strategist,183582.0,0.98,111.8,MLOps
841,2020,Content Strategist,183582.0,0.98,111.8,Deep Learning
842,2024,Accountant,265226.0,0.793,144.7,MLOps
842,2024,Accountant,265226.0,0.793,144.7,R
842,2024,Accountant,265226.0,0.793,144.7,Machine Learning
842,2024,Accountant,265226.0,0.793,144.7,Legacy VBA
842,2024,Accountant,265226.0,0.793,144.7,Tableau
842,2024,Accountant,265226.0,0.793,144.7,Kubernetes
843,2025,BI Developer,105600.0,0.98,133.8,Data Entry
843,2025,BI Developer,105600.0,0.98,133.8,R
843,2025,BI Developer,105600.0,0.98,133.8,Deep Learning
844,2023,SEO Specialist,196305.0,0.98,108.2,Cold Calling
844,2023,SEO Specialist,196305.0,0.98,108.2,Statistics
844,2023,SEO Specialist,196305.0,0.98,108.2,A/B Testing
844,2023,SEO Specialist,196305.0,0.98,108.2,Python
845,2023,BI Developer,84040.0,0.98,109.3,Basic SEO
845,2023,BI Developer,84040.0,0.98,109.3,Crystal Reports
845,2023,BI Developer,84040.0,0.98,109.3,Excel (Basic)
845,2023,BI Developer,84040.0,0.98,109.3,Tableau
846,2023,Accountant,137234.0,0.98,126.2,Statistics
846,2023,Accountant,137234.0,0.98,126.2,Copy-Paste Reporting
846,2023,Accountant,137234.0,0.98,126.2,Python
847,2020,QA Engineer,140602.0,0.327,96.3,Kubernetes
847,2020,QA Engineer,140602.0,0.327,96.3,Deep Learning
847,2020,QA Engineer,140602.0,0.327,96.3,Cloud (AWS/GCP)
847,2020,QA Engineer,140602.0,0.327,96.3,COBOL
847,2020,QA Engineer,140602.0,0.327,96.3,R
847,2020,QA Engineer,140602.0,0.327,96.3,LLMs/GenAI
848,2020,Statistician,125932.0,0.98,100.7,Legacy VBA
848,2020,Statistician,125932.0,0.98,100.7,LLMs/GenAI
848,2020,Statistician,125932.0,0.98,100.7,Machine Learning
848,2020,Statistician,125932.0,0.98,100.7,Manual Testing
848,2020,Statistician,125932.0,0.98,100.7,MLOps
848,2020,Statistician,125932.0,0.98,100.7,Basic SEO
849,2019,AI Engineer,329883.0,0.05,93.1,Power BI
849,2019,AI Engineer,329883.0,0.05,93.1,MLOps
849,2019,AI Engineer,329883.0,0.05,93.1,Kubernetes
849,2019,AI Engineer,329883.0,0.05,93.1,SQL
850,2019,Business Analyst,104176.0,0.801,110.4,Statistics
850,2019,Business Analyst,104176.0,0.801,110.4,A/B Testing
850,2019,Business Analyst,104176.0,0.801,110.4,Cold Calling
850,2019,Business Analyst,104176.0,0.801,110.4,SQL
851,2021,Business Analyst,203645.0,0.524,131.6,Deep Learning
851,2021,Business Analyst,203645.0,0.524,131.6,Statistics
851,2021,Business Analyst,203645.0,0.524,131.6,Python
851,2021,Business Analyst,203645.0,0.524,131.6,Power BI
851,2021,Business Analyst,203645.0,0.524,131.6,Data Entry
851,2021,Business Analyst,203645.0,0.524,131.6,Airflow
852,2019,Statistician,181948.0,0.98,102.7,Cold Calling
852,2019,Statistician,181948.0,0.98,102.7,R
852,2019,Statistician,181948.0,0.98,102.7,Data Entry
852,2019,Statistician,181948.0,0.98,102.7,COBOL
853,2023,QA Engineer,215291.0,0.72,129.1,COBOL
853,2023,QA Engineer,215291.0,0.72,129.1,Spark/PySpark
853,2023,QA Engineer,215291.0,0.72,129.1,Vector Databases
853,2023,QA Engineer,215291.0,0.72,129.1,R
854,2025,Excel Analyst,278896.0,0.98,140.8,Machine Learning
854,2025,Excel Analyst,278896.0,0.98,140.8,Python
854,2025,Excel Analyst,278896.0,0.98,140.8,Tableau
854,2025,Excel Analyst,278896.0,0.98,140.8,Manual Testing
854,2025,Excel Analyst,278896.0,0.98,140.8,Prompt Engineering
854,2025,Excel Analyst,278896.0,0.98,140.8,Data Entry
855,2019,Business Analyst,161222.0,0.98,95.5,Basic SEO
855,2019,Business Analyst,161222.0,0.98,95.5,Legacy VBA
855,2019,Business Analyst,161222.0,0.98,95.5,SQL
855,2019,Business Analyst,161222.0,0.98,95.5,Vector Databases
855,2019,Business Analyst,161222.0,0.98,95.5,Data Entry
856,2025,Content Strategist,175864.0,0.05,157.2,Prompt Engineering
856,2025,Content Strategist,175864.0,0.05,157.2,Deep Learning
856,2025,Content Strategist,175864.0,0.05,157.2,SQL
857,2025,Data Engineer,337562.0,0.873,165.2,Manual Testing
857,2025,Data Engineer,337562.0,0.873,165.2,A/B Testing
857,2025,Data Engineer,337562.0,0.873,165.2,COBOL
857,2025,Data Engineer,337562.0,0.873,165.2,MLOps
858,2021,HR Analyst,147002.0,0.771,122.9,Legacy VBA
858,2021,HR Analyst,147002.0,0.771,122.9,MLOps
858,2021,HR Analyst,147002.0,0.771,122.9,dbt
858,2021,HR Analyst,147002.0,0.771,122.9,Tableau
859,2021,Data Analyst,156428.0,0.98,129.2,Python
859,2021,Data Analyst,156428.0,0.98,129.2,Copy-Paste Reporting
859,2021,Data Analyst,156428.0,0.98,129.2,Legacy VBA
859,2021,Data Analyst,156428.0,0.98,129.2,LLMs/GenAI
859,2021,Data Analyst,156428.0,0.98,129.2,Power BI
859,2021,Data Analyst,156428.0,0.98,129.2,R
860,2024,Digital Marketer,164537.0,0.903,159.6,R
860,2024,Digital Marketer,164537.0,0.903,159.6,Python
860,2024,Digital Marketer,164537.0,0.903,159.6,Basic SEO
861,2022,Supply Chain Analyst,95788.0,0.98,126.6,SQL
861,2022,Supply Chain Analyst,95788.0,0.98,126.6,LLMs/GenAI
861,2022,Supply Chain Analyst,95788.0,0.98,126.6,Basic SEO
861,2022,Supply Chain Analyst,95788.0,0.98,126.6,Cold Calling
861,2022,Supply Chain Analyst,95788.0,0.98,126.6,COBOL
862,2019,Machine Learning Engineer,296742.0,0.98,96.9,Python
862,2019,Machine Learning Engineer,296742.0,0.98,96.9,Airflow
862,2019,Machine Learning Engineer,296742.0,0.98,96.9,MS Access
862,2019,Machine Learning Engineer,296742.0,0.98,96.9,Copy-Paste Reporting
862,2019,Machine Learning Engineer,296742.0,0.98,96.9,Kubernetes
862,2019,Machine Learning Engineer,296742.0,0.98,96.9,Legacy VBA
863,2021,SQL Developer,111528.0,0.05,95.6,Airflow
863,2021,SQL Developer,111528.0,0.05,95.6,Statistics
863,2021,SQL Developer,111528.0,0.05,95.6,Vector Databases
863,2021,SQL Developer,111528.0,0.05,95.6,Machine Learning
864,2024,Operations Analyst,209269.0,0.98,151.2,Basic SEO
864,2024,Operations Analyst,209269.0,0.98,151.2,Data Entry
864,2024,Operations Analyst,209269.0,0.98,151.2,SQL
864,2024,Operations Analyst,209269.0,0.98,151.2,Cloud (AWS/GCP)
865,2023,Content Strategist,113168.0,0.98,134.8,Legacy VBA
865,2023,Content Strategist,113168.0,0.98,134.8,MS Access
865,2023,Content Strategist,113168.0,0.98,134.8,Excel (Basic)
865,2023,Content Strategist,113168.0,0.98,134.8,Manual Testing
866,2019,Financial Analyst,98765.0,0.98,101.1,Excel (Basic)
866,2019,Financial Analyst,98765.0,0.98,101.1,Copy-Paste Reporting
866,2019,Financial Analyst,98765.0,0.98,101.1,Airflow
866,2019,Financial Analyst,98765.0,0.98,101.1,A/B Testing
866,2019,Financial Analyst,98765.0,0.98,101.1,MS Access
867,2020,Supply Chain Analyst,96712.0,0.66,99.0,Legacy VBA
867,2020,Supply Chain Analyst,96712.0,0.66,99.0,R
867,2020,Supply Chain Analyst,96712.0,0.66,99.0,Tableau
867,2020,Supply Chain Analyst,96712.0,0.66,99.0,Python
867,2020,Supply Chain Analyst,96712.0,0.66,99.0,Power BI
868,2024,Business Analyst,194686.0,0.666,122.1,Cloud (AWS/GCP)
868,2024,Business Analyst,194686.0,0.666,122.1,Legacy VBA
868,2024,Business Analyst,194686.0,0.666,122.1,A/B Testing
868,2024,Business Analyst,194686.0,0.666,122.1,Tableau
868,2024,Business Analyst,194686.0,0.666,122.1,Statistics
869,2025,Business Analyst,176853.0,0.05,129.1,R
869,2025,Business Analyst,176853.0,0.05,129.1,Tableau
869,2025,Business Analyst,176853.0,0.05,129.1,MLOps
869,2025,Business Analyst,176853.0,0.05,129.1,Python
869,2025,Business Analyst,176853.0,0.05,129.1,SQL
869,2025,Business Analyst,176853.0,0.05,129.1,dbt
870,2023,Data Analyst,167172.0,0.05,116.9,dbt
870,2023,Data Analyst,167172.0,0.05,116.9,LLMs/GenAI
870,2023,Data Analyst,167172.0,0.05,116.9,MLOps
870,2023,Data Analyst,167172.0,0.05,116.9,Prompt Engineering
871,2024,Machine Learning Engineer,121382.0,0.98,155.7,Excel (Basic)
871,2024,Machine Learning Engineer,121382.0,0.98,155.7,COBOL
871,2024,Machine Learning Engineer,121382.0,0.98,155.7,Data Entry
872,2025,Statistician,176492.0,0.438,163.0,MLOps
872,2025,Statistician,176492.0,0.438,163.0,Basic SEO
872,2025,Statistician,176492.0,0.438,163.0,Machine Learning
872,2025,Statistician,176492.0,0.438,163.0,A/B Testing
873,2019,Accountant,271729.0,0.98,102.3,Excel (Basic)
873,2019,Accountant,271729.0,0.98,102.3,Cloud (AWS/GCP)
873,2019,Accountant,271729.0,0.98,102.3,Deep Learning
873,2019,Accountant,271729.0,0.98,102.3,Machine Learning
873,2019,Accountant,271729.0,0.98,102.3,Cold Calling
873,2019,Accountant,271729.0,0.98,102.3,SQL
874,2025,Operations Analyst,141829.0,0.98,122.1,Machine Learning
874,2025,Operations Analyst,141829.0,0.98,122.1,Prompt Engineering
874,2025,Operations Analyst,141829.0,0.98,122.1,Manual Testing
874,2025,Operations Analyst,141829.0,0.98,122.1,Data Entry
874,2025,Operations Analyst,141829.0,0.98,122.1,Power BI
874,2025,Operations Analyst,141829.0,0.98,122.1,Deep Learning
875,2019,SEO Specialist,81044.0,0.98,102.0,Cloud (AWS/GCP)
875,2019,SEO Specialist,81044.0,0.98,102.0,Manual Testing
875,2019,SEO Specialist,81044.0,0.98,102.0,Cold Calling
875,2019,SEO Specialist,81044.0,0.98,102.0,Power BI
875,2019,SEO Specialist,81044.0,0.98,102.0,Airflow
875,2019,SEO Specialist,81044.0,0.98,102.0,Basic SEO
876,2023,Data Analyst,199442.0,0.98,142.8,Manual Testing
876,2023,Data Analyst,199442.0,0.98,142.8,Copy-Paste Reporting
876,2023,Data Analyst,199442.0,0.98,142.8,Cloud (AWS/GCP)
876,2023,Data Analyst,199442.0,0.98,142.8,MLOps
876,2023,Data Analyst,199442.0,0.98,142.8,Data Entry
876,2023,Data Analyst,199442.0,0.98,142.8,Legacy VBA
877,2022,Content Strategist,141727.0,0.611,128.9,Cloud (AWS/GCP)
877,2022,Content Strategist,141727.0,0.611,128.9,Python
877,2022,Content Strategist,141727.0,0.611,128.9,Manual Testing
878,2023,SQL Developer,243875.0,0.98,107.3,Vector Databases
878,2023,SQL Developer,243875.0,0.98,107.3,Power BI
878,2023,SQL Developer,243875.0,0.98,107.3,Statistics
878,2023,SQL Developer,243875.0,0.98,107.3,MS Access
878,2023,SQL Developer,243875.0,0.98,107.3,Manual Testing
879,2020,Data Engineer,119199.0,0.98,106.5,Excel (Basic)
879,2020,Data Engineer,119199.0,0.98,106.5,Power BI
879,2020,Data Engineer,119199.0,0.98,106.5,A/B Testing
879,2020,Data Engineer,119199.0,0.98,106.5,Data Entry
879,2020,Data Engineer,119199.0,0.98,106.5,Cold Calling
880,2023,SEO Specialist,165306.0,0.399,130.7,Manual Testing
880,2023,SEO Specialist,165306.0,0.399,130.7,MLOps
880,2023,SEO Specialist,165306.0,0.399,130.7,Prompt Engineering
880,2023,SEO Specialist,165306.0,0.399,130.7,Vector Databases
880,2023,SEO Specialist,165306.0,0.399,130.7,Python
881,2024,Supply Chain Analyst,144046.0,0.108,154.6,Power BI
881,2024,Supply Chain Analyst,144046.0,0.108,154.6,Vector Databases
881,2024,Supply Chain Analyst,144046.0,0.108,154.6,dbt
882,2024,SQL Developer,93348.0,0.98,123.7,Crystal Reports
882,2024,SQL Developer,93348.0,0.98,123.7,Copy-Paste Reporting
882,2024,SQL Developer,93348.0,0.98,123.7,Tableau
882,2024,SQL Developer,93348.0,0.98,123.7,Manual Testing
882,2024,SQL Developer,93348.0,0.98,123.7,Basic SEO
882,2024,SQL Developer,93348.0,0.98,123.7,MLOps
883,2023,Cloud Architect,452557.0,0.05,127.9,LLMs/GenAI
883,2023,Cloud Architect,452557.0,0.05,127.9,Cloud (AWS/GCP)
883,2023,Cloud Architect,452557.0,0.05,127.9,Tableau
883,2023,Cloud Architect,452557.0,0.05,127.9,COBOL
883,2023,Cloud Architect,452557.0,0.05,127.9,Machine Learning
884,2019,HR Analyst,94511.0,0.98,107.6,Airflow
884,2019,HR Analyst,94511.0,0.98,107.6,Statistics
884,2019,HR Analyst,94511.0,0.98,107.6,MS Access
884,2019,HR Analyst,94511.0,0.98,107.6,Cold Calling
885,2021,Product Manager,302827.0,0.301,107.9,Basic SEO
885,2021,Product Manager,302827.0,0.301,107.9,Python
885,2021,Product Manager,302827.0,0.301,107.9,Vector Databases
885,2021,Product Manager,302827.0,0.301,107.9,Deep Learning
886,2023,Machine Learning Engineer,179172.0,0.98,114.2,Data Entry
886,2023,Machine Learning Engineer,179172.0,0.98,114.2,Excel (Basic)
886,2023,Machine Learning Engineer,179172.0,0.98,114.2,Cold Calling
886,2023,Machine Learning Engineer,179172.0,0.98,114.2,Vector Databases
887,2019,SQL Developer,152859.0,0.457,94.1,Kubernetes
887,2019,SQL Developer,152859.0,0.457,94.1,MS Access
887,2019,SQL Developer,152859.0,0.457,94.1,LLMs/GenAI
887,2019,SQL Developer,152859.0,0.457,94.1,MLOps
888,2020,BI Developer,146199.0,0.98,101.0,Cloud (AWS/GCP)
888,2020,BI Developer,146199.0,0.98,101.0,Python
888,2020,BI Developer,146199.0,0.98,101.0,Basic SEO
888,2020,BI Developer,146199.0,0.98,101.0,Legacy VBA
888,2020,BI Developer,146199.0,0.98,101.0,Spark/PySpark
889,2025,Machine Learning Engineer,310286.0,0.98,172.7,Airflow
889,2025,Machine Learning Engineer,310286.0,0.98,172.7,Vector Databases
889,2025,Machine Learning Engineer,310286.0,0.98,172.7,COBOL
889,2025,Machine Learning Engineer,310286.0,0.98,172.7,Basic SEO
889,2025,Machine Learning Engineer,310286.0,0.98,172.7,Legacy VBA
889,2025,Machine Learning Engineer,310286.0,0.98,172.7,LLMs/GenAI
890,2025,Accountant,195259.0,0.917,137.8,Spark/PySpark
890,2025,Accountant,195259.0,0.917,137.8,COBOL
890,2025,Accountant,195259.0,0.917,137.8,dbt
890,2025,Accountant,195259.0,0.917,137.8,R
891,2021,Cloud Architect,266786.0,0.98,109.1,Cold Calling
891,2021,Cloud Architect,266786.0,0.98,109.1,Manual Testing
891,2021,Cloud Architect,266786.0,0.98,109.1,Excel (Basic)
892,2023,AI Engineer,181005.0,0.98,133.1,Data Entry
892,2023,AI Engineer,181005.0,0.98,133.1,COBOL
892,2023,AI Engineer,181005.0,0.98,133.1,Kubernetes
893,2025,Content Strategist,160103.0,0.98,149.4,COBOL
893,2025,Content Strategist,160103.0,0.98,149.4,Statistics
893,2025,Content Strategist,160103.0,0.98,149.4,Legacy VBA
894,2020,Content Strategist,254471.0,0.325,105.7,A/B Testing
894,2020,Content Strategist,254471.0,0.325,105.7,Tableau
894,2020,Content Strategist,254471.0,0.325,105.7,LLMs/GenAI
894,2020,Content Strategist,254471.0,0.325,105.7,MLOps
894,2020,Content Strategist,254471.0,0.325,105.7,Crystal Reports
894,2020,Content Strategist,254471.0,0.325,105.7,Vector Databases
895,2022,Operations Analyst,193304.0,0.98,114.3,Data Entry
895,2022,Operations Analyst,193304.0,0.98,114.3,COBOL
895,2022,Operations Analyst,193304.0,0.98,114.3,Excel (Basic)
895,2022,Operations Analyst,193304.0,0.98,114.3,Copy-Paste Reporting
895,2022,Operations Analyst,193304.0,0.98,114.3,Machine Learning
895,2022,Operations Analyst,193304.0,0.98,114.3,dbt
896,2020,IT Support Specialist,109718.0,0.98,93.1,Power BI
896,2020,IT Support Specialist,109718.0,0.98,93.1,SQL
896,2020,IT Support Specialist,109718.0,0.98,93.1,Excel (Basic)
896,2020,IT Support Specialist,109718.0,0.98,93.1,LLMs/GenAI
896,2020,IT Support Specialist,109718.0,0.98,93.1,Basic SEO
897,2023,Data Scientist,218833.0,0.05,123.4,A/B Testing
897,2023,Data Scientist,218833.0,0.05,123.4,Vector Databases
897,2023,Data Scientist,218833.0,0.05,123.4,Airflow
897,2023,Data Scientist,218833.0,0.05,123.4,Excel (Basic)
897,2023,Data Scientist,218833.0,0.05,123.4,Machine Learning
897,2023,Data Scientist,218833.0,0.05,123.4,Tableau
898,2021,QA Engineer,273827.0,0.449,93.8,Vector Databases
898,2021,QA Engineer,273827.0,0.449,93.8,COBOL
898,2021,QA Engineer,273827.0,0.449,93.8,Statistics
898,2021,QA Engineer,273827.0,0.449,93.8,MLOps
898,2021,QA Engineer,273827.0,0.449,93.8,Kubernetes
898,2021,QA Engineer,273827.0,0.449,93.8,SQL
899,2022,Excel Analyst,132335.0,0.98,111.8,Prompt Engineering
899,2022,Excel Analyst,132335.0,0.98,111.8,Basic SEO
899,2022,Excel Analyst,132335.0,0.98,111.8,A/B Testing
900,2024,Data Scientist,264001.0,0.05,143.9,Deep Learning
900,2024,Data Scientist,264001.0,0.05,143.9,Vector Databases
900,2024,Data Scientist,264001.0,0.05,143.9,Machine Learning
901,2021,SQL Developer,158226.0,0.98,119.1,dbt
901,2021,SQL Developer,158226.0,0.98,119.1,Crystal Reports
901,2021,SQL Developer,158226.0,0.98,119.1,Manual Testing
901,2021,SQL Developer,158226.0,0.98,119.1,Spark/PySpark
901,2021,SQL Developer,158226.0,0.98,119.1,Copy-Paste Reporting
902,2024,SEO Specialist,146249.0,0.98,153.1,Basic SEO
902,2024,SEO Specialist,146249.0,0.98,153.1,Vector Databases
902,2024,SEO Specialist,146249.0,0.98,153.1,COBOL
902,2024,SEO Specialist,146249.0,0.98,153.1,SQL
902,2024,SEO Specialist,146249.0,0.98,153.1,Excel (Basic)
903,2019,Digital Marketer,191524.0,0.741,98.2,Airflow
903,2019,Digital Marketer,191524.0,0.741,98.2,MS Access
903,2019,Digital Marketer,191524.0,0.741,98.2,dbt
903,2019,Digital Marketer,191524.0,0.741,98.2,Statistics
904,2023,SEO Specialist,176612.0,0.98,132.8,MLOps
904,2023,SEO Specialist,176612.0,0.98,132.8,Copy-Paste Reporting
904,2023,SEO Specialist,176612.0,0.98,132.8,dbt
905,2024,QA Engineer,144249.0,0.623,130.5,Vector Databases
905,2024,QA Engineer,144249.0,0.623,130.5,Spark/PySpark
905,2024,QA Engineer,144249.0,0.623,130.5,Excel (Basic)
906,2021,Product Manager,104868.0,0.98,123.7,Airflow
906,2021,Product Manager,104868.0,0.98,123.7,Power BI
906,2021,Product Manager,104868.0,0.98,123.7,Legacy VBA
906,2021,Product Manager,104868.0,0.98,123.7,Cold Calling
906,2021,Product Manager,104868.0,0.98,123.7,SQL
907,2024,SEO Specialist,128663.0,0.98,165.9,Excel (Basic)
907,2024,SEO Specialist,128663.0,0.98,165.9,COBOL
907,2024,SEO Specialist,128663.0,0.98,165.9,Machine Learning
908,2020,Cloud Architect,368316.0,0.98,111.3,SQL
908,2020,Cloud Architect,368316.0,0.98,111.3,dbt
908,2020,Cloud Architect,368316.0,0.98,111.3,Copy-Paste Reporting
908,2020,Cloud Architect,368316.0,0.98,111.3,Deep Learning
908,2020,Cloud Architect,368316.0,0.98,111.3,R
908,2020,Cloud Architect,368316.0,0.98,111.3,COBOL
909,2019,Cloud Architect,356312.0,0.38,105.1,LLMs/GenAI
909,2019,Cloud Architect,356312.0,0.38,105.1,Cloud (AWS/GCP)
909,2019,Cloud Architect,356312.0,0.38,105.1,Legacy VBA
910,2019,Operations Analyst,265907.0,0.05,97.6,dbt
910,2019,Operations Analyst,265907.0,0.05,97.6,Deep Learning
910,2019,Operations Analyst,265907.0,0.05,97.6,SQL
910,2019,Operations Analyst,265907.0,0.05,97.6,Prompt Engineering
911,2021,Supply Chain Analyst,246184.0,0.05,110.3,Vector Databases
911,2021,Supply Chain Analyst,246184.0,0.05,110.3,A/B Testing
911,2021,Supply Chain Analyst,246184.0,0.05,110.3,Python
912,2025,QA Engineer,191675.0,0.98,83.5,R
912,2025,QA Engineer,191675.0,0.98,83.5,Power BI
912,2025,QA Engineer,191675.0,0.98,83.5,Statistics
912,2025,QA Engineer,191675.0,0.98,83.5,MS Access
913,2025,SQL Developer,139199.0,0.98,124.3,Basic SEO
913,2025,SQL Developer,139199.0,0.98,124.3,Crystal Reports
913,2025,SQL Developer,139199.0,0.98,124.3,Legacy VBA
913,2025,SQL Developer,139199.0,0.98,124.3,Statistics
913,2025,SQL Developer,139199.0,0.98,124.3,LLMs/GenAI
913,2025,SQL Developer,139199.0,0.98,124.3,Manual Testing
914,2021,Financial Analyst,183294.0,0.05,122.8,dbt
914,2021,Financial Analyst,183294.0,0.05,122.8,Python
914,2021,Financial Analyst,183294.0,0.05,122.8,Spark/PySpark
914,2021,Financial Analyst,183294.0,0.05,122.8,Tableau
914,2021,Financial Analyst,183294.0,0.05,122.8,Deep Learning
915,2023,Excel Analyst,244747.0,0.98,86.9,Tableau
915,2023,Excel Analyst,244747.0,0.98,86.9,Copy-Paste Reporting
915,2023,Excel Analyst,244747.0,0.98,86.9,Excel (Basic)
915,2023,Excel Analyst,244747.0,0.98,86.9,Machine Learning
915,2023,Excel Analyst,244747.0,0.98,86.9,MS Access
915,2023,Excel Analyst,244747.0,0.98,86.9,Deep Learning
916,2022,DevOps Engineer,234694.0,0.372,122.2,Power BI
916,2022,DevOps Engineer,234694.0,0.372,122.2,Airflow
916,2022,DevOps Engineer,234694.0,0.372,122.2,LLMs/GenAI
916,2022,DevOps Engineer,234694.0,0.372,122.2,Manual Testing
917,2022,Software Developer,209944.0,0.98,130.9,Crystal Reports
917,2022,Software Developer,209944.0,0.98,130.9,Machine Learning
917,2022,Software Developer,209944.0,0.98,130.9,Airflow
917,2022,Software Developer,209944.0,0.98,130.9,LLMs/GenAI
917,2022,Software Developer,209944.0,0.98,130.9,Kubernetes
917,2022,Software Developer,209944.0,0.98,130.9,Data Entry
918,2024,Data Scientist,187865.0,0.521,114.5,Vector Databases
918,2024,Data Scientist,187865.0,0.521,114.5,Deep Learning
918,2024,Data Scientist,187865.0,0.521,114.5,Cold Calling
919,2025,Cloud Architect,392671.0,0.05,117.4,dbt
919,2025,Cloud Architect,392671.0,0.05,117.4,A/B Testing
919,2025,Cloud Architect,392671.0,0.05,117.4,Machine Learning
919,2025,Cloud Architect,392671.0,0.05,117.4,Tableau
919,2025,Cloud Architect,392671.0,0.05,117.4,Python
920,2024,Supply Chain Analyst,273464.0,0.691,118.8,Copy-Paste Reporting
920,2024,Supply Chain Analyst,273464.0,0.691,118.8,dbt
920,2024,Supply Chain Analyst,273464.0,0.691,118.8,SQL
920,2024,Supply Chain Analyst,273464.0,0.691,118.8,Machine Learning
920,2024,Supply Chain Analyst,273464.0,0.691,118.8,Python
920,2024,Supply Chain Analyst,273464.0,0.691,118.8,Kubernetes
921,2020,Cloud Architect,281973.0,0.501,108.9,Deep Learning
921,2020,Cloud Architect,281973.0,0.501,108.9,R
921,2020,Cloud Architect,281973.0,0.501,108.9,Legacy VBA
922,2022,Data Engineer,267607.0,0.963,115.4,Basic SEO
922,2022,Data Engineer,267607.0,0.963,115.4,Python
922,2022,Data Engineer,267607.0,0.963,115.4,Manual Testing
922,2022,Data Engineer,267607.0,0.963,115.4,Cloud (AWS/GCP)
923,2019,SEO Specialist,154056.0,0.98,97.4,Legacy VBA
923,2019,SEO Specialist,154056.0,0.98,97.4,Kubernetes
923,2019,SEO Specialist,154056.0,0.98,97.4,Spark/PySpark
924,2020,SQL Developer,91267.0,0.98,100.4,Crystal Reports
924,2020,SQL Developer,91267.0,0.98,100.4,Machine Learning
924,2020,SQL Developer,91267.0,0.98,100.4,Data Entry
924,2020,SQL Developer,91267.0,0.98,100.4,A/B Testing
924,2020,SQL Developer,91267.0,0.98,100.4,COBOL
924,2020,SQL Developer,91267.0,0.98,100.4,Legacy VBA
925,2019,Software Developer,178516.0,0.604,97.5,Machine Learning
925,2019,Software Developer,178516.0,0.604,97.5,Cold Calling
925,2019,Software Developer,178516.0,0.604,97.5,SQL
926,2020,DevOps Engineer,168725.0,0.05,109.0,Power BI
926,2020,DevOps Engineer,168725.0,0.05,109.0,Python
926,2020,DevOps Engineer,168725.0,0.05,109.0,MLOps
927,2024,Supply Chain Analyst,116972.0,0.449,140.0,MS Access
927,2024,Supply Chain Analyst,116972.0,0.449,140.0,LLMs/GenAI
927,2024,Supply Chain Analyst,116972.0,0.449,140.0,Machine Learning
927,2024,Supply Chain Analyst,116972.0,0.449,140.0,Power BI
928,2025,Cloud Architect,274821.0,0.05,120.7,R
928,2025,Cloud Architect,274821.0,0.05,120.7,SQL
928,2025,Cloud Architect,274821.0,0.05,120.7,Power BI
928,2025,Cloud Architect,274821.0,0.05,120.7,Cloud (AWS/GCP)
929,2019,DevOps Engineer,243913.0,0.449,96.2,Data Entry
929,2019,DevOps Engineer,243913.0,0.449,96.2,MLOps
929,2019,DevOps Engineer,243913.0,0.449,96.2,Python
929,2019,DevOps Engineer,243913.0,0.449,96.2,SQL
929,2019,DevOps Engineer,243913.0,0.449,96.2,dbt
929,2019,DevOps Engineer,243913.0,0.449,96.2,Tableau
930,2024,Statistician,266894.0,0.05,149.3,dbt
930,2024,Statistician,266894.0,0.05,149.3,Power BI
930,2024,Statistician,266894.0,0.05,149.3,Prompt Engineering
931,2022,Machine Learning Engineer,356112.0,0.98,115.6,Cloud (AWS/GCP)
931,2022,Machine Learning Engineer,356112.0,0.98,115.6,Manual Testing
931,2022,Machine Learning Engineer,356112.0,0.98,115.6,MLOps
931,2022,Machine Learning Engineer,356112.0,0.98,115.6,Data Entry
931,2022,Machine Learning Engineer,356112.0,0.98,115.6,Crystal Reports
932,2025,Operations Analyst,151191.0,0.98,108.8,Copy-Paste Reporting
932,2025,Operations Analyst,151191.0,0.98,108.8,Legacy VBA
932,2025,Operations Analyst,151191.0,0.98,108.8,Statistics
932,2025,Operations Analyst,151191.0,0.98,108.8,Deep Learning
932,2025,Operations Analyst,151191.0,0.98,108.8,MLOps
933,2023,IT Support Specialist,152905.0,0.836,116.6,Airflow
933,2023,IT Support Specialist,152905.0,0.836,116.6,Python
933,2023,IT Support Specialist,152905.0,0.836,116.6,Manual Testing
934,2019,AI Engineer,213505.0,0.05,113.5,Machine Learning
934,2019,AI Engineer,213505.0,0.05,113.5,Spark/PySpark
934,2019,AI Engineer,213505.0,0.05,113.5,Vector Databases
935,2020,Data Engineer,248799.0,0.905,102.9,MS Access
935,2020,Data Engineer,248799.0,0.905,102.9,Manual Testing
935,2020,Data Engineer,248799.0,0.905,102.9,Tableau
935,2020,Data Engineer,248799.0,0.905,102.9,MLOps
936,2021,HR Analyst,67506.0,0.98,106.5,Cold Calling
936,2021,HR Analyst,67506.0,0.98,106.5,Python
936,2021,HR Analyst,67506.0,0.98,106.5,Airflow
936,2021,HR Analyst,67506.0,0.98,106.5,Copy-Paste Reporting
936,2021,HR Analyst,67506.0,0.98,106.5,MS Access
937,2020,SQL Developer,189076.0,0.98,99.6,Manual Testing
937,2020,SQL Developer,189076.0,0.98,99.6,Copy-Paste Reporting
937,2020,SQL Developer,189076.0,0.98,99.6,SQL
937,2020,SQL Developer,189076.0,0.98,99.6,A/B Testing
938,2022,HR Analyst,80672.0,0.98,134.2,dbt
938,2022,HR Analyst,80672.0,0.98,134.2,Machine Learning
938,2022,HR Analyst,80672.0,0.98,134.2,Data Entry
939,2020,Data Engineer,150612.0,0.05,111.7,Airflow
939,2020,Data Engineer,150612.0,0.05,111.7,A/B Testing
939,2020,Data Engineer,150612.0,0.05,111.7,Deep Learning
939,2020,Data Engineer,150612.0,0.05,111.7,Power BI
940,2021,BI Developer,130993.0,0.922,103.3,Manual Testing
940,2021,BI Developer,130993.0,0.922,103.3,Airflow
940,2021,BI Developer,130993.0,0.922,103.3,Prompt Engineering
940,2021,BI Developer,130993.0,0.922,103.3,Excel (Basic)
941,2024,SQL Developer,211399.0,0.11,110.0,SQL
941,2024,SQL Developer,211399.0,0.11,110.0,LLMs/GenAI
941,2024,SQL Developer,211399.0,0.11,110.0,Statistics
941,2024,SQL Developer,211399.0,0.11,110.0,Tableau
941,2024,SQL Developer,211399.0,0.11,110.0,Power BI
942,2024,QA Engineer,159474.0,0.98,101.2,Power BI
942,2024,QA Engineer,159474.0,0.98,101.2,Deep Learning
942,2024,QA Engineer,159474.0,0.98,101.2,Cold Calling
942,2024,QA Engineer,159474.0,0.98,101.2,Prompt Engineering
942,2024,QA Engineer,159474.0,0.98,101.2,Manual Testing
942,2024,QA Engineer,159474.0,0.98,101.2,R
943,2024,BI Developer,198553.0,0.603,138.8,Tableau
943,2024,BI Developer,198553.0,0.603,138.8,Prompt Engineering
943,2024,BI Developer,198553.0,0.603,138.8,SQL
943,2024,BI Developer,198553.0,0.603,138.8,R
943,2024,BI Developer,198553.0,0.603,138.8,Manual Testing
944,2021,Data Engineer,245547.0,0.98,113.9,Python
944,2021,Data Engineer,245547.0,0.98,113.9,Copy-Paste Reporting
944,2021,Data Engineer,245547.0,0.98,113.9,A/B Testing
944,2021,Data Engineer,245547.0,0.98,113.9,MS Access
945,2022,Software Developer,301074.0,0.877,131.3,Statistics
945,2022,Software Developer,301074.0,0.877,131.3,Prompt Engineering
945,2022,Software Developer,301074.0,0.877,131.3,Data Entry
945,2022,Software Developer,301074.0,0.877,131.3,Excel (Basic)
945,2022,Software Developer,301074.0,0.877,131.3,Deep Learning
945,2022,Software Developer,301074.0,0.877,131.3,Power BI
946,2019,Software Developer,289200.0,0.98,108.1,Kubernetes
946,2019,Software Developer,289200.0,0.98,108.1,Cold Calling
946,2019,Software Developer,289200.0,0.98,108.1,Basic SEO
946,2019,Software Developer,289200.0,0.98,108.1,MS Access
946,2019,Software Developer,289200.0,0.98,108.1,Vector Databases
946,2019,Software Developer,289200.0,0.98,108.1,A/B Testing
947,2024,Operations Analyst,225350.0,0.98,143.0,MS Access
947,2024,Operations Analyst,225350.0,0.98,143.0,Airflow
947,2024,Operations Analyst,225350.0,0.98,143.0,Basic SEO
947,2024,Operations Analyst,225350.0,0.98,143.0,Statistics
947,2024,Operations Analyst,225350.0,0.98,143.0,Machine Learning
947,2024,Operations Analyst,225350.0,0.98,143.0,Vector Databases
948,2024,Data Analyst,136979.0,0.98,151.8,Legacy VBA
948,2024,Data Analyst,136979.0,0.98,151.8,Spark/PySpark
948,2024,Data Analyst,136979.0,0.98,151.8,Kubernetes
948,2024,Data Analyst,136979.0,0.98,151.8,Airflow
948,2024,Data Analyst,136979.0,0.98,151.8,Manual Testing
948,2024,Data Analyst,136979.0,0.98,151.8,Excel (Basic)
949,2025,BI Developer,131752.0,0.907,161.6,SQL
949,2025,BI Developer,131752.0,0.907,161.6,Crystal Reports
949,2025,BI Developer,131752.0,0.907,161.6,Excel (Basic)
949,2025,BI Developer,131752.0,0.907,161.6,Deep Learning
949,2025,BI Developer,131752.0,0.907,161.6,A/B Testing
949,2025,BI Developer,131752.0,0.907,161.6,dbt
950,2020,QA Engineer,190358.0,0.98,95.4,Excel (Basic)
950,2020,QA Engineer,190358.0,0.98,95.4,Prompt Engineering
950,2020,QA Engineer,190358.0,0.98,95.4,MS Access
950,2020,QA Engineer,190358.0,0.98,95.4,Power BI
950,2020,QA Engineer,190358.0,0.98,95.4,COBOL
950,2020,QA Engineer,190358.0,0.98,95.4,Deep Learning
951,2023,DevOps Engineer,215608.0,0.625,106.4,Crystal Reports
951,2023,DevOps Engineer,215608.0,0.625,106.4,Prompt Engineering
951,2023,DevOps Engineer,215608.0,0.625,106.4,Python
951,2023,DevOps Engineer,215608.0,0.625,106.4,LLMs/GenAI
951,2023,DevOps Engineer,215608.0,0.625,106.4,Statistics
951,2023,DevOps Engineer,215608.0,0.625,106.4,COBOL
952,2025,Operations Analyst,240848.0,0.98,117.5,MS Access
952,2025,Operations Analyst,240848.0,0.98,117.5,Power BI
952,2025,Operations Analyst,240848.0,0.98,117.5,LLMs/GenAI
952,2025,Operations Analyst,240848.0,0.98,117.5,Vector Databases
952,2025,Operations Analyst,240848.0,0.98,117.5,Crystal Reports
953,2022,BI Developer,298270.0,0.418,117.4,LLMs/GenAI
953,2022,BI Developer,298270.0,0.418,117.4,dbt
953,2022,BI Developer,298270.0,0.418,117.4,Machine Learning
953,2022,BI Developer,298270.0,0.418,117.4,MS Access
954,2025,SQL Developer,162430.0,0.98,89.2,Copy-Paste Reporting
954,2025,SQL Developer,162430.0,0.98,89.2,Data Entry
954,2025,SQL Developer,162430.0,0.98,89.2,LLMs/GenAI
955,2019,Software Developer,107363.0,0.89,102.0,Python
955,2019,Software Developer,107363.0,0.89,102.0,Excel (Basic)
955,2019,Software Developer,107363.0,0.89,102.0,Airflow
955,2019,Software Developer,107363.0,0.89,102.0,Statistics
955,2019,Software Developer,107363.0,0.89,102.0,Legacy VBA
956,2019,Business Analyst,160960.0,0.05,95.6,Cloud (AWS/GCP)
956,2019,Business Analyst,160960.0,0.05,95.6,dbt
956,2019,Business Analyst,160960.0,0.05,95.6,A/B Testing
957,2022,Accountant,245516.0,0.98,123.3,Cold Calling
957,2022,Accountant,245516.0,0.98,123.3,MLOps
957,2022,Accountant,245516.0,0.98,123.3,Manual Testing
957,2022,Accountant,245516.0,0.98,123.3,Power BI
957,2022,Accountant,245516.0,0.98,123.3,Basic SEO
957,2022,Accountant,245516.0,0.98,123.3,Vector Databases
958,2021,Cloud Architect,266891.0,0.05,110.2,Manual Testing
958,2021,Cloud Architect,266891.0,0.05,110.2,Machine Learning
958,2021,Cloud Architect,266891.0,0.05,110.2,Vector Databases
958,2021,Cloud Architect,266891.0,0.05,110.2,MLOps
958,2021,Cloud Architect,266891.0,0.05,110.2,Cloud (AWS/GCP)
958,2021,Cloud Architect,266891.0,0.05,110.2,Python
959,2024,Software Developer,153969.0,0.98,152.9,Copy-Paste Reporting
959,2024,Software Developer,153969.0,0.98,152.9,A/B Testing
959,2024,Software Developer,153969.0,0.98,152.9,Kubernetes
960,2025,Excel Analyst,166343.0,0.98,138.5,A/B Testing
960,2025,Excel Analyst,166343.0,0.98,138.5,Power BI
960,2025,Excel Analyst,166343.0,0.98,138.5,Legacy VBA
960,2025,Excel Analyst,166343.0,0.98,138.5,dbt
960,2025,Excel Analyst,166343.0,0.98,138.5,Python
960,2025,Excel Analyst,166343.0,0.98,138.5,Data Entry
961,2025,Cloud Architect,140608.0,0.98,133.0,Legacy VBA
961,2025,Cloud Architect,140608.0,0.98,133.0,Tableau
961,2025,Cloud Architect,140608.0,0.98,133.0,Airflow
961,2025,Cloud Architect,140608.0,0.98,133.0,Manual Testing
961,2025,Cloud Architect,140608.0,0.98,133.0,Statistics
962,2023,Data Scientist,202488.0,0.398,129.8,MS Access
962,2023,Data Scientist,202488.0,0.398,129.8,SQL
962,2023,Data Scientist,202488.0,0.398,129.8,Prompt Engineering
963,2024,Data Engineer,309218.0,0.537,112.4,Spark/PySpark
963,2024,Data Engineer,309218.0,0.537,112.4,Statistics
963,2024,Data Engineer,309218.0,0.537,112.4,COBOL
964,2025,Supply Chain Analyst,269979.0,0.98,114.0,Cloud (AWS/GCP)
964,2025,Supply Chain Analyst,269979.0,0.98,114.0,Statistics
964,2025,Supply Chain Analyst,269979.0,0.98,114.0,Legacy VBA
964,2025,Supply Chain Analyst,269979.0,0.98,114.0,R
964,2025,Supply Chain Analyst,269979.0,0.98,114.0,Airflow
964,2025,Supply Chain Analyst,269979.0,0.98,114.0,MS Access
965,2025,Supply Chain Analyst,121141.0,0.05,160.5,LLMs/GenAI
965,2025,Supply Chain Analyst,121141.0,0.05,160.5,MLOps
965,2025,Supply Chain Analyst,121141.0,0.05,160.5,SQL
966,2020,Product Manager,198186.0,0.98,111.5,R
966,2020,Product Manager,198186.0,0.98,111.5,Data Entry
966,2020,Product Manager,198186.0,0.98,111.5,MS Access
966,2020,Product Manager,198186.0,0.98,111.5,Statistics
967,2024,Cloud Architect,192062.0,0.734,155.3,Data Entry
967,2024,Cloud Architect,192062.0,0.734,155.3,MLOps
967,2024,Cloud Architect,192062.0,0.734,155.3,SQL
968,2024,Product Manager,330935.0,0.05,116.0,Airflow
968,2024,Product Manager,330935.0,0.05,116.0,Kubernetes
968,2024,Product Manager,330935.0,0.05,116.0,Cloud (AWS/GCP)
968,2024,Product Manager,330935.0,0.05,116.0,Prompt Engineering
969,2019,Cloud Architect,341614.0,0.98,97.9,Spark/PySpark
969,2019,Cloud Architect,341614.0,0.98,97.9,Copy-Paste Reporting
969,2019,Cloud Architect,341614.0,0.98,97.9,MLOps
969,2019,Cloud Architect,341614.0,0.98,97.9,SQL
969,2019,Cloud Architect,341614.0,0.98,97.9,Excel (Basic)
970,2021,Business Analyst,278794.0,0.98,120.7,Power BI
970,2021,Business Analyst,278794.0,0.98,120.7,MLOps
970,2021,Business Analyst,278794.0,0.98,120.7,Cold Calling
970,2021,Business Analyst,278794.0,0.98,120.7,Vector Databases
970,2021,Business Analyst,278794.0,0.98,120.7,Legacy VBA
970,2021,Business Analyst,278794.0,0.98,120.7,Spark/PySpark
971,2023,Financial Analyst,103473.0,0.98,117.0,R
971,2023,Financial Analyst,103473.0,0.98,117.0,Copy-Paste Reporting
971,2023,Financial Analyst,103473.0,0.98,117.0,Tableau
972,2025,AI Engineer,219989.0,0.861,161.2,Manual Testing
972,2025,AI Engineer,219989.0,0.861,161.2,Prompt Engineering
972,2025,AI Engineer,219989.0,0.861,161.2,Spark/PySpark
972,2025,AI Engineer,219989.0,0.861,161.2,MS Access
973,2025,Operations Analyst,108228.0,0.98,154.9,A/B Testing
973,2025,Operations Analyst,108228.0,0.98,154.9,Crystal Reports
973,2025,Operations Analyst,108228.0,0.98,154.9,Cloud (AWS/GCP)
973,2025,Operations Analyst,108228.0,0.98,154.9,Kubernetes
973,2025,Operations Analyst,108228.0,0.98,154.9,Copy-Paste Reporting
974,2022,HR Analyst,169341.0,0.863,135.2,Machine Learning
974,2022,HR Analyst,169341.0,0.863,135.2,COBOL
974,2022,HR Analyst,169341.0,0.863,135.2,MLOps
974,2022,HR Analyst,169341.0,0.863,135.2,Spark/PySpark
974,2022,HR Analyst,169341.0,0.863,135.2,Crystal Reports
974,2022,HR Analyst,169341.0,0.863,135.2,dbt
975,2025,Excel Analyst,116326.0,0.98,106.0,Prompt Engineering
975,2025,Excel Analyst,116326.0,0.98,106.0,Basic SEO
975,2025,Excel Analyst,116326.0,0.98,106.0,Legacy VBA
975,2025,Excel Analyst,116326.0,0.98,106.0,LLMs/GenAI
975,2025,Excel Analyst,116326.0,0.98,106.0,Python
975,2025,Excel Analyst,116326.0,0.98,106.0,R
976,2022,Supply Chain Analyst,230370.0,0.98,134.8,Deep Learning
976,2022,Supply Chain Analyst,230370.0,0.98,134.8,A/B Testing
976,2022,Supply Chain Analyst,230370.0,0.98,134.8,MS Access
976,2022,Supply Chain Analyst,230370.0,0.98,134.8,Prompt Engineering
976,2022,Supply Chain Analyst,230370.0,0.98,134.8,Cold Calling
976,2022,Supply Chain Analyst,230370.0,0.98,134.8,Crystal Reports
977,2024,SEO Specialist,164828.0,0.98,156.8,Cold Calling
977,2024,SEO Specialist,164828.0,0.98,156.8,COBOL
977,2024,SEO Specialist,164828.0,0.98,156.8,Excel (Basic)
977,2024,SEO Specialist,164828.0,0.98,156.8,Copy-Paste Reporting
977,2024,SEO Specialist,164828.0,0.98,156.8,Machine Learning
978,2024,AI Engineer,323803.0,0.398,159.6,Tableau
978,2024,AI Engineer,323803.0,0.398,159.6,Crystal Reports
978,2024,AI Engineer,323803.0,0.398,159.6,Statistics
978,2024,AI Engineer,323803.0,0.398,159.6,Prompt Engineering
979,2020,SQL Developer,87917.0,0.98,95.5,Legacy VBA
979,2020,SQL Developer,87917.0,0.98,95.5,COBOL
979,2020,SQL Developer,87917.0,0.98,95.5,Copy-Paste Reporting
980,2022,Supply Chain Analyst,186977.0,0.05,123.5,Statistics
980,2022,Supply Chain Analyst,186977.0,0.05,123.5,LLMs/GenAI
980,2022,Supply Chain Analyst,186977.0,0.05,123.5,Machine Learning
980,2022,Supply Chain Analyst,186977.0,0.05,123.5,Cloud (AWS/GCP)
980,2022,Supply Chain Analyst,186977.0,0.05,123.5,A/B Testing
981,2023,QA Engineer,143582.0,0.356,110.7,Cloud (AWS/GCP)
981,2023,QA Engineer,143582.0,0.356,110.7,Airflow
981,2023,QA Engineer,143582.0,0.356,110.7,SQL
982,2024,Accountant,110984.0,0.98,136.9,Copy-Paste Reporting
982,2024,Accountant,110984.0,0.98,136.9,Basic SEO
982,2024,Accountant,110984.0,0.98,136.9,Data Entry
982,2024,Accountant,110984.0,0.98,136.9,SQL
982,2024,Accountant,110984.0,0.98,136.9,Kubernetes
982,2024,Accountant,110984.0,0.98,136.9,COBOL
983,2021,Data Analyst,66182.0,0.98,121.2,Statistics
983,2021,Data Analyst,66182.0,0.98,121.2,Data Entry
983,2021,Data Analyst,66182.0,0.98,121.2,Legacy VBA
984,2020,Data Analyst,262140.0,0.98,109.7,Kubernetes
984,2020,Data Analyst,262140.0,0.98,109.7,Crystal Reports
984,2020,Data Analyst,262140.0,0.98,109.7,MS Access
984,2020,Data Analyst,262140.0,0.98,109.7,Cloud (AWS/GCP)
984,2020,Data Analyst,262140.0,0.98,109.7,Excel (Basic)
984,2020,Data Analyst,262140.0,0.98,109.7,LLMs/GenAI
985,2024,Operations Analyst,257792.0,0.601,150.7,Cloud (AWS/GCP)
985,2024,Operations Analyst,257792.0,0.601,150.7,MLOps
985,2024,Operations Analyst,257792.0,0.601,150.7,Deep Learning
985,2024,Operations Analyst,257792.0,0.601,150.7,Crystal Reports
986,2025,SEO Specialist,147311.0,0.98,142.0,R
986,2025,SEO Specialist,147311.0,0.98,142.0,Basic SEO
986,2025,SEO Specialist,147311.0,0.98,142.0,Copy-Paste Reporting
986,2025,SEO Specialist,147311.0,0.98,142.0,A/B Testing
986,2025,SEO Specialist,147311.0,0.98,142.0,Statistics
986,2025,SEO Specialist,147311.0,0.98,142.0,Deep Learning
987,2023,SEO Specialist,81165.0,0.98,104.1,Copy-Paste Reporting
987,2023,SEO Specialist,81165.0,0.98,104.1,Manual Testing
987,2023,SEO Specialist,81165.0,0.98,104.1,Crystal Reports
987,2023,SEO Specialist,81165.0,0.98,104.1,LLMs/GenAI
988,2022,Cloud Architect,162238.0,0.469,108.4,Data Entry
988,2022,Cloud Architect,162238.0,0.469,108.4,LLMs/GenAI
988,2022,Cloud Architect,162238.0,0.469,108.4,Deep Learning
988,2022,Cloud Architect,162238.0,0.469,108.4,R
989,2025,Business Analyst,129884.0,0.532,113.8,Vector Databases
989,2025,Business Analyst,129884.0,0.532,113.8,R
989,2025,Business Analyst,129884.0,0.532,113.8,LLMs/GenAI
989,2025,Business Analyst,129884.0,0.532,113.8,Power BI
989,2025,Business Analyst,129884.0,0.532,113.8,Legacy VBA
990,2021,Business Analyst,272143.0,0.725,123.6,Spark/PySpark
990,2021,Business Analyst,272143.0,0.725,123.6,Excel (Basic)
990,2021,Business Analyst,272143.0,0.725,123.6,Statistics
990,2021,Business Analyst,272143.0,0.725,123.6,Crystal Reports
990,2021,Business Analyst,272143.0,0.725,123.6,MLOps
990,2021,Business Analyst,272143.0,0.725,123.6,A/B Testing
991,2021,Accountant,169988.0,0.98,101.9,Legacy VBA
991,2021,Accountant,169988.0,0.98,101.9,Basic SEO
991,2021,Accountant,169988.0,0.98,101.9,Machine Learning
992,2020,Data Engineer,253783.0,0.172,109.8,Excel (Basic)
992,2020,Data Engineer,253783.0,0.172,109.8,Vector Databases
992,2020,Data Engineer,253783.0,0.172,109.8,Kubernetes
992,2020,Data Engineer,253783.0,0.172,109.8,Spark/PySpark
993,2022,Data Scientist,402026.0,0.34,129.0,Data Entry
993,2022,Data Scientist,402026.0,0.34,129.0,LLMs/GenAI
993,2022,Data Scientist,402026.0,0.34,129.0,SQL
993,2022,Data Scientist,402026.0,0.34,129.0,Tableau
993,2022,Data Scientist,402026.0,0.34,129.0,Deep Learning
993,2022,Data Scientist,402026.0,0.34,129.0,Kubernetes
994,2024,Data Engineer,323986.0,0.98,149.2,Data Entry
994,2024,Data Engineer,323986.0,0.98,149.2,Crystal Reports
994,2024,Data Engineer,323986.0,0.98,149.2,dbt
994,2024,Data Engineer,323986.0,0.98,149.2,Vector Databases
994,2024,Data Engineer,323986.0,0.98,149.2,Excel (Basic)
995,2025,Content Strategist,223082.0,0.639,105.3,MLOps
995,2025,Content Strategist,223082.0,0.639,105.3,COBOL
995,2025,Content Strategist,223082.0,0.639,105.3,Power BI
995,2025,Content Strategist,223082.0,0.639,105.3,SQL
996,2023,Excel Analyst,56662.0,0.98,91.1,Legacy VBA
996,2023,Excel Analyst,56662.0,0.98,91.1,R
996,2023,Excel Analyst,56662.0,0.98,91.1,Power BI
997,2024,Data Scientist,207873.0,0.98,118.1,Copy-Paste Reporting
997,2024,Data Scientist,207873.0,0.98,118.1,COBOL
997,2024,Data Scientist,207873.0,0.98,118.1,Airflow
997,2024,Data Scientist,207873.0,0.98,118.1,Kubernetes
998,2022,Excel Analyst,161304.0,0.98,114.6,A/B Testing
998,2022,Excel Analyst,161304.0,0.98,114.6,MS Access
998,2022,Excel Analyst,161304.0,0.98,114.6,Prompt Engineering
998,2022,Excel Analyst,161304.0,0.98,114.6,Excel (Basic)
999,2022,Machine Learning Engineer,399655.0,0.157,112.4,R
999,2022,Machine Learning Engineer,399655.0,0.157,112.4,Kubernetes
999,2022,Machine Learning Engineer,399655.0,0.157,112.4,Manual Testing
999,2022,Machine Learning Engineer,399655.0,0.157,112.4,Cloud (AWS/GCP)
999,2022,Machine Learning Engineer,399655.0,0.157,112.4,Machine Learning
1000,2025,Software Developer,195616.0,0.85,142.0,Statistics
1000,2025,Software Developer,195616.0,0.85,142.0,Excel (Basic)
1000,2025,Software Developer,195616.0,0.85,142.0,Spark/PySpark
1000,2025,Software Developer,195616.0,0.85,142.0,Kubernetes
1000,2025,Software Developer,195616.0,0.85,142.0,Python
1000,2025,Software Developer,195616.0,0.85,142.0,Legacy VBA
1001,2020,Supply Chain Analyst,116023.0,0.98,107.7,Machine Learning
1001,2020,Supply Chain Analyst,116023.0,0.98,107.7,MS Access
1001,2020,Supply Chain Analyst,116023.0,0.98,107.7,Data Entry
1001,2020,Supply Chain Analyst,116023.0,0.98,107.7,Vector Databases
1001,2020,Supply Chain Analyst,116023.0,0.98,107.7,Crystal Reports
1002,2024,Accountant,280591.0,0.572,151.0,Vector Databases
1002,2024,Accountant,280591.0,0.572,151.0,COBOL
1002,2024,Accountant,280591.0,0.572,151.0,Tableau
1002,2024,Accountant,280591.0,0.572,151.0,A/B Testing
1002,2024,Accountant,280591.0,0.572,151.0,Prompt Engineering
1002,2024,Accountant,280591.0,0.572,151.0,Kubernetes
1003,2023,Operations Analyst,148730.0,0.98,138.8,Power BI
1003,2023,Operations Analyst,148730.0,0.98,138.8,Cold Calling
1003,2023,Operations Analyst,148730.0,0.98,138.8,MLOps
1003,2023,Operations Analyst,148730.0,0.98,138.8,Copy-Paste Reporting
1003,2023,Operations Analyst,148730.0,0.98,138.8,Deep Learning
1004,2019,Product Manager,162644.0,0.317,106.6,Deep Learning
1004,2019,Product Manager,162644.0,0.317,106.6,MS Access
1004,2019,Product Manager,162644.0,0.317,106.6,Prompt Engineering
1005,2022,Data Analyst,171852.0,0.98,106.8,Statistics
1005,2022,Data Analyst,171852.0,0.98,106.8,A/B Testing
1005,2022,Data Analyst,171852.0,0.98,106.8,Legacy VBA
1005,2022,Data Analyst,171852.0,0.98,106.8,COBOL
1005,2022,Data Analyst,171852.0,0.98,106.8,R
1005,2022,Data Analyst,171852.0,0.98,106.8,Crystal Reports
1006,2019,Accountant,103191.0,0.98,85.8,Airflow
1006,2019,Accountant,103191.0,0.98,85.8,MS Access
1006,2019,Accountant,103191.0,0.98,85.8,Legacy VBA
1006,2019,Accountant,103191.0,0.98,85.8,Basic SEO
1006,2019,Accountant,103191.0,0.98,85.8,A/B Testing
1007,2019,Accountant,229469.0,0.627,106.0,LLMs/GenAI
1007,2019,Accountant,229469.0,0.627,106.0,Deep Learning
1007,2019,Accountant,229469.0,0.627,106.0,Vector Databases
1007,2019,Accountant,229469.0,0.627,106.0,Basic SEO
1008,2021,Business Analyst,231230.0,0.468,114.8,Vector Databases
1008,2021,Business Analyst,231230.0,0.468,114.8,Cloud (AWS/GCP)
1008,2021,Business Analyst,231230.0,0.468,114.8,MLOps
1008,2021,Business Analyst,231230.0,0.468,114.8,Legacy VBA
1009,2023,Machine Learning Engineer,259491.0,0.98,131.7,Kubernetes
1009,2023,Machine Learning Engineer,259491.0,0.98,131.7,dbt
1009,2023,Machine Learning Engineer,259491.0,0.98,131.7,Python
1009,2023,Machine Learning Engineer,259491.0,0.98,131.7,MS Access
1009,2023,Machine Learning Engineer,259491.0,0.98,131.7,Data Entry
1010,2020,AI Engineer,453348.0,0.05,105.2,Machine Learning
1010,2020,AI Engineer,453348.0,0.05,105.2,Vector Databases
1010,2020,AI Engineer,453348.0,0.05,105.2,Python
1010,2020,AI Engineer,453348.0,0.05,105.2,Manual Testing
1010,2020,AI Engineer,453348.0,0.05,105.2,Tableau
1010,2020,AI Engineer,453348.0,0.05,105.2,MLOps
1011,2019,Data Analyst,178658.0,0.05,102.3,Python
1011,2019,Data Analyst,178658.0,0.05,102.3,Cloud (AWS/GCP)
1011,2019,Data Analyst,178658.0,0.05,102.3,Power BI
1011,2019,Data Analyst,178658.0,0.05,102.3,Statistics
1011,2019,Data Analyst,178658.0,0.05,102.3,dbt
1012,2023,Data Engineer,234641.0,0.98,120.2,Spark/PySpark
1012,2023,Data Engineer,234641.0,0.98,120.2,Cold Calling
1012,2023,Data Engineer,234641.0,0.98,120.2,Legacy VBA
1013,2022,Software Developer,271498.0,0.2,120.9,LLMs/GenAI
1013,2022,Software Developer,271498.0,0.2,120.9,R
1013,2022,Software Developer,271498.0,0.2,120.9,COBOL
1013,2022,Software Developer,271498.0,0.2,120.9,Kubernetes
1013,2022,Software Developer,271498.0,0.2,120.9,Cloud (AWS/GCP)
1013,2022,Software Developer,271498.0,0.2,120.9,Tableau
1014,2022,BI Developer,114529.0,0.98,112.7,Vector Databases
1014,2022,BI Developer,114529.0,0.98,112.7,Copy-Paste Reporting
1014,2022,BI Developer,114529.0,0.98,112.7,Crystal Reports
1015,2020,AI Engineer,181951.0,0.532,115.1,MS Access
1015,2020,AI Engineer,181951.0,0.532,115.1,MLOps
1015,2020,AI Engineer,181951.0,0.532,115.1,Machine Learning
1015,2020,AI Engineer,181951.0,0.532,115.1,LLMs/GenAI
1015,2020,AI Engineer,181951.0,0.532,115.1,Legacy VBA
1015,2020,AI Engineer,181951.0,0.532,115.1,dbt
1016,2024,Statistician,112937.0,0.98,133.4,COBOL
1016,2024,Statistician,112937.0,0.98,133.4,Legacy VBA
1016,2024,Statistician,112937.0,0.98,133.4,Crystal Reports
1016,2024,Statistician,112937.0,0.98,133.4,Spark/PySpark
1016,2024,Statistician,112937.0,0.98,133.4,MLOps
1016,2024,Statistician,112937.0,0.98,133.4,SQL
1017,2024,Software Developer,182127.0,0.05,103.8,Spark/PySpark
1017,2024,Software Developer,182127.0,0.05,103.8,Vector Databases
1017,2024,Software Developer,182127.0,0.05,103.8,A/B Testing
1018,2024,Excel Analyst,79984.0,0.466,95.2,Power BI
1018,2024,Excel Analyst,79984.0,0.466,95.2,Statistics
1018,2024,Excel Analyst,79984.0,0.466,95.2,Prompt Engineering
1019,2019,QA Engineer,145674.0,0.894,97.2,Airflow
1019,2019,QA Engineer,145674.0,0.894,97.2,Kubernetes
1019,2019,QA Engineer,145674.0,0.894,97.2,Cold Calling
1019,2019,QA Engineer,145674.0,0.894,97.2,Cloud (AWS/GCP)
1020,2024,Excel Analyst,127443.0,0.98,113.6,Crystal Reports
1020,2024,Excel Analyst,127443.0,0.98,113.6,MS Access
1020,2024,Excel Analyst,127443.0,0.98,113.6,A/B Testing
1021,2020,Financial Analyst,152262.0,0.05,110.8,SQL
1021,2020,Financial Analyst,152262.0,0.05,110.8,Machine Learning
1021,2020,Financial Analyst,152262.0,0.05,110.8,Kubernetes
1021,2020,Financial Analyst,152262.0,0.05,110.8,dbt
1022,2022,Data Analyst,194723.0,0.19,116.8,SQL
1022,2022,Data Analyst,194723.0,0.19,116.8,Power BI
1022,2022,Data Analyst,194723.0,0.19,116.8,A/B Testing
1023,2024,Excel Analyst,150524.0,0.98,91.6,Machine Learning
1023,2024,Excel Analyst,150524.0,0.98,91.6,A/B Testing
1023,2024,Excel Analyst,150524.0,0.98,91.6,Power BI
1023,2024,Excel Analyst,150524.0,0.98,91.6,Data Entry
1023,2024,Excel Analyst,150524.0,0.98,91.6,Copy-Paste Reporting
1023,2024,Excel Analyst,150524.0,0.98,91.6,Prompt Engineering
1024,2021,Statistician,228006.0,0.742,118.9,Machine Learning
1024,2021,Statistician,228006.0,0.742,118.9,LLMs/GenAI
1024,2021,Statistician,228006.0,0.742,118.9,Python
1024,2021,Statistician,228006.0,0.742,118.9,Legacy VBA
1024,2021,Statistician,228006.0,0.742,118.9,MS Access
1025,2021,Digital Marketer,263091.0,0.05,102.6,LLMs/GenAI
1025,2021,Digital Marketer,263091.0,0.05,102.6,Kubernetes
1025,2021,Digital Marketer,263091.0,0.05,102.6,Statistics
1025,2021,Digital Marketer,263091.0,0.05,102.6,Vector Databases
1025,2021,Digital Marketer,263091.0,0.05,102.6,MLOps
1025,2021,Digital Marketer,263091.0,0.05,102.6,Prompt Engineering
1026,2024,Data Analyst,211590.0,0.98,139.2,MS Access
1026,2024,Data Analyst,211590.0,0.98,139.2,COBOL
1026,2024,Data Analyst,211590.0,0.98,139.2,Vector Databases
1026,2024,Data Analyst,211590.0,0.98,139.2,Cold Calling
1026,2024,Data Analyst,211590.0,0.98,139.2,Excel (Basic)
1027,2021,Excel Analyst,178620.0,0.98,102.4,Deep Learning
1027,2021,Excel Analyst,178620.0,0.98,102.4,Cloud (AWS/GCP)
1027,2021,Excel Analyst,178620.0,0.98,102.4,Spark/PySpark
1027,2021,Excel Analyst,178620.0,0.98,102.4,Data Entry
1027,2021,Excel Analyst,178620.0,0.98,102.4,MS Access
1027,2021,Excel Analyst,178620.0,0.98,102.4,Manual Testing
1028,2023,HR Analyst,110701.0,0.681,116.1,Deep Learning
1028,2023,HR Analyst,110701.0,0.681,116.1,R
1028,2023,HR Analyst,110701.0,0.681,116.1,Manual Testing
1029,2024,Digital Marketer,121695.0,0.314,137.2,Spark/PySpark
1029,2024,Digital Marketer,121695.0,0.314,137.2,dbt
1029,2024,Digital Marketer,121695.0,0.314,137.2,Power BI
1030,2021,SEO Specialist,153514.0,0.271,113.1,Power BI
1030,2021,SEO Specialist,153514.0,0.271,113.1,Deep Learning
1030,2021,SEO Specialist,153514.0,0.271,113.1,Statistics
1031,2023,Data Analyst,126210.0,0.753,146.4,Prompt Engineering
1031,2023,Data Analyst,126210.0,0.753,146.4,Machine Learning
1031,2023,Data Analyst,126210.0,0.753,146.4,Excel (Basic)
1031,2023,Data Analyst,126210.0,0.753,146.4,COBOL
1032,2020,Product Manager,247559.0,0.559,113.5,LLMs/GenAI
1032,2020,Product Manager,247559.0,0.559,113.5,Tableau
1032,2020,Product Manager,247559.0,0.559,113.5,Cold Calling
1033,2023,Software Developer,295058.0,0.178,131.0,LLMs/GenAI
1033,2023,Software Developer,295058.0,0.178,131.0,Python
1033,2023,Software Developer,295058.0,0.178,131.0,Excel (Basic)
1033,2023,Software Developer,295058.0,0.178,131.0,dbt
1034,2019,Content Strategist,183474.0,0.98,104.3,Prompt Engineering
1034,2019,Content Strategist,183474.0,0.98,104.3,Copy-Paste Reporting
1034,2019,Content Strategist,183474.0,0.98,104.3,Airflow
1034,2019,Content Strategist,183474.0,0.98,104.3,Crystal Reports
1034,2019,Content Strategist,183474.0,0.98,104.3,Kubernetes
1035,2020,Excel Analyst,102034.0,0.98,101.3,Machine Learning
1035,2020,Excel Analyst,102034.0,0.98,101.3,Data Entry
1035,2020,Excel Analyst,102034.0,0.98,101.3,Spark/PySpark
1035,2020,Excel Analyst,102034.0,0.98,101.3,Kubernetes
1035,2020,Excel Analyst,102034.0,0.98,101.3,Copy-Paste Reporting
1036,2024,Excel Analyst,92932.0,0.98,136.5,Data Entry
1036,2024,Excel Analyst,92932.0,0.98,136.5,Vector Databases
1036,2024,Excel Analyst,92932.0,0.98,136.5,Manual Testing
1037,2021,Data Scientist,378363.0,0.624,114.7,Manual Testing
1037,2021,Data Scientist,378363.0,0.624,114.7,Prompt Engineering
1037,2021,Data Scientist,378363.0,0.624,114.7,MLOps
1037,2021,Data Scientist,378363.0,0.624,114.7,Machine Learning
1037,2021,Data Scientist,378363.0,0.624,114.7,Data Entry
1037,2021,Data Scientist,378363.0,0.624,114.7,Python
1038,2020,Product Manager,161815.0,0.98,103.7,R
1038,2020,Product Manager,161815.0,0.98,103.7,Legacy VBA
1038,2020,Product Manager,161815.0,0.98,103.7,Copy-Paste Reporting
1039,2025,Financial Analyst,113207.0,0.748,127.2,Basic SEO
1039,2025,Financial Analyst,113207.0,0.748,127.2,Tableau
1039,2025,Financial Analyst,113207.0,0.748,127.2,Airflow
1039,2025,Financial Analyst,113207.0,0.748,127.2,MLOps
1040,2023,HR Analyst,194001.0,0.731,152.4,MS Access
1040,2023,HR Analyst,194001.0,0.731,152.4,Power BI
1040,2023,HR Analyst,194001.0,0.731,152.4,Vector Databases
1040,2023,HR Analyst,194001.0,0.731,152.4,Spark/PySpark
1041,2019,Digital Marketer,91582.0,0.98,102.5,dbt
1041,2019,Digital Marketer,91582.0,0.98,102.5,Excel (Basic)
1041,2019,Digital Marketer,91582.0,0.98,102.5,Statistics
1041,2019,Digital Marketer,91582.0,0.98,102.5,MS Access
1042,2021,Data Analyst,184532.0,0.98,116.2,Legacy VBA
1042,2021,Data Analyst,184532.0,0.98,116.2,Manual Testing
1042,2021,Data Analyst,184532.0,0.98,116.2,dbt
1042,2021,Data Analyst,184532.0,0.98,116.2,Deep Learning
1042,2021,Data Analyst,184532.0,0.98,116.2,Spark/PySpark
1042,2021,Data Analyst,184532.0,0.98,116.2,Cold Calling
1043,2022,HR Analyst,133750.0,0.98,124.5,MS Access
1043,2022,HR Analyst,133750.0,0.98,124.5,Cold Calling
1043,2022,HR Analyst,133750.0,0.98,124.5,COBOL
1043,2022,HR Analyst,133750.0,0.98,124.5,Python
1044,2022,Software Developer,110011.0,0.772,108.3,Spark/PySpark
1044,2022,Software Developer,110011.0,0.772,108.3,Airflow
1044,2022,Software Developer,110011.0,0.772,108.3,Cold Calling
1045,2020,HR Analyst,126951.0,0.98,105.6,R
1045,2020,HR Analyst,126951.0,0.98,105.6,MS Access
1045,2020,HR Analyst,126951.0,0.98,105.6,Basic SEO
1046,2024,Data Scientist,246902.0,0.074,117.1,Basic SEO
1046,2024,Data Scientist,246902.0,0.074,117.1,LLMs/GenAI
1046,2024,Data Scientist,246902.0,0.074,117.1,Prompt Engineering
1046,2024,Data Scientist,246902.0,0.074,117.1,MLOps
1046,2024,Data Scientist,246902.0,0.074,117.1,Statistics
1046,2024,Data Scientist,246902.0,0.074,117.1,Spark/PySpark
1047,2023,Operations Analyst,174682.0,0.682,134.0,Basic SEO
1047,2023,Operations Analyst,174682.0,0.682,134.0,Machine Learning
1047,2023,Operations Analyst,174682.0,0.682,134.0,Cloud (AWS/GCP)
1048,2019,Content Strategist,161413.0,0.087,97.0,Python
1048,2019,Content Strategist,161413.0,0.087,97.0,Airflow
1048,2019,Content Strategist,161413.0,0.087,97.0,Power BI
1048,2019,Content Strategist,161413.0,0.087,97.0,SQL
1049,2024,AI Engineer,289598.0,0.05,110.3,LLMs/GenAI
1049,2024,AI Engineer,289598.0,0.05,110.3,Cloud (AWS/GCP)
1049,2024,AI Engineer,289598.0,0.05,110.3,Airflow
1049,2024,AI Engineer,289598.0,0.05,110.3,Basic SEO
1049,2024,AI Engineer,289598.0,0.05,110.3,Prompt Engineering
1049,2024,AI Engineer,289598.0,0.05,110.3,Vector Databases
1050,2021,Machine Learning Engineer,284454.0,0.05,111.5,LLMs/GenAI
1050,2021,Machine Learning Engineer,284454.0,0.05,111.5,Power BI
1050,2021,Machine Learning Engineer,284454.0,0.05,111.5,A/B Testing
1050,2021,Machine Learning Engineer,284454.0,0.05,111.5,MLOps
1051,2024,QA Engineer,180272.0,0.784,88.9,Vector Databases
1051,2024,QA Engineer,180272.0,0.784,88.9,Cloud (AWS/GCP)
1051,2024,QA Engineer,180272.0,0.784,88.9,Kubernetes
1051,2024,QA Engineer,180272.0,0.784,88.9,Statistics
1051,2024,QA Engineer,180272.0,0.784,88.9,Legacy VBA
1052,2021,Operations Analyst,103257.0,0.05,110.3,MLOps
1052,2021,Operations Analyst,103257.0,0.05,110.3,Spark/PySpark
1052,2021,Operations Analyst,103257.0,0.05,110.3,SQL
1052,2021,Operations Analyst,103257.0,0.05,110.3,Tableau
1053,2025,Digital Marketer,131812.0,0.903,129.6,MS Access
1053,2025,Digital Marketer,131812.0,0.903,129.6,Kubernetes
1053,2025,Digital Marketer,131812.0,0.903,129.6,Spark/PySpark
1053,2025,Digital Marketer,131812.0,0.903,129.6,Deep Learning
1053,2025,Digital Marketer,131812.0,0.903,129.6,MLOps
1053,2025,Digital Marketer,131812.0,0.903,129.6,COBOL
1054,2022,DevOps Engineer,238442.0,0.98,132.3,Crystal Reports
1054,2022,DevOps Engineer,238442.0,0.98,132.3,Power BI
1054,2022,DevOps Engineer,238442.0,0.98,132.3,Manual Testing
1054,2022,DevOps Engineer,238442.0,0.98,132.3,Data Entry
1054,2022,DevOps Engineer,238442.0,0.98,132.3,MLOps
1054,2022,DevOps Engineer,238442.0,0.98,132.3,Spark/PySpark
1055,2024,Excel Analyst,157257.0,0.98,98.5,R
1055,2024,Excel Analyst,157257.0,0.98,98.5,Copy-Paste Reporting
1055,2024,Excel Analyst,157257.0,0.98,98.5,Statistics
1055,2024,Excel Analyst,157257.0,0.98,98.5,Basic SEO
1055,2024,Excel Analyst,157257.0,0.98,98.5,Cold Calling
1055,2024,Excel Analyst,157257.0,0.98,98.5,Airflow
1056,2023,Operations Analyst,223973.0,0.588,108.9,Crystal Reports
1056,2023,Operations Analyst,223973.0,0.588,108.9,Deep Learning
1056,2023,Operations Analyst,223973.0,0.588,108.9,Airflow
1056,2023,Operations Analyst,223973.0,0.588,108.9,Vector Databases
1057,2025,Data Analyst,210311.0,0.848,158.2,Cloud (AWS/GCP)
1057,2025,Data Analyst,210311.0,0.848,158.2,Machine Learning
1057,2025,Data Analyst,210311.0,0.848,158.2,Vector Databases
1057,2025,Data Analyst,210311.0,0.848,158.2,Copy-Paste Reporting
1058,2025,Data Engineer,294566.0,0.98,122.9,Airflow
1058,2025,Data Engineer,294566.0,0.98,122.9,dbt
1058,2025,Data Engineer,294566.0,0.98,122.9,Copy-Paste Reporting
1058,2025,Data Engineer,294566.0,0.98,122.9,Machine Learning
1058,2025,Data Engineer,294566.0,0.98,122.9,MS Access
1058,2025,Data Engineer,294566.0,0.98,122.9,Spark/PySpark
1059,2024,Operations Analyst,156988.0,0.98,106.4,Vector Databases
1059,2024,Operations Analyst,156988.0,0.98,106.4,Machine Learning
1059,2024,Operations Analyst,156988.0,0.98,106.4,Crystal Reports
1059,2024,Operations Analyst,156988.0,0.98,106.4,Cloud (AWS/GCP)
1059,2024,Operations Analyst,156988.0,0.98,106.4,Legacy VBA
1059,2024,Operations Analyst,156988.0,0.98,106.4,Excel (Basic)
1060,2025,Accountant,169992.0,0.539,164.4,Spark/PySpark
1060,2025,Accountant,169992.0,0.539,164.4,Deep Learning
1060,2025,Accountant,169992.0,0.539,164.4,Airflow
1060,2025,Accountant,169992.0,0.539,164.4,Python
1060,2025,Accountant,169992.0,0.539,164.4,Excel (Basic)
1061,2022,Data Engineer,192479.0,0.431,123.9,Statistics
1061,2022,Data Engineer,192479.0,0.431,123.9,Power BI
1061,2022,Data Engineer,192479.0,0.431,123.9,MS Access
1061,2022,Data Engineer,192479.0,0.431,123.9,MLOps
1061,2022,Data Engineer,192479.0,0.431,123.9,Tableau
1062,2024,Data Analyst,141671.0,0.98,154.2,Data Entry
1062,2024,Data Analyst,141671.0,0.98,154.2,Machine Learning
1062,2024,Data Analyst,141671.0,0.98,154.2,Manual Testing
1063,2023,BI Developer,115703.0,0.947,140.8,R
1063,2023,BI Developer,115703.0,0.947,140.8,Crystal Reports
1063,2023,BI Developer,115703.0,0.947,140.8,Kubernetes
1063,2023,BI Developer,115703.0,0.947,140.8,Excel (Basic)
1063,2023,BI Developer,115703.0,0.947,140.8,A/B Testing
1063,2023,BI Developer,115703.0,0.947,140.8,Prompt Engineering
1064,2022,BI Developer,225760.0,0.933,116.1,Spark/PySpark
1064,2022,BI Developer,225760.0,0.933,116.1,MS Access
1064,2022,BI Developer,225760.0,0.933,116.1,dbt
1064,2022,BI Developer,225760.0,0.933,116.1,SQL
1064,2022,BI Developer,225760.0,0.933,116.1,Manual Testing
1064,2022,BI Developer,225760.0,0.933,116.1,Machine Learning
1065,2020,Product Manager,310298.0,0.98,96.0,Statistics
1065,2020,Product Manager,310298.0,0.98,96.0,MLOps
1065,2020,Product Manager,310298.0,0.98,96.0,Data Entry
1065,2020,Product Manager,310298.0,0.98,96.0,COBOL
1065,2020,Product Manager,310298.0,0.98,96.0,SQL
1065,2020,Product Manager,310298.0,0.98,96.0,MS Access
1066,2025,DevOps Engineer,323927.0,0.05,138.8,Cloud (AWS/GCP)
1066,2025,DevOps Engineer,323927.0,0.05,138.8,Deep Learning
1066,2025,DevOps Engineer,323927.0,0.05,138.8,Vector Databases
1067,2025,Cloud Architect,180988.0,0.05,148.8,R
1067,2025,Cloud Architect,180988.0,0.05,148.8,Cloud (AWS/GCP)
1067,2025,Cloud Architect,180988.0,0.05,148.8,Deep Learning
1067,2025,Cloud Architect,180988.0,0.05,148.8,dbt
1068,2025,AI Engineer,239027.0,0.05,177.0,Airflow
1068,2025,AI Engineer,239027.0,0.05,177.0,Kubernetes
1068,2025,AI Engineer,239027.0,0.05,177.0,Deep Learning
1069,2023,Business Analyst,288278.0,0.05,104.5,MLOps
1069,2023,Business Analyst,288278.0,0.05,104.5,Deep Learning
1069,2023,Business Analyst,288278.0,0.05,104.5,Prompt Engineering
1070,2021,AI Engineer,323140.0,0.977,120.3,Cold Calling
1070,2021,AI Engineer,323140.0,0.977,120.3,SQL
1070,2021,AI Engineer,323140.0,0.977,120.3,MS Access
1070,2021,AI Engineer,323140.0,0.977,120.3,Vector Databases
1070,2021,AI Engineer,323140.0,0.977,120.3,Spark/PySpark
1071,2019,Cloud Architect,270967.0,0.585,108.3,Python
1071,2019,Cloud Architect,270967.0,0.585,108.3,Excel (Basic)
1071,2019,Cloud Architect,270967.0,0.585,108.3,COBOL
1071,2019,Cloud Architect,270967.0,0.585,108.3,SQL
1072,2025,Business Analyst,205703.0,0.98,169.4,Deep Learning
1072,2025,Business Analyst,205703.0,0.98,169.4,Data Entry
1072,2025,Business Analyst,205703.0,0.98,169.4,Copy-Paste Reporting
1072,2025,Business Analyst,205703.0,0.98,169.4,Crystal Reports
1072,2025,Business Analyst,205703.0,0.98,169.4,Airflow
1072,2025,Business Analyst,205703.0,0.98,169.4,dbt
1073,2024,Data Engineer,213904.0,0.149,124.3,Tableau
1073,2024,Data Engineer,213904.0,0.149,124.3,COBOL
1073,2024,Data Engineer,213904.0,0.149,124.3,Spark/PySpark
1073,2024,Data Engineer,213904.0,0.149,124.3,MLOps
1073,2024,Data Engineer,213904.0,0.149,124.3,Prompt Engineering
1074,2025,QA Engineer,118319.0,0.98,123.5,Manual Testing
1074,2025,QA Engineer,118319.0,0.98,123.5,Deep Learning
1074,2025,QA Engineer,118319.0,0.98,123.5,Spark/PySpark
1074,2025,QA Engineer,118319.0,0.98,123.5,Excel (Basic)
1075,2022,Machine Learning Engineer,149962.0,0.05,116.8,Statistics
1075,2022,Machine Learning Engineer,149962.0,0.05,116.8,Cloud (AWS/GCP)
1075,2022,Machine Learning Engineer,149962.0,0.05,116.8,Tableau
1076,2021,BI Developer,125391.0,0.98,119.5,Vector Databases
1076,2021,BI Developer,125391.0,0.98,119.5,Deep Learning
1076,2021,BI Developer,125391.0,0.98,119.5,LLMs/GenAI
1076,2021,BI Developer,125391.0,0.98,119.5,Crystal Reports
1076,2021,BI Developer,125391.0,0.98,119.5,Cold Calling
1077,2022,Statistician,297156.0,0.084,131.4,Machine Learning
1077,2022,Statistician,297156.0,0.084,131.4,Vector Databases
1077,2022,Statistician,297156.0,0.084,131.4,Prompt Engineering
1077,2022,Statistician,297156.0,0.084,131.4,SQL
1077,2022,Statistician,297156.0,0.084,131.4,Power BI
1077,2022,Statistician,297156.0,0.084,131.4,Manual Testing
1078,2020,IT Support Specialist,159764.0,0.733,111.1,Vector Databases
1078,2020,IT Support Specialist,159764.0,0.733,111.1,Deep Learning
1078,2020,IT Support Specialist,159764.0,0.733,111.1,Legacy VBA
1078,2020,IT Support Specialist,159764.0,0.733,111.1,Power BI
1078,2020,IT Support Specialist,159764.0,0.733,111.1,A/B Testing
1079,2024,Business Analyst,230522.0,0.98,129.6,Spark/PySpark
1079,2024,Business Analyst,230522.0,0.98,129.6,Copy-Paste Reporting
1079,2024,Business Analyst,230522.0,0.98,129.6,Cloud (AWS/GCP)
1080,2020,Financial Analyst,218533.0,0.98,111.4,Copy-Paste Reporting
1080,2020,Financial Analyst,218533.0,0.98,111.4,Tableau
1080,2020,Financial Analyst,218533.0,0.98,111.4,Legacy VBA
1080,2020,Financial Analyst,218533.0,0.98,111.4,Deep Learning
1080,2020,Financial Analyst,218533.0,0.98,111.4,Vector Databases
1080,2020,Financial Analyst,218533.0,0.98,111.4,Basic SEO
1081,2023,IT Support Specialist,59462.0,0.98,87.6,SQL
1081,2023,IT Support Specialist,59462.0,0.98,87.6,Cold Calling
1081,2023,IT Support Specialist,59462.0,0.98,87.6,Power BI
1082,2021,Data Scientist,248946.0,0.875,117.0,dbt
1082,2021,Data Scientist,248946.0,0.875,117.0,Crystal Reports
1082,2021,Data Scientist,248946.0,0.875,117.0,MS Access
1082,2021,Data Scientist,248946.0,0.875,117.0,Statistics
1082,2021,Data Scientist,248946.0,0.875,117.0,Cloud (AWS/GCP)
1082,2021,Data Scientist,248946.0,0.875,117.0,Kubernetes
1083,2023,Data Engineer,268186.0,0.98,111.6,Excel (Basic)
1083,2023,Data Engineer,268186.0,0.98,111.6,Machine Learning
1083,2023,Data Engineer,268186.0,0.98,111.6,Manual Testing
1083,2023,Data Engineer,268186.0,0.98,111.6,Cold Calling
1083,2023,Data Engineer,268186.0,0.98,111.6,SQL
1084,2025,DevOps Engineer,254520.0,0.978,170.6,dbt
1084,2025,DevOps Engineer,254520.0,0.978,170.6,Copy-Paste Reporting
1084,2025,DevOps Engineer,254520.0,0.978,170.6,Python
1085,2024,QA Engineer,221105.0,0.287,107.1,Spark/PySpark
1085,2024,QA Engineer,221105.0,0.287,107.1,Deep Learning
1085,2024,QA Engineer,221105.0,0.287,107.1,Kubernetes
1086,2021,Operations Analyst,200922.0,0.98,101.5,Legacy VBA
1086,2021,Operations Analyst,200922.0,0.98,101.5,Kubernetes
1086,2021,Operations Analyst,200922.0,0.98,101.5,LLMs/GenAI
1086,2021,Operations Analyst,200922.0,0.98,101.5,Basic SEO
1087,2022,Cloud Architect,244207.0,0.98,109.6,Power BI
1087,2022,Cloud Architect,244207.0,0.98,109.6,Statistics
1087,2022,Cloud Architect,244207.0,0.98,109.6,R
1087,2022,Cloud Architect,244207.0,0.98,109.6,Crystal Reports
1087,2022,Cloud Architect,244207.0,0.98,109.6,COBOL
1088,2024,QA Engineer,136242.0,0.98,100.8,R
1088,2024,QA Engineer,136242.0,0.98,100.8,COBOL
1088,2024,QA Engineer,136242.0,0.98,100.8,Manual Testing
1089,2024,Supply Chain Analyst,244302.0,0.98,113.1,Legacy VBA
1089,2024,Supply Chain Analyst,244302.0,0.98,113.1,Basic SEO
1089,2024,Supply Chain Analyst,244302.0,0.98,113.1,MS Access
1089,2024,Supply Chain Analyst,244302.0,0.98,113.1,MLOps
1089,2024,Supply Chain Analyst,244302.0,0.98,113.1,Python
1090,2022,Data Engineer,332193.0,0.282,128.3,Kubernetes
1090,2022,Data Engineer,332193.0,0.282,128.3,A/B Testing
1090,2022,Data Engineer,332193.0,0.282,128.3,MS Access
1090,2022,Data Engineer,332193.0,0.282,128.3,Python
1090,2022,Data Engineer,332193.0,0.282,128.3,Tableau
1090,2022,Data Engineer,332193.0,0.282,128.3,Spark/PySpark
1091,2024,Financial Analyst,80343.0,0.98,122.7,Power BI
1091,2024,Financial Analyst,80343.0,0.98,122.7,Crystal Reports
1091,2024,Financial Analyst,80343.0,0.98,122.7,R
1091,2024,Financial Analyst,80343.0,0.98,122.7,Cold Calling
1092,2022,SQL Developer,170606.0,0.678,106.8,Vector Databases
1092,2022,SQL Developer,170606.0,0.678,106.8,Basic SEO
1092,2022,SQL Developer,170606.0,0.678,106.8,Python
1093,2021,Content Strategist,96019.0,0.98,123.9,Power BI
1093,2021,Content Strategist,96019.0,0.98,123.9,Vector Databases
1093,2021,Content Strategist,96019.0,0.98,123.9,Basic SEO
1093,2021,Content Strategist,96019.0,0.98,123.9,R
1093,2021,Content Strategist,96019.0,0.98,123.9,Copy-Paste Reporting
1093,2021,Content Strategist,96019.0,0.98,123.9,A/B Testing
1094,2021,Machine Learning Engineer,202270.0,0.214,109.9,LLMs/GenAI
1094,2021,Machine Learning Engineer,202270.0,0.214,109.9,R
1094,2021,Machine Learning Engineer,202270.0,0.214,109.9,Manual Testing
1094,2021,Machine Learning Engineer,202270.0,0.214,109.9,Power BI
1094,2021,Machine Learning Engineer,202270.0,0.214,109.9,SQL
1095,2024,Operations Analyst,171459.0,0.98,107.4,Deep Learning
1095,2024,Operations Analyst,171459.0,0.98,107.4,COBOL
1095,2024,Operations Analyst,171459.0,0.98,107.4,Basic SEO
1096,2024,Data Analyst,216092.0,0.98,131.1,MS Access
1096,2024,Data Analyst,216092.0,0.98,131.1,Cold Calling
1096,2024,Data Analyst,216092.0,0.98,131.1,Manual Testing
1096,2024,Data Analyst,216092.0,0.98,131.1,R
1096,2024,Data Analyst,216092.0,0.98,131.1,Cloud (AWS/GCP)
1096,2024,Data Analyst,216092.0,0.98,131.1,Data Entry
1097,2023,Business Analyst,139146.0,0.881,119.7,Cold Calling
1097,2023,Business Analyst,139146.0,0.881,119.7,Tableau
1097,2023,Business Analyst,139146.0,0.881,119.7,R
1097,2023,Business Analyst,139146.0,0.881,119.7,SQL
1098,2025,Digital Marketer,68635.0,0.98,170.1,Basic SEO
1098,2025,Digital Marketer,68635.0,0.98,170.1,Data Entry
1098,2025,Digital Marketer,68635.0,0.98,170.1,Crystal Reports
1098,2025,Digital Marketer,68635.0,0.98,170.1,MS Access
1098,2025,Digital Marketer,68635.0,0.98,170.1,SQL
1098,2025,Digital Marketer,68635.0,0.98,170.1,Python
1099,2025,Excel Analyst,186474.0,0.98,104.9,Prompt Engineering
1099,2025,Excel Analyst,186474.0,0.98,104.9,Basic SEO
1099,2025,Excel Analyst,186474.0,0.98,104.9,COBOL
1099,2025,Excel Analyst,186474.0,0.98,104.9,Power BI
1099,2025,Excel Analyst,186474.0,0.98,104.9,Legacy VBA
1100,2022,Business Analyst,88394.0,0.98,121.7,Basic SEO
1100,2022,Business Analyst,88394.0,0.98,121.7,A/B Testing
1100,2022,Business Analyst,88394.0,0.98,121.7,MS Access
1100,2022,Business Analyst,88394.0,0.98,121.7,Manual Testing
1100,2022,Business Analyst,88394.0,0.98,121.7,MLOps
1101,2023,QA Engineer,103442.0,0.98,91.1,Manual Testing
1101,2023,QA Engineer,103442.0,0.98,91.1,Data Entry
1101,2023,QA Engineer,103442.0,0.98,91.1,SQL
1101,2023,QA Engineer,103442.0,0.98,91.1,Basic SEO
1102,2023,QA Engineer,208271.0,0.05,121.7,MLOps
1102,2023,QA Engineer,208271.0,0.05,121.7,A/B Testing
1102,2023,QA Engineer,208271.0,0.05,121.7,LLMs/GenAI
1102,2023,QA Engineer,208271.0,0.05,121.7,Power BI
1102,2023,QA Engineer,208271.0,0.05,121.7,Airflow
1102,2023,QA Engineer,208271.0,0.05,121.7,Cloud (AWS/GCP)
1103,2020,Content Strategist,109900.0,0.476,111.7,Basic SEO
1103,2020,Content Strategist,109900.0,0.476,111.7,R
1103,2020,Content Strategist,109900.0,0.476,111.7,LLMs/GenAI
1103,2020,Content Strategist,109900.0,0.476,111.7,MLOps
1103,2020,Content Strategist,109900.0,0.476,111.7,dbt
1104,2019,QA Engineer,67873.0,0.98,102.2,Manual Testing
1104,2019,QA Engineer,67873.0,0.98,102.2,Crystal Reports
1104,2019,QA Engineer,67873.0,0.98,102.2,R
1105,2019,Financial Analyst,236730.0,0.98,98.2,Data Entry
1105,2019,Financial Analyst,236730.0,0.98,98.2,Copy-Paste Reporting
1105,2019,Financial Analyst,236730.0,0.98,98.2,Cold Calling
1105,2019,Financial Analyst,236730.0,0.98,98.2,Vector Databases
1105,2019,Financial Analyst,236730.0,0.98,98.2,LLMs/GenAI
1105,2019,Financial Analyst,236730.0,0.98,98.2,Airflow
1106,2020,AI Engineer,226557.0,0.98,106.4,Cold Calling
1106,2020,AI Engineer,226557.0,0.98,106.4,Kubernetes
1106,2020,AI Engineer,226557.0,0.98,106.4,Legacy VBA
1106,2020,AI Engineer,226557.0,0.98,106.4,Machine Learning
1106,2020,AI Engineer,226557.0,0.98,106.4,Basic SEO
1106,2020,AI Engineer,226557.0,0.98,106.4,Deep Learning
1107,2024,Data Analyst,322521.0,0.98,155.7,Manual Testing
1107,2024,Data Analyst,322521.0,0.98,155.7,Cloud (AWS/GCP)
1107,2024,Data Analyst,322521.0,0.98,155.7,Basic SEO
1107,2024,Data Analyst,322521.0,0.98,155.7,Spark/PySpark
1107,2024,Data Analyst,322521.0,0.98,155.7,Prompt Engineering
1107,2024,Data Analyst,322521.0,0.98,155.7,Kubernetes
1108,2019,Data Scientist,307029.0,0.05,101.3,Cloud (AWS/GCP)
1108,2019,Data Scientist,307029.0,0.05,101.3,Statistics
1108,2019,Data Scientist,307029.0,0.05,101.3,COBOL
1108,2019,Data Scientist,307029.0,0.05,101.3,Python
1108,2019,Data Scientist,307029.0,0.05,101.3,Power BI
1108,2019,Data Scientist,307029.0,0.05,101.3,Deep Learning
1109,2024,Data Scientist,200706.0,0.949,110.5,Data Entry
1109,2024,Data Scientist,200706.0,0.949,110.5,Tableau
1109,2024,Data Scientist,200706.0,0.949,110.5,COBOL
1109,2024,Data Scientist,200706.0,0.949,110.5,LLMs/GenAI
1109,2024,Data Scientist,200706.0,0.949,110.5,Prompt Engineering
1110,2020,Supply Chain Analyst,238748.0,0.05,116.1,MLOps
1110,2020,Supply Chain Analyst,238748.0,0.05,116.1,Vector Databases
1110,2020,Supply Chain Analyst,238748.0,0.05,116.1,Statistics
1111,2023,SEO Specialist,106043.0,0.664,116.9,Cloud (AWS/GCP)
1111,2023,SEO Specialist,106043.0,0.664,116.9,dbt
1111,2023,SEO Specialist,106043.0,0.664,116.9,Manual Testing
1111,2023,SEO Specialist,106043.0,0.664,116.9,Python
1111,2023,SEO Specialist,106043.0,0.664,116.9,R
1112,2023,Data Engineer,218470.0,0.05,104.6,Python
1112,2023,Data Engineer,218470.0,0.05,104.6,MLOps
1112,2023,Data Engineer,218470.0,0.05,104.6,Spark/PySpark
1112,2023,Data Engineer,218470.0,0.05,104.6,Airflow
1113,2024,Data Engineer,252764.0,0.431,145.1,Deep Learning
1113,2024,Data Engineer,252764.0,0.431,145.1,Vector Databases
1113,2024,Data Engineer,252764.0,0.431,145.1,Crystal Reports
1113,2024,Data Engineer,252764.0,0.431,145.1,R
1114,2022,Product Manager,308906.0,0.98,113.2,dbt
1114,2022,Product Manager,308906.0,0.98,113.2,Kubernetes
1114,2022,Product Manager,308906.0,0.98,113.2,LLMs/GenAI
1114,2022,Product Manager,308906.0,0.98,113.2,Copy-Paste Reporting
1114,2022,Product Manager,308906.0,0.98,113.2,Legacy VBA
1114,2022,Product Manager,308906.0,0.98,113.2,Crystal Reports
1115,2022,Machine Learning Engineer,314143.0,0.942,114.2,COBOL
1115,2022,Machine Learning Engineer,314143.0,0.942,114.2,dbt
1115,2022,Machine Learning Engineer,314143.0,0.942,114.2,MS Access
1115,2022,Machine Learning Engineer,314143.0,0.942,114.2,Statistics
1116,2022,QA Engineer,201642.0,0.946,104.9,Manual Testing
1116,2022,QA Engineer,201642.0,0.946,104.9,SQL
1116,2022,QA Engineer,201642.0,0.946,104.9,Power BI
1117,2021,DevOps Engineer,120732.0,0.366,109.6,A/B Testing
1117,2021,DevOps Engineer,120732.0,0.366,109.6,Kubernetes
1117,2021,DevOps Engineer,120732.0,0.366,109.6,Excel (Basic)
1118,2023,HR Analyst,233915.0,0.573,121.3,Cloud (AWS/GCP)
1118,2023,HR Analyst,233915.0,0.573,121.3,LLMs/GenAI
1118,2023,HR Analyst,233915.0,0.573,121.3,COBOL
1119,2025,BI Developer,187643.0,0.98,131.3,Legacy VBA
1119,2025,BI Developer,187643.0,0.98,131.3,Vector Databases
1119,2025,BI Developer,187643.0,0.98,131.3,Spark/PySpark
1119,2025,BI Developer,187643.0,0.98,131.3,Cold Calling
1120,2019,Cloud Architect,152856.0,0.384,95.1,Excel (Basic)
1120,2019,Cloud Architect,152856.0,0.384,95.1,COBOL
1120,2019,Cloud Architect,152856.0,0.384,95.1,MLOps
1120,2019,Cloud Architect,152856.0,0.384,95.1,Airflow
1120,2019,Cloud Architect,152856.0,0.384,95.1,R
1120,2019,Cloud Architect,152856.0,0.384,95.1,Deep Learning
1121,2023,SQL Developer,158573.0,0.98,82.0,Crystal Reports
1121,2023,SQL Developer,158573.0,0.98,82.0,Manual Testing
1121,2023,SQL Developer,158573.0,0.98,82.0,COBOL
1121,2023,SQL Developer,158573.0,0.98,82.0,Copy-Paste Reporting
1121,2023,SQL Developer,158573.0,0.98,82.0,Legacy VBA
1122,2024,QA Engineer,230372.0,0.664,119.7,dbt
1122,2024,QA Engineer,230372.0,0.664,119.7,Machine Learning
1122,2024,QA Engineer,230372.0,0.664,119.7,COBOL
1122,2024,QA Engineer,230372.0,0.664,119.7,Statistics
1123,2021,QA Engineer,89508.0,0.98,100.7,Manual Testing
1123,2021,QA Engineer,89508.0,0.98,100.7,MLOps
1123,2021,QA Engineer,89508.0,0.98,100.7,Excel (Basic)
1123,2021,QA Engineer,89508.0,0.98,100.7,SQL
1124,2019,AI Engineer,179905.0,0.05,94.0,Prompt Engineering
1124,2019,AI Engineer,179905.0,0.05,94.0,Spark/PySpark
1124,2019,AI Engineer,179905.0,0.05,94.0,SQL
1124,2019,AI Engineer,179905.0,0.05,94.0,Machine Learning
1124,2019,AI Engineer,179905.0,0.05,94.0,R
1124,2019,AI Engineer,179905.0,0.05,94.0,A/B Testing
1125,2024,Data Analyst,148160.0,0.329,105.6,MS Access
1125,2024,Data Analyst,148160.0,0.329,105.6,Prompt Engineering
1125,2024,Data Analyst,148160.0,0.329,105.6,Kubernetes
1125,2024,Data Analyst,148160.0,0.329,105.6,MLOps
1125,2024,Data Analyst,148160.0,0.329,105.6,Vector Databases
1125,2024,Data Analyst,148160.0,0.329,105.6,SQL
1126,2025,Cloud Architect,358509.0,0.98,157.8,Prompt Engineering
1126,2025,Cloud Architect,358509.0,0.98,157.8,Crystal Reports
1126,2025,Cloud Architect,358509.0,0.98,157.8,Tableau
1126,2025,Cloud Architect,358509.0,0.98,157.8,Statistics
1126,2025,Cloud Architect,358509.0,0.98,157.8,Data Entry
1126,2025,Cloud Architect,358509.0,0.98,157.8,Cloud (AWS/GCP)
1127,2023,Machine Learning Engineer,168354.0,0.05,153.3,Spark/PySpark
1127,2023,Machine Learning Engineer,168354.0,0.05,153.3,Cloud (AWS/GCP)
1127,2023,Machine Learning Engineer,168354.0,0.05,153.3,MLOps
1128,2024,QA Engineer,129140.0,0.98,135.3,MS Access
1128,2024,QA Engineer,129140.0,0.98,135.3,COBOL
1128,2024,QA Engineer,129140.0,0.98,135.3,Vector Databases
1128,2024,QA Engineer,129140.0,0.98,135.3,Basic SEO
1129,2019,Operations Analyst,115029.0,0.05,95.9,Machine Learning
1129,2019,Operations Analyst,115029.0,0.05,95.9,Prompt Engineering
1129,2019,Operations Analyst,115029.0,0.05,95.9,Deep Learning
1130,2024,Accountant,212256.0,0.761,126.7,Excel (Basic)
1130,2024,Accountant,212256.0,0.761,126.7,Tableau
1130,2024,Accountant,212256.0,0.761,126.7,Cloud (AWS/GCP)
1130,2024,Accountant,212256.0,0.761,126.7,Spark/PySpark
1131,2020,Financial Analyst,170849.0,0.98,104.8,Excel (Basic)
1131,2020,Financial Analyst,170849.0,0.98,104.8,Statistics
1131,2020,Financial Analyst,170849.0,0.98,104.8,Legacy VBA
1131,2020,Financial Analyst,170849.0,0.98,104.8,Kubernetes
1132,2024,Digital Marketer,139121.0,0.98,146.7,Crystal Reports
1132,2024,Digital Marketer,139121.0,0.98,146.7,Deep Learning
1132,2024,Digital Marketer,139121.0,0.98,146.7,Vector Databases
1132,2024,Digital Marketer,139121.0,0.98,146.7,R
1132,2024,Digital Marketer,139121.0,0.98,146.7,Basic SEO
1133,2024,HR Analyst,152715.0,0.98,162.3,Machine Learning
1133,2024,HR Analyst,152715.0,0.98,162.3,dbt
1133,2024,HR Analyst,152715.0,0.98,162.3,Python
1133,2024,HR Analyst,152715.0,0.98,162.3,Legacy VBA
1133,2024,HR Analyst,152715.0,0.98,162.3,Basic SEO
1133,2024,HR Analyst,152715.0,0.98,162.3,Tableau
1134,2020,Digital Marketer,71778.0,0.98,106.4,Cold Calling
1134,2020,Digital Marketer,71778.0,0.98,106.4,Prompt Engineering
1134,2020,Digital Marketer,71778.0,0.98,106.4,Crystal Reports
1134,2020,Digital Marketer,71778.0,0.98,106.4,Tableau
1134,2020,Digital Marketer,71778.0,0.98,106.4,Data Entry
1135,2023,Machine Learning Engineer,200627.0,0.98,112.9,Tableau
1135,2023,Machine Learning Engineer,200627.0,0.98,112.9,Manual Testing
1135,2023,Machine Learning Engineer,200627.0,0.98,112.9,A/B Testing
1135,2023,Machine Learning Engineer,200627.0,0.98,112.9,dbt
1135,2023,Machine Learning Engineer,200627.0,0.98,112.9,SQL
1135,2023,Machine Learning Engineer,200627.0,0.98,112.9,Cold Calling
1136,2022,BI Developer,171110.0,0.715,107.1,Tableau
1136,2022,BI Developer,171110.0,0.715,107.1,Cloud (AWS/GCP)
1136,2022,BI Developer,171110.0,0.715,107.1,MS Access
1136,2022,BI Developer,171110.0,0.715,107.1,Airflow
1137,2022,BI Developer,254630.0,0.806,115.6,Vector Databases
1137,2022,BI Developer,254630.0,0.806,115.6,Kubernetes
1137,2022,BI Developer,254630.0,0.806,115.6,Cloud (AWS/GCP)
1137,2022,BI Developer,254630.0,0.806,115.6,R
1137,2022,BI Developer,254630.0,0.806,115.6,Deep Learning
1137,2022,BI Developer,254630.0,0.806,115.6,Copy-Paste Reporting
1138,2020,Software Developer,371597.0,0.05,98.3,Machine Learning
1138,2020,Software Developer,371597.0,0.05,98.3,Tableau
1138,2020,Software Developer,371597.0,0.05,98.3,Kubernetes
1138,2020,Software Developer,371597.0,0.05,98.3,Vector Databases
1138,2020,Software Developer,371597.0,0.05,98.3,Cloud (AWS/GCP)
1139,2022,Product Manager,285510.0,0.311,126.1,SQL
1139,2022,Product Manager,285510.0,0.311,126.1,LLMs/GenAI
1139,2022,Product Manager,285510.0,0.311,126.1,Manual Testing
1139,2022,Product Manager,285510.0,0.311,126.1,Kubernetes
1140,2022,Content Strategist,209320.0,0.316,111.3,Cloud (AWS/GCP)
1140,2022,Content Strategist,209320.0,0.316,111.3,Airflow
1140,2022,Content Strategist,209320.0,0.316,111.3,Machine Learning
1140,2022,Content Strategist,209320.0,0.316,111.3,Excel (Basic)
1141,2019,SEO Specialist,76088.0,0.98,102.1,SQL
1141,2019,SEO Specialist,76088.0,0.98,102.1,Copy-Paste Reporting
1141,2019,SEO Specialist,76088.0,0.98,102.1,Cloud (AWS/GCP)
1141,2019,SEO Specialist,76088.0,0.98,102.1,Airflow
1141,2019,SEO Specialist,76088.0,0.98,102.1,MS Access
1141,2019,SEO Specialist,76088.0,0.98,102.1,Crystal Reports
1142,2020,BI Developer,175316.0,0.282,116.4,MS Access
1142,2020,BI Developer,175316.0,0.282,116.4,Python
1142,2020,BI Developer,175316.0,0.282,116.4,Cloud (AWS/GCP)
1142,2020,BI Developer,175316.0,0.282,116.4,LLMs/GenAI
1142,2020,BI Developer,175316.0,0.282,116.4,A/B Testing
1143,2023,Digital Marketer,225772.0,0.542,115.9,Legacy VBA
1143,2023,Digital Marketer,225772.0,0.542,115.9,Deep Learning
1143,2023,Digital Marketer,225772.0,0.542,115.9,LLMs/GenAI
1143,2023,Digital Marketer,225772.0,0.542,115.9,MLOps
1143,2023,Digital Marketer,225772.0,0.542,115.9,Tableau
1144,2019,Supply Chain Analyst,239556.0,0.05,106.7,LLMs/GenAI
1144,2019,Supply Chain Analyst,239556.0,0.05,106.7,Kubernetes
1144,2019,Supply Chain Analyst,239556.0,0.05,106.7,Deep Learning
1145,2025,Data Analyst,203401.0,0.98,151.7,Statistics
1145,2025,Data Analyst,203401.0,0.98,151.7,Copy-Paste Reporting
1145,2025,Data Analyst,203401.0,0.98,151.7,Airflow
1146,2019,Data Analyst,247445.0,0.617,93.6,Cold Calling
1146,2019,Data Analyst,247445.0,0.617,93.6,Spark/PySpark
1146,2019,Data Analyst,247445.0,0.617,93.6,Cloud (AWS/GCP)
1146,2019,Data Analyst,247445.0,0.617,93.6,Prompt Engineering
1147,2021,IT Support Specialist,183975.0,0.889,95.0,Legacy VBA
1147,2021,IT Support Specialist,183975.0,0.889,95.0,Statistics
1147,2021,IT Support Specialist,183975.0,0.889,95.0,Kubernetes
1147,2021,IT Support Specialist,183975.0,0.889,95.0,Vector Databases
1147,2021,IT Support Specialist,183975.0,0.889,95.0,Tableau
1148,2021,AI Engineer,270611.0,0.98,112.4,Cloud (AWS/GCP)
1148,2021,AI Engineer,270611.0,0.98,112.4,Kubernetes
1148,2021,AI Engineer,270611.0,0.98,112.4,Legacy VBA
1148,2021,AI Engineer,270611.0,0.98,112.4,A/B Testing
1148,2021,AI Engineer,270611.0,0.98,112.4,MS Access
1148,2021,AI Engineer,270611.0,0.98,112.4,Data Entry
1149,2022,Excel Analyst,84102.0,0.98,111.3,Airflow
1149,2022,Excel Analyst,84102.0,0.98,111.3,Excel (Basic)
1149,2022,Excel Analyst,84102.0,0.98,111.3,MS Access
1150,2022,DevOps Engineer,171737.0,0.98,130.9,Data Entry
1150,2022,DevOps Engineer,171737.0,0.98,130.9,Cloud (AWS/GCP)
1150,2022,DevOps Engineer,171737.0,0.98,130.9,Kubernetes
1150,2022,DevOps Engineer,171737.0,0.98,130.9,Copy-Paste Reporting
1150,2022,DevOps Engineer,171737.0,0.98,130.9,Legacy VBA
1150,2022,DevOps Engineer,171737.0,0.98,130.9,R
1151,2022,Content Strategist,127686.0,0.347,111.1,SQL
1151,2022,Content Strategist,127686.0,0.347,111.1,Excel (Basic)
1151,2022,Content Strategist,127686.0,0.347,111.1,Power BI
1151,2022,Content Strategist,127686.0,0.347,111.1,Kubernetes
1151,2022,Content Strategist,127686.0,0.347,111.1,Prompt Engineering
1152,2023,Content Strategist,199541.0,0.572,157.0,COBOL
1152,2023,Content Strategist,199541.0,0.572,157.0,Tableau
1152,2023,Content Strategist,199541.0,0.572,157.0,Excel (Basic)
1152,2023,Content Strategist,199541.0,0.572,157.0,Vector Databases
1152,2023,Content Strategist,199541.0,0.572,157.0,Prompt Engineering
1152,2023,Content Strategist,199541.0,0.572,157.0,Cloud (AWS/GCP)
1153,2022,Supply Chain Analyst,148956.0,0.974,120.7,Manual Testing
1153,2022,Supply Chain Analyst,148956.0,0.974,120.7,R
1153,2022,Supply Chain Analyst,148956.0,0.974,120.7,Legacy VBA
1153,2022,Supply Chain Analyst,148956.0,0.974,120.7,LLMs/GenAI
1153,2022,Supply Chain Analyst,148956.0,0.974,120.7,Prompt Engineering
1154,2019,AI Engineer,137766.0,0.681,109.5,Prompt Engineering
1154,2019,AI Engineer,137766.0,0.681,109.5,Basic SEO
1154,2019,AI Engineer,137766.0,0.681,109.5,Excel (Basic)
1154,2019,AI Engineer,137766.0,0.681,109.5,Cloud (AWS/GCP)
1155,2021,Data Analyst,217240.0,0.061,122.5,Kubernetes
1155,2021,Data Analyst,217240.0,0.061,122.5,Spark/PySpark
1155,2021,Data Analyst,217240.0,0.061,122.5,Vector Databases
1156,2025,Content Strategist,218946.0,0.98,167.8,Spark/PySpark
1156,2025,Content Strategist,218946.0,0.98,167.8,MS Access
1156,2025,Content Strategist,218946.0,0.98,167.8,dbt
1156,2025,Content Strategist,218946.0,0.98,167.8,Power BI
1156,2025,Content Strategist,218946.0,0.98,167.8,Excel (Basic)
1157,2021,Excel Analyst,52458.0,0.98,102.0,COBOL
1157,2021,Excel Analyst,52458.0,0.98,102.0,Legacy VBA
1157,2021,Excel Analyst,52458.0,0.98,102.0,Data Entry
1157,2021,Excel Analyst,52458.0,0.98,102.0,SQL
1158,2019,Statistician,162745.0,0.912,94.7,Excel (Basic)
1158,2019,Statistician,162745.0,0.912,94.7,Power BI
1158,2019,Statistician,162745.0,0.912,94.7,Legacy VBA
1158,2019,Statistician,162745.0,0.912,94.7,MLOps
1159,2020,Supply Chain Analyst,148114.0,0.876,112.6,R
1159,2020,Supply Chain Analyst,148114.0,0.876,112.6,dbt
1159,2020,Supply Chain Analyst,148114.0,0.876,112.6,Prompt Engineering
1159,2020,Supply Chain Analyst,148114.0,0.876,112.6,COBOL
1159,2020,Supply Chain Analyst,148114.0,0.876,112.6,Deep Learning
1159,2020,Supply Chain Analyst,148114.0,0.876,112.6,Cold Calling
1160,2024,IT Support Specialist,281071.0,0.76,117.1,Cloud (AWS/GCP)
1160,2024,IT Support Specialist,281071.0,0.76,117.1,Spark/PySpark
1160,2024,IT Support Specialist,281071.0,0.76,117.1,A/B Testing
1160,2024,IT Support Specialist,281071.0,0.76,117.1,Tableau
1160,2024,IT Support Specialist,281071.0,0.76,117.1,Crystal Reports
1160,2024,IT Support Specialist,281071.0,0.76,117.1,MLOps
1161,2024,Operations Analyst,169601.0,0.98,109.5,Tableau
1161,2024,Operations Analyst,169601.0,0.98,109.5,Power BI
1161,2024,Operations Analyst,169601.0,0.98,109.5,Basic SEO
1161,2024,Operations Analyst,169601.0,0.98,109.5,Copy-Paste Reporting
1161,2024,Operations Analyst,169601.0,0.98,109.5,Python
1161,2024,Operations Analyst,169601.0,0.98,109.5,R
1162,2025,QA Engineer,116979.0,0.98,87.1,COBOL
1162,2025,QA Engineer,116979.0,0.98,87.1,Airflow
1162,2025,QA Engineer,116979.0,0.98,87.1,Excel (Basic)
1162,2025,QA Engineer,116979.0,0.98,87.1,A/B Testing
1162,2025,QA Engineer,116979.0,0.98,87.1,Vector Databases
1163,2023,Financial Analyst,173530.0,0.82,135.7,SQL
1163,2023,Financial Analyst,173530.0,0.82,135.7,Legacy VBA
1163,2023,Financial Analyst,173530.0,0.82,135.7,Python
1163,2023,Financial Analyst,173530.0,0.82,135.7,Tableau
1164,2025,Content Strategist,139068.0,0.98,117.4,Kubernetes
1164,2025,Content Strategist,139068.0,0.98,117.4,Basic SEO
1164,2025,Content Strategist,139068.0,0.98,117.4,Data Entry
1165,2023,Machine Learning Engineer,267030.0,0.98,137.5,Copy-Paste Reporting
1165,2023,Machine Learning Engineer,267030.0,0.98,137.5,Machine Learning
1165,2023,Machine Learning Engineer,267030.0,0.98,137.5,Cloud (AWS/GCP)
1165,2023,Machine Learning Engineer,267030.0,0.98,137.5,MS Access
1165,2023,Machine Learning Engineer,267030.0,0.98,137.5,Excel (Basic)
1166,2024,Operations Analyst,103332.0,0.809,120.9,R
1166,2024,Operations Analyst,103332.0,0.809,120.9,MS Access
1166,2024,Operations Analyst,103332.0,0.809,120.9,Statistics
1166,2024,Operations Analyst,103332.0,0.809,120.9,Spark/PySpark
1167,2024,HR Analyst,87959.0,0.98,150.3,COBOL
1167,2024,HR Analyst,87959.0,0.98,150.3,Statistics
1167,2024,HR Analyst,87959.0,0.98,150.3,Manual Testing
1168,2019,Data Scientist,116113.0,0.05,100.3,A/B Testing
1168,2019,Data Scientist,116113.0,0.05,100.3,Cloud (AWS/GCP)
1168,2019,Data Scientist,116113.0,0.05,100.3,Airflow
1169,2022,Data Analyst,235496.0,0.05,122.1,Cloud (AWS/GCP)
1169,2022,Data Analyst,235496.0,0.05,122.1,Prompt Engineering
1169,2022,Data Analyst,235496.0,0.05,122.1,SQL
1170,2020,Excel Analyst,203567.0,0.98,100.7,Copy-Paste Reporting
1170,2020,Excel Analyst,203567.0,0.98,100.7,Legacy VBA
1170,2020,Excel Analyst,203567.0,0.98,100.7,Manual Testing
1170,2020,Excel Analyst,203567.0,0.98,100.7,Cloud (AWS/GCP)
1170,2020,Excel Analyst,203567.0,0.98,100.7,Power BI
1170,2020,Excel Analyst,203567.0,0.98,100.7,Spark/PySpark
1171,2020,Data Engineer,184966.0,0.409,120.2,Statistics
1171,2020,Data Engineer,184966.0,0.409,120.2,Prompt Engineering
1171,2020,Data Engineer,184966.0,0.409,120.2,Legacy VBA
1171,2020,Data Engineer,184966.0,0.409,120.2,Cloud (AWS/GCP)
1172,2022,DevOps Engineer,179924.0,0.728,121.1,Tableau
1172,2022,DevOps Engineer,179924.0,0.728,121.1,Power BI
1172,2022,DevOps Engineer,179924.0,0.728,121.1,Basic SEO
1173,2019,AI Engineer,324622.0,0.98,106.4,Python
1173,2019,AI Engineer,324622.0,0.98,106.4,Excel (Basic)
1173,2019,AI Engineer,324622.0,0.98,106.4,Prompt Engineering
1173,2019,AI Engineer,324622.0,0.98,106.4,Machine Learning
1173,2019,AI Engineer,324622.0,0.98,106.4,Data Entry
1173,2019,AI Engineer,324622.0,0.98,106.4,MS Access
1174,2023,IT Support Specialist,116378.0,0.515,95.6,MS Access
1174,2023,IT Support Specialist,116378.0,0.515,95.6,Tableau
1174,2023,IT Support Specialist,116378.0,0.515,95.6,Kubernetes
1174,2023,IT Support Specialist,116378.0,0.515,95.6,Python
1174,2023,IT Support Specialist,116378.0,0.515,95.6,LLMs/GenAI
1174,2023,IT Support Specialist,116378.0,0.515,95.6,Vector Databases
1175,2025,Content Strategist,196421.0,0.559,148.4,A/B Testing
1175,2025,Content Strategist,196421.0,0.559,148.4,Deep Learning
1175,2025,Content Strategist,196421.0,0.559,148.4,LLMs/GenAI
1175,2025,Content Strategist,196421.0,0.559,148.4,Data Entry
1175,2025,Content Strategist,196421.0,0.559,148.4,Spark/PySpark
1175,2025,Content Strategist,196421.0,0.559,148.4,Vector Databases
1176,2023,Cloud Architect,315523.0,0.98,133.4,SQL
1176,2023,Cloud Architect,315523.0,0.98,133.4,Deep Learning
1176,2023,Cloud Architect,315523.0,0.98,133.4,Basic SEO
1176,2023,Cloud Architect,315523.0,0.98,133.4,Data Entry
1176,2023,Cloud Architect,315523.0,0.98,133.4,Statistics
1177,2022,Accountant,137579.0,0.98,131.0,Spark/PySpark
1177,2022,Accountant,137579.0,0.98,131.0,Crystal Reports
1177,2022,Accountant,137579.0,0.98,131.0,MLOps
1177,2022,Accountant,137579.0,0.98,131.0,Excel (Basic)
1177,2022,Accountant,137579.0,0.98,131.0,Vector Databases
1178,2025,Software Developer,140819.0,0.687,161.9,Airflow
1178,2025,Software Developer,140819.0,0.687,161.9,Cloud (AWS/GCP)
1178,2025,Software Developer,140819.0,0.687,161.9,Legacy VBA
1178,2025,Software Developer,140819.0,0.687,161.9,Statistics
1179,2022,Cloud Architect,180329.0,0.98,137.1,MS Access
1179,2022,Cloud Architect,180329.0,0.98,137.1,SQL
1179,2022,Cloud Architect,180329.0,0.98,137.1,Cold Calling
1179,2022,Cloud Architect,180329.0,0.98,137.1,Power BI
1180,2019,Accountant,125287.0,0.98,99.2,Tableau
1180,2019,Accountant,125287.0,0.98,99.2,Cold Calling
1180,2019,Accountant,125287.0,0.98,99.2,Vector Databases
1181,2025,Data Analyst,144254.0,0.98,128.1,SQL
1181,2025,Data Analyst,144254.0,0.98,128.1,Spark/PySpark
1181,2025,Data Analyst,144254.0,0.98,128.1,Data Entry
1181,2025,Data Analyst,144254.0,0.98,128.1,Excel (Basic)
1181,2025,Data Analyst,144254.0,0.98,128.1,R
1181,2025,Data Analyst,144254.0,0.98,128.1,dbt
1182,2022,IT Support Specialist,108509.0,0.98,116.3,Power BI
1182,2022,IT Support Specialist,108509.0,0.98,116.3,Basic SEO
1182,2022,IT Support Specialist,108509.0,0.98,116.3,A/B Testing
1182,2022,IT Support Specialist,108509.0,0.98,116.3,COBOL
1183,2019,Financial Analyst,94185.0,0.574,94.4,COBOL
1183,2019,Financial Analyst,94185.0,0.574,94.4,Spark/PySpark
1183,2019,Financial Analyst,94185.0,0.574,94.4,Python
1184,2022,Financial Analyst,182678.0,0.98,113.0,Legacy VBA
1184,2022,Financial Analyst,182678.0,0.98,113.0,MS Access
1184,2022,Financial Analyst,182678.0,0.98,113.0,Data Entry
1184,2022,Financial Analyst,182678.0,0.98,113.0,A/B Testing
1185,2025,SQL Developer,266693.0,0.98,120.9,Vector Databases
1185,2025,SQL Developer,266693.0,0.98,120.9,Manual Testing
1185,2025,SQL Developer,266693.0,0.98,120.9,R
1185,2025,SQL Developer,266693.0,0.98,120.9,Copy-Paste Reporting
1185,2025,SQL Developer,266693.0,0.98,120.9,Spark/PySpark
1186,2022,QA Engineer,196456.0,0.844,100.6,Spark/PySpark
1186,2022,QA Engineer,196456.0,0.844,100.6,COBOL
1186,2022,QA Engineer,196456.0,0.844,100.6,A/B Testing
1187,2019,Digital Marketer,137934.0,0.471,101.2,Python
1187,2019,Digital Marketer,137934.0,0.471,101.2,Airflow
1187,2019,Digital Marketer,137934.0,0.471,101.2,Basic SEO
1187,2019,Digital Marketer,137934.0,0.471,101.2,Prompt Engineering
1187,2019,Digital Marketer,137934.0,0.471,101.2,Kubernetes
1188,2021,Data Scientist,148466.0,0.98,118.0,Copy-Paste Reporting
1188,2021,Data Scientist,148466.0,0.98,118.0,A/B Testing
1188,2021,Data Scientist,148466.0,0.98,118.0,Manual Testing
1188,2021,Data Scientist,148466.0,0.98,118.0,Prompt Engineering
1189,2019,SEO Specialist,106791.0,0.772,101.1,Data Entry
1189,2019,SEO Specialist,106791.0,0.772,101.1,Python
1189,2019,SEO Specialist,106791.0,0.772,101.1,Machine Learning
1189,2019,SEO Specialist,106791.0,0.772,101.1,MLOps
1189,2019,SEO Specialist,106791.0,0.772,101.1,Power BI
1190,2021,Business Analyst,137146.0,0.98,110.0,Cold Calling
1190,2021,Business Analyst,137146.0,0.98,110.0,Legacy VBA
1190,2021,Business Analyst,137146.0,0.98,110.0,Machine Learning
1190,2021,Business Analyst,137146.0,0.98,110.0,Airflow
1190,2021,Business Analyst,137146.0,0.98,110.0,Statistics
1191,2023,Accountant,94212.0,0.98,147.5,Manual Testing
1191,2023,Accountant,94212.0,0.98,147.5,MS Access
1191,2023,Accountant,94212.0,0.98,147.5,Copy-Paste Reporting
1191,2023,Accountant,94212.0,0.98,147.5,Deep Learning
1191,2023,Accountant,94212.0,0.98,147.5,R
1191,2023,Accountant,94212.0,0.98,147.5,Statistics
1192,2021,Product Manager,145870.0,0.522,111.5,A/B Testing
1192,2021,Product Manager,145870.0,0.522,111.5,Airflow
1192,2021,Product Manager,145870.0,0.522,111.5,Data Entry
1192,2021,Product Manager,145870.0,0.522,111.5,Vector Databases
1192,2021,Product Manager,145870.0,0.522,111.5,Power BI
1192,2021,Product Manager,145870.0,0.522,111.5,Statistics
1193,2025,Excel Analyst,59665.0,0.98,118.8,R
1193,2025,Excel Analyst,59665.0,0.98,118.8,Manual Testing
1193,2025,Excel Analyst,59665.0,0.98,118.8,Copy-Paste Reporting
1193,2025,Excel Analyst,59665.0,0.98,118.8,SQL
1194,2024,Data Analyst,222481.0,0.98,138.0,Cold Calling
1194,2024,Data Analyst,222481.0,0.98,138.0,SQL
1194,2024,Data Analyst,222481.0,0.98,138.0,Crystal Reports
1194,2024,Data Analyst,222481.0,0.98,138.0,Spark/PySpark
1194,2024,Data Analyst,222481.0,0.98,138.0,Power BI
1194,2024,Data Analyst,222481.0,0.98,138.0,COBOL
1195,2020,Machine Learning Engineer,375014.0,0.05,104.7,Vector Databases
1195,2020,Machine Learning Engineer,375014.0,0.05,104.7,dbt
1195,2020,Machine Learning Engineer,375014.0,0.05,104.7,MLOps
1195,2020,Machine Learning Engineer,375014.0,0.05,104.7,Power BI
1195,2020,Machine Learning Engineer,375014.0,0.05,104.7,Machine Learning
1196,2019,Financial Analyst,69282.0,0.98,95.4,COBOL
1196,2019,Financial Analyst,69282.0,0.98,95.4,Python
1196,2019,Financial Analyst,69282.0,0.98,95.4,Copy-Paste Reporting
1197,2025,Business Analyst,176972.0,0.05,156.7,LLMs/GenAI
1197,2025,Business Analyst,176972.0,0.05,156.7,Prompt Engineering
1197,2025,Business Analyst,176972.0,0.05,156.7,Machine Learning
1197,2025,Business Analyst,176972.0,0.05,156.7,MLOps
1197,2025,Business Analyst,176972.0,0.05,156.7,Vector Databases
1197,2025,Business Analyst,176972.0,0.05,156.7,Manual Testing
1198,2020,AI Engineer,222883.0,0.98,104.0,Legacy VBA
1198,2020,AI Engineer,222883.0,0.98,104.0,Cloud (AWS/GCP)
1198,2020,AI Engineer,222883.0,0.98,104.0,Copy-Paste Reporting
1198,2020,AI Engineer,222883.0,0.98,104.0,Deep Learning
1198,2020,AI Engineer,222883.0,0.98,104.0,Cold Calling
1198,2020,AI Engineer,222883.0,0.98,104.0,Kubernetes
1199,2020,Digital Marketer,159533.0,0.98,103.7,Vector Databases
1199,2020,Digital Marketer,159533.0,0.98,103.7,Cold Calling
1199,2020,Digital Marketer,159533.0,0.98,103.7,R
1199,2020,Digital Marketer,159533.0,0.98,103.7,Prompt Engineering
1199,2020,Digital Marketer,159533.0,0.98,103.7,Copy-Paste Reporting
1200,2023,Statistician,213815.0,0.05,135.1,Machine Learning
1200,2023,Statistician,213815.0,0.05,135.1,Vector Databases
1200,2023,Statistician,213815.0,0.05,135.1,Power BI
1201,2023,Digital Marketer,159615.0,0.718,147.9,Basic SEO
1201,2023,Digital Marketer,159615.0,0.718,147.9,A/B Testing
1201,2023,Digital Marketer,159615.0,0.718,147.9,Airflow
1201,2023,Digital Marketer,159615.0,0.718,147.9,Prompt Engineering
1202,2020,Machine Learning Engineer,193215.0,0.98,102.6,Crystal Reports
1202,2020,Machine Learning Engineer,193215.0,0.98,102.6,Tableau
1202,2020,Machine Learning Engineer,193215.0,0.98,102.6,Data Entry
1202,2020,Machine Learning Engineer,193215.0,0.98,102.6,Cold Calling
1203,2019,Data Analyst,201475.0,0.822,93.3,Excel (Basic)
1203,2019,Data Analyst,201475.0,0.822,93.3,SQL
1203,2019,Data Analyst,201475.0,0.822,93.3,Prompt Engineering
1203,2019,Data Analyst,201475.0,0.822,93.3,Basic SEO
1203,2019,Data Analyst,201475.0,0.822,93.3,Deep Learning
1204,2025,Accountant,246582.0,0.98,123.6,SQL
1204,2025,Accountant,246582.0,0.98,123.6,Tableau
1204,2025,Accountant,246582.0,0.98,123.6,Machine Learning
1204,2025,Accountant,246582.0,0.98,123.6,Airflow
1204,2025,Accountant,246582.0,0.98,123.6,dbt
1204,2025,Accountant,246582.0,0.98,123.6,Copy-Paste Reporting
1205,2022,SEO Specialist,83357.0,0.98,136.7,Python
1205,2022,SEO Specialist,83357.0,0.98,136.7,Manual Testing
1205,2022,SEO Specialist,83357.0,0.98,136.7,Cold Calling
1205,2022,SEO Specialist,83357.0,0.98,136.7,MLOps
1205,2022,SEO Specialist,83357.0,0.98,136.7,Basic SEO
1206,2025,Financial Analyst,139373.0,0.98,159.0,Copy-Paste Reporting
1206,2025,Financial Analyst,139373.0,0.98,159.0,Power BI
1206,2025,Financial Analyst,139373.0,0.98,159.0,COBOL
1206,2025,Financial Analyst,139373.0,0.98,159.0,MS Access
1206,2025,Financial Analyst,139373.0,0.98,159.0,Cold Calling
1206,2025,Financial Analyst,139373.0,0.98,159.0,Machine Learning
1207,2023,Software Developer,206173.0,0.98,107.6,Excel (Basic)
1207,2023,Software Developer,206173.0,0.98,107.6,MS Access
1207,2023,Software Developer,206173.0,0.98,107.6,Copy-Paste Reporting
1207,2023,Software Developer,206173.0,0.98,107.6,Cold Calling
1207,2023,Software Developer,206173.0,0.98,107.6,A/B Testing
1207,2023,Software Developer,206173.0,0.98,107.6,Kubernetes
1208,2022,IT Support Specialist,130219.0,0.98,114.4,COBOL
1208,2022,IT Support Specialist,130219.0,0.98,114.4,Legacy VBA
1208,2022,IT Support Specialist,130219.0,0.98,114.4,Kubernetes
1208,2022,IT Support Specialist,130219.0,0.98,114.4,Deep Learning
1208,2022,IT Support Specialist,130219.0,0.98,114.4,Airflow
1209,2021,Cloud Architect,358193.0,0.98,116.0,Vector Databases
1209,2021,Cloud Architect,358193.0,0.98,116.0,Kubernetes
1209,2021,Cloud Architect,358193.0,0.98,116.0,Legacy VBA
1209,2021,Cloud Architect,358193.0,0.98,116.0,COBOL
1209,2021,Cloud Architect,358193.0,0.98,116.0,Data Entry
1210,2023,Data Analyst,112720.0,0.98,123.3,Basic SEO
1210,2023,Data Analyst,112720.0,0.98,123.3,Kubernetes
1210,2023,Data Analyst,112720.0,0.98,123.3,Copy-Paste Reporting
1210,2023,Data Analyst,112720.0,0.98,123.3,LLMs/GenAI
1210,2023,Data Analyst,112720.0,0.98,123.3,Tableau
1211,2022,Data Analyst,219594.0,0.98,133.0,Data Entry
1211,2022,Data Analyst,219594.0,0.98,133.0,R
1211,2022,Data Analyst,219594.0,0.98,133.0,dbt
1211,2022,Data Analyst,219594.0,0.98,133.0,Power BI
1211,2022,Data Analyst,219594.0,0.98,133.0,Machine Learning
1211,2022,Data Analyst,219594.0,0.98,133.0,Excel (Basic)
1212,2021,Accountant,254145.0,0.98,107.9,LLMs/GenAI
1212,2021,Accountant,254145.0,0.98,107.9,Kubernetes
1212,2021,Accountant,254145.0,0.98,107.9,Cold Calling
1212,2021,Accountant,254145.0,0.98,107.9,Basic SEO
1212,2021,Accountant,254145.0,0.98,107.9,COBOL
1212,2021,Accountant,254145.0,0.98,107.9,Statistics
1213,2024,BI Developer,180554.0,0.676,143.6,Cloud (AWS/GCP)
1213,2024,BI Developer,180554.0,0.676,143.6,Data Entry
1213,2024,BI Developer,180554.0,0.676,143.6,Machine Learning
1213,2024,BI Developer,180554.0,0.676,143.6,LLMs/GenAI
1214,2025,IT Support Specialist,245514.0,0.785,121.8,Machine Learning
1214,2025,IT Support Specialist,245514.0,0.785,121.8,Crystal Reports
1214,2025,IT Support Specialist,245514.0,0.785,121.8,Kubernetes
1214,2025,IT Support Specialist,245514.0,0.785,121.8,Python
1215,2025,DevOps Engineer,409050.0,0.05,134.6,Vector Databases
1215,2025,DevOps Engineer,409050.0,0.05,134.6,Cloud (AWS/GCP)
1215,2025,DevOps Engineer,409050.0,0.05,134.6,Deep Learning
1215,2025,DevOps Engineer,409050.0,0.05,134.6,A/B Testing
1216,2023,Data Scientist,158329.0,0.98,126.1,Basic SEO
1216,2023,Data Scientist,158329.0,0.98,126.1,Legacy VBA
1216,2023,Data Scientist,158329.0,0.98,126.1,Power BI
1216,2023,Data Scientist,158329.0,0.98,126.1,Deep Learning
1216,2023,Data Scientist,158329.0,0.98,126.1,Data Entry
1217,2021,Data Engineer,150389.0,0.517,124.9,MLOps
1217,2021,Data Engineer,150389.0,0.517,124.9,Power BI
1217,2021,Data Engineer,150389.0,0.517,124.9,Data Entry
1217,2021,Data Engineer,150389.0,0.517,124.9,Vector Databases
1217,2021,Data Engineer,150389.0,0.517,124.9,Statistics
1218,2021,Accountant,90166.0,0.683,100.4,Prompt Engineering
1218,2021,Accountant,90166.0,0.683,100.4,Spark/PySpark
1218,2021,Accountant,90166.0,0.683,100.4,Excel (Basic)
1219,2023,SQL Developer,185931.0,0.98,114.3,dbt
1219,2023,SQL Developer,185931.0,0.98,114.3,SQL
1219,2023,SQL Developer,185931.0,0.98,114.3,Basic SEO
1219,2023,SQL Developer,185931.0,0.98,114.3,Excel (Basic)
1219,2023,SQL Developer,185931.0,0.98,114.3,Machine Learning
1220,2020,Software Developer,123330.0,0.8,117.8,R
1220,2020,Software Developer,123330.0,0.8,117.8,MS Access
1220,2020,Software Developer,123330.0,0.8,117.8,Cloud (AWS/GCP)
1220,2020,Software Developer,123330.0,0.8,117.8,A/B Testing
1220,2020,Software Developer,123330.0,0.8,117.8,Machine Learning
1220,2020,Software Developer,123330.0,0.8,117.8,Manual Testing
1221,2023,Content Strategist,169552.0,0.98,123.0,Basic SEO
1221,2023,Content Strategist,169552.0,0.98,123.0,Excel (Basic)
1221,2023,Content Strategist,169552.0,0.98,123.0,Prompt Engineering
1221,2023,Content Strategist,169552.0,0.98,123.0,Airflow
1222,2025,DevOps Engineer,161411.0,0.766,149.7,Crystal Reports
1222,2025,DevOps Engineer,161411.0,0.766,149.7,Airflow
1222,2025,DevOps Engineer,161411.0,0.766,149.7,Tableau
1223,2022,DevOps Engineer,122981.0,0.793,123.4,Vector Databases
1223,2022,DevOps Engineer,122981.0,0.793,123.4,Data Entry
1223,2022,DevOps Engineer,122981.0,0.793,123.4,Statistics
1224,2022,QA Engineer,102205.0,0.98,115.3,Cold Calling
1224,2022,QA Engineer,102205.0,0.98,115.3,Power BI
1224,2022,QA Engineer,102205.0,0.98,115.3,Legacy VBA
1224,2022,QA Engineer,102205.0,0.98,115.3,Excel (Basic)
1225,2023,Statistician,194484.0,0.05,147.0,Deep Learning
1225,2023,Statistician,194484.0,0.05,147.0,Power BI
1225,2023,Statistician,194484.0,0.05,147.0,A/B Testing
1226,2023,Digital Marketer,138964.0,0.132,117.8,LLMs/GenAI
1226,2023,Digital Marketer,138964.0,0.132,117.8,Cloud (AWS/GCP)
1226,2023,Digital Marketer,138964.0,0.132,117.8,Power BI
1227,2023,Operations Analyst,177311.0,0.817,130.0,Basic SEO
1227,2023,Operations Analyst,177311.0,0.817,130.0,Power BI
1227,2023,Operations Analyst,177311.0,0.817,130.0,Python
1228,2019,Data Engineer,342732.0,0.325,106.1,Vector Databases
1228,2019,Data Engineer,342732.0,0.325,106.1,Spark/PySpark
1228,2019,Data Engineer,342732.0,0.325,106.1,SQL
1228,2019,Data Engineer,342732.0,0.325,106.1,Crystal Reports
1228,2019,Data Engineer,342732.0,0.325,106.1,R
1228,2019,Data Engineer,342732.0,0.325,106.1,Airflow
1229,2019,Cloud Architect,255215.0,0.214,112.4,MS Access
1229,2019,Cloud Architect,255215.0,0.214,112.4,Machine Learning
1229,2019,Cloud Architect,255215.0,0.214,112.4,Deep Learning
1230,2021,IT Support Specialist,143730.0,0.98,96.9,Cold Calling
1230,2021,IT Support Specialist,143730.0,0.98,96.9,Statistics
1230,2021,IT Support Specialist,143730.0,0.98,96.9,Crystal Reports
1230,2021,IT Support Specialist,143730.0,0.98,96.9,Spark/PySpark
1230,2021,IT Support Specialist,143730.0,0.98,96.9,MS Access
1231,2025,Financial Analyst,218981.0,0.98,157.1,Excel (Basic)
1231,2025,Financial Analyst,218981.0,0.98,157.1,Vector Databases
1231,2025,Financial Analyst,218981.0,0.98,157.1,Legacy VBA
1232,2022,Cloud Architect,351866.0,0.411,114.7,Cold Calling
1232,2022,Cloud Architect,351866.0,0.411,114.7,Cloud (AWS/GCP)
1232,2022,Cloud Architect,351866.0,0.411,114.7,Airflow
1232,2022,Cloud Architect,351866.0,0.411,114.7,Prompt Engineering
1232,2022,Cloud Architect,351866.0,0.411,114.7,Statistics
1233,2023,Content Strategist,326811.0,0.3,114.3,Prompt Engineering
1233,2023,Content Strategist,326811.0,0.3,114.3,MLOps
1233,2023,Content Strategist,326811.0,0.3,114.3,SQL
1233,2023,Content Strategist,326811.0,0.3,114.3,Basic SEO
1233,2023,Content Strategist,326811.0,0.3,114.3,LLMs/GenAI
1233,2023,Content Strategist,326811.0,0.3,114.3,Spark/PySpark
1234,2024,Product Manager,208136.0,0.587,131.5,Excel (Basic)
1234,2024,Product Manager,208136.0,0.587,131.5,Manual Testing
1234,2024,Product Manager,208136.0,0.587,131.5,MLOps
1234,2024,Product Manager,208136.0,0.587,131.5,Cloud (AWS/GCP)
1234,2024,Product Manager,208136.0,0.587,131.5,Vector Databases
1235,2019,AI Engineer,276218.0,0.05,99.3,LLMs/GenAI
1235,2019,AI Engineer,276218.0,0.05,99.3,Prompt Engineering
1235,2019,AI Engineer,276218.0,0.05,99.3,Kubernetes
1235,2019,AI Engineer,276218.0,0.05,99.3,Manual Testing
1236,2020,Supply Chain Analyst,128791.0,0.98,110.4,R
1236,2020,Supply Chain Analyst,128791.0,0.98,110.4,Basic SEO
1236,2020,Supply Chain Analyst,128791.0,0.98,110.4,A/B Testing
1236,2020,Supply Chain Analyst,128791.0,0.98,110.4,Cold Calling
1237,2023,Business Analyst,211010.0,0.701,115.6,Statistics
1237,2023,Business Analyst,211010.0,0.701,115.6,Basic SEO
1237,2023,Business Analyst,211010.0,0.701,115.6,Python
1238,2021,Financial Analyst,211505.0,0.628,107.7,Basic SEO
1238,2021,Financial Analyst,211505.0,0.628,107.7,Tableau
1238,2021,Financial Analyst,211505.0,0.628,107.7,Prompt Engineering
1238,2021,Financial Analyst,211505.0,0.628,107.7,Cloud (AWS/GCP)
1239,2025,Machine Learning Engineer,366910.0,0.98,168.3,Deep Learning
1239,2025,Machine Learning Engineer,366910.0,0.98,168.3,Copy-Paste Reporting
1239,2025,Machine Learning Engineer,366910.0,0.98,168.3,Spark/PySpark
1239,2025,Machine Learning Engineer,366910.0,0.98,168.3,Kubernetes
1239,2025,Machine Learning Engineer,366910.0,0.98,168.3,MS Access
1240,2021,Data Scientist,195814.0,0.05,116.1,A/B Testing
1240,2021,Data Scientist,195814.0,0.05,116.1,MLOps
1240,2021,Data Scientist,195814.0,0.05,116.1,Kubernetes
1240,2021,Data Scientist,195814.0,0.05,116.1,Tableau
1241,2023,Supply Chain Analyst,129965.0,0.941,133.5,Cloud (AWS/GCP)
1241,2023,Supply Chain Analyst,129965.0,0.941,133.5,Crystal Reports
1241,2023,Supply Chain Analyst,129965.0,0.941,133.5,COBOL
1241,2023,Supply Chain Analyst,129965.0,0.941,133.5,A/B Testing
1241,2023,Supply Chain Analyst,129965.0,0.941,133.5,MLOps
1241,2023,Supply Chain Analyst,129965.0,0.941,133.5,dbt
1242,2024,HR Analyst,65318.0,0.98,146.6,Excel (Basic)
1242,2024,HR Analyst,65318.0,0.98,146.6,SQL
1242,2024,HR Analyst,65318.0,0.98,146.6,Copy-Paste Reporting
1242,2024,HR Analyst,65318.0,0.98,146.6,Airflow
1243,2021,Digital Marketer,172584.0,0.652,115.1,Prompt Engineering
1243,2021,Digital Marketer,172584.0,0.652,115.1,Spark/PySpark
1243,2021,Digital Marketer,172584.0,0.652,115.1,dbt
1243,2021,Digital Marketer,172584.0,0.652,115.1,Data Entry
1243,2021,Digital Marketer,172584.0,0.652,115.1,Deep Learning
1243,2021,Digital Marketer,172584.0,0.652,115.1,A/B Testing
1244,2024,SQL Developer,120466.0,0.98,101.8,R
1244,2024,SQL Developer,120466.0,0.98,101.8,Manual Testing
1244,2024,SQL Developer,120466.0,0.98,101.8,dbt
1244,2024,SQL Developer,120466.0,0.98,101.8,Crystal Reports
1244,2024,SQL Developer,120466.0,0.98,101.8,LLMs/GenAI
1244,2024,SQL Developer,120466.0,0.98,101.8,Machine Learning
1245,2021,Accountant,223453.0,0.724,124.8,Statistics
1245,2021,Accountant,223453.0,0.724,124.8,A/B Testing
1245,2021,Accountant,223453.0,0.724,124.8,Legacy VBA
1245,2021,Accountant,223453.0,0.724,124.8,LLMs/GenAI
1245,2021,Accountant,223453.0,0.724,124.8,Prompt Engineering
1246,2021,Supply Chain Analyst,241887.0,0.05,105.5,R
1246,2021,Supply Chain Analyst,241887.0,0.05,105.5,Statistics
1246,2021,Supply Chain Analyst,241887.0,0.05,105.5,Prompt Engineering
1246,2021,Supply Chain Analyst,241887.0,0.05,105.5,Cloud (AWS/GCP)
1246,2021,Supply Chain Analyst,241887.0,0.05,105.5,Airflow
1247,2025,AI Engineer,366233.0,0.35,136.3,Legacy VBA
1247,2025,AI Engineer,366233.0,0.35,136.3,Power BI
1247,2025,AI Engineer,366233.0,0.35,136.3,Cloud (AWS/GCP)
1247,2025,AI Engineer,366233.0,0.35,136.3,LLMs/GenAI
1248,2021,Supply Chain Analyst,73087.0,0.98,122.1,Cold Calling
1248,2021,Supply Chain Analyst,73087.0,0.98,122.1,Statistics
1248,2021,Supply Chain Analyst,73087.0,0.98,122.1,Basic SEO
1248,2021,Supply Chain Analyst,73087.0,0.98,122.1,COBOL
1249,2023,QA Engineer,129224.0,0.98,79.5,A/B Testing
1249,2023,QA Engineer,129224.0,0.98,79.5,dbt
1249,2023,QA Engineer,129224.0,0.98,79.5,Copy-Paste Reporting
1249,2023,QA Engineer,129224.0,0.98,79.5,COBOL
1249,2023,QA Engineer,129224.0,0.98,79.5,Power BI
1250,2025,Cloud Architect,320074.0,0.233,120.7,COBOL
1250,2025,Cloud Architect,320074.0,0.233,120.7,Tableau
1250,2025,Cloud Architect,320074.0,0.233,120.7,Power BI
1250,2025,Cloud Architect,320074.0,0.233,120.7,SQL
1250,2025,Cloud Architect,320074.0,0.233,120.7,Kubernetes
1250,2025,Cloud Architect,320074.0,0.233,120.7,Machine Learning
1251,2024,Excel Analyst,194507.0,0.625,130.2,Power BI
1251,2024,Excel Analyst,194507.0,0.625,130.2,Airflow
1251,2024,Excel Analyst,194507.0,0.625,130.2,Excel (Basic)
1251,2024,Excel Analyst,194507.0,0.625,130.2,LLMs/GenAI
1251,2024,Excel Analyst,194507.0,0.625,130.2,R
1251,2024,Excel Analyst,194507.0,0.625,130.2,dbt
1252,2019,Accountant,159758.0,0.98,90.2,MS Access
1252,2019,Accountant,159758.0,0.98,90.2,Python
1252,2019,Accountant,159758.0,0.98,90.2,COBOL
1253,2025,Operations Analyst,164967.0,0.98,126.0,Data Entry
1253,2025,Operations Analyst,164967.0,0.98,126.0,Machine Learning
1253,2025,Operations Analyst,164967.0,0.98,126.0,A/B Testing
1254,2023,SQL Developer,169288.0,0.33,101.2,Prompt Engineering
1254,2023,SQL Developer,169288.0,0.33,101.2,COBOL
1254,2023,SQL Developer,169288.0,0.33,101.2,LLMs/GenAI
1254,2023,SQL Developer,169288.0,0.33,101.2,Vector Databases
1255,2020,SEO Specialist,93309.0,0.98,108.1,Cold Calling
1255,2020,SEO Specialist,93309.0,0.98,108.1,A/B Testing
1255,2020,SEO Specialist,93309.0,0.98,108.1,Cloud (AWS/GCP)
1256,2025,Digital Marketer,84181.0,0.98,133.4,Python
1256,2025,Digital Marketer,84181.0,0.98,133.4,Airflow
1256,2025,Digital Marketer,84181.0,0.98,133.4,Data Entry
1256,2025,Digital Marketer,84181.0,0.98,133.4,Cold Calling
1256,2025,Digital Marketer,84181.0,0.98,133.4,Crystal Reports
1257,2021,Product Manager,110817.0,0.98,110.7,Basic SEO
1257,2021,Product Manager,110817.0,0.98,110.7,MS Access
1257,2021,Product Manager,110817.0,0.98,110.7,Kubernetes
1257,2021,Product Manager,110817.0,0.98,110.7,Copy-Paste Reporting
1258,2019,Content Strategist,137012.0,0.98,96.2,Cloud (AWS/GCP)
1258,2019,Content Strategist,137012.0,0.98,96.2,MS Access
1258,2019,Content Strategist,137012.0,0.98,96.2,Excel (Basic)
1258,2019,Content Strategist,137012.0,0.98,96.2,COBOL
1259,2025,Accountant,166807.0,0.414,115.0,Prompt Engineering
1259,2025,Accountant,166807.0,0.414,115.0,Kubernetes
1259,2025,Accountant,166807.0,0.414,115.0,Tableau
1260,2021,HR Analyst,260347.0,0.05,113.2,Power BI
1260,2021,HR Analyst,260347.0,0.05,113.2,Deep Learning
1260,2021,HR Analyst,260347.0,0.05,113.2,Airflow
1260,2021,HR Analyst,260347.0,0.05,113.2,R
1260,2021,HR Analyst,260347.0,0.05,113.2,Kubernetes
1261,2024,SEO Specialist,161248.0,0.98,152.4,Statistics
1261,2024,SEO Specialist,161248.0,0.98,152.4,MS Access
1261,2024,SEO Specialist,161248.0,0.98,152.4,SQL
1262,2025,SEO Specialist,64863.0,0.98,136.1,SQL
1262,2025,SEO Specialist,64863.0,0.98,136.1,Cold Calling
1262,2025,SEO Specialist,64863.0,0.98,136.1,Airflow
1263,2022,Financial Analyst,108813.0,0.98,123.7,COBOL
1263,2022,Financial Analyst,108813.0,0.98,123.7,Data Entry
1263,2022,Financial Analyst,108813.0,0.98,123.7,Deep Learning
1263,2022,Financial Analyst,108813.0,0.98,123.7,Cloud (AWS/GCP)
1264,2020,Digital Marketer,166108.0,0.98,105.2,SQL
1264,2020,Digital Marketer,166108.0,0.98,105.2,Manual Testing
1264,2020,Digital Marketer,166108.0,0.98,105.2,Basic SEO
1264,2020,Digital Marketer,166108.0,0.98,105.2,Statistics
1265,2025,Financial Analyst,158260.0,0.98,121.1,Power BI
1265,2025,Financial Analyst,158260.0,0.98,121.1,Prompt Engineering
1265,2025,Financial Analyst,158260.0,0.98,121.1,MS Access
1265,2025,Financial Analyst,158260.0,0.98,121.1,MLOps
1265,2025,Financial Analyst,158260.0,0.98,121.1,Basic SEO
1266,2021,Operations Analyst,199656.0,0.805,120.2,Kubernetes
1266,2021,Operations Analyst,199656.0,0.805,120.2,Crystal Reports
1266,2021,Operations Analyst,199656.0,0.805,120.2,dbt
1267,2025,Digital Marketer,222733.0,0.79,135.9,MLOps
1267,2025,Digital Marketer,222733.0,0.79,135.9,Tableau
1267,2025,Digital Marketer,222733.0,0.79,135.9,Crystal Reports
1267,2025,Digital Marketer,222733.0,0.79,135.9,Statistics
1268,2025,Product Manager,115336.0,0.733,113.6,SQL
1268,2025,Product Manager,115336.0,0.733,113.6,Spark/PySpark
1268,2025,Product Manager,115336.0,0.733,113.6,Cold Calling
1269,2023,Product Manager,170436.0,0.515,133.2,Copy-Paste Reporting
1269,2023,Product Manager,170436.0,0.515,133.2,Cloud (AWS/GCP)
1269,2023,Product Manager,170436.0,0.515,133.2,Machine Learning
1269,2023,Product Manager,170436.0,0.515,133.2,Power BI
1269,2023,Product Manager,170436.0,0.515,133.2,Statistics
1269,2023,Product Manager,170436.0,0.515,133.2,LLMs/GenAI
1270,2023,Digital Marketer,140857.0,0.98,122.9,Python
1270,2023,Digital Marketer,140857.0,0.98,122.9,Prompt Engineering
1270,2023,Digital Marketer,140857.0,0.98,122.9,Cloud (AWS/GCP)
1270,2023,Digital Marketer,140857.0,0.98,122.9,Power BI
1270,2023,Digital Marketer,140857.0,0.98,122.9,Basic SEO
1270,2023,Digital Marketer,140857.0,0.98,122.9,Legacy VBA
1271,2021,Accountant,155418.0,0.933,115.8,Prompt Engineering
1271,2021,Accountant,155418.0,0.933,115.8,A/B Testing
1271,2021,Accountant,155418.0,0.933,115.8,Legacy VBA
1271,2021,Accountant,155418.0,0.933,115.8,dbt
1272,2024,DevOps Engineer,374100.0,0.98,109.2,Tableau
1272,2024,DevOps Engineer,374100.0,0.98,109.2,dbt
1272,2024,DevOps Engineer,374100.0,0.98,109.2,MLOps
1272,2024,DevOps Engineer,374100.0,0.98,109.2,MS Access
1272,2024,DevOps Engineer,374100.0,0.98,109.2,Cold Calling
1272,2024,DevOps Engineer,374100.0,0.98,109.2,Spark/PySpark
1273,2024,Digital Marketer,117898.0,0.05,123.6,Spark/PySpark
1273,2024,Digital Marketer,117898.0,0.05,123.6,Statistics
1273,2024,Digital Marketer,117898.0,0.05,123.6,Deep Learning
1273,2024,Digital Marketer,117898.0,0.05,123.6,Python
1274,2020,SQL Developer,121307.0,0.293,99.0,Cloud (AWS/GCP)
1274,2020,SQL Developer,121307.0,0.293,99.0,Machine Learning
1274,2020,SQL Developer,121307.0,0.293,99.0,Manual Testing
1274,2020,SQL Developer,121307.0,0.293,99.0,Tableau
1274,2020,SQL Developer,121307.0,0.293,99.0,LLMs/GenAI
1275,2024,SEO Specialist,113963.0,0.98,128.0,Kubernetes
1275,2024,SEO Specialist,113963.0,0.98,128.0,Prompt Engineering
1275,2024,SEO Specialist,113963.0,0.98,128.0,Basic SEO
1275,2024,SEO Specialist,113963.0,0.98,128.0,Copy-Paste Reporting
1276,2024,AI Engineer,291777.0,0.98,142.1,R
1276,2024,AI Engineer,291777.0,0.98,142.1,Data Entry
1276,2024,AI Engineer,291777.0,0.98,142.1,Legacy VBA
1276,2024,AI Engineer,291777.0,0.98,142.1,dbt
1276,2024,AI Engineer,291777.0,0.98,142.1,Deep Learning
1277,2019,Product Manager,180909.0,0.604,99.0,Excel (Basic)
1277,2019,Product Manager,180909.0,0.604,99.0,Cloud (AWS/GCP)
1277,2019,Product Manager,180909.0,0.604,99.0,Spark/PySpark
1277,2019,Product Manager,180909.0,0.604,99.0,COBOL
1277,2019,Product Manager,180909.0,0.604,99.0,A/B Testing
1278,2025,Software Developer,162556.0,0.98,159.4,COBOL
1278,2025,Software Developer,162556.0,0.98,159.4,MS Access
1278,2025,Software Developer,162556.0,0.98,159.4,Copy-Paste Reporting
1278,2025,Software Developer,162556.0,0.98,159.4,Manual Testing
1278,2025,Software Developer,162556.0,0.98,159.4,Legacy VBA
1279,2020,BI Developer,78943.0,0.98,109.6,COBOL
1279,2020,BI Developer,78943.0,0.98,109.6,Manual Testing
1279,2020,BI Developer,78943.0,0.98,109.6,Spark/PySpark
1280,2022,Data Analyst,150732.0,0.616,124.4,A/B Testing
1280,2022,Data Analyst,150732.0,0.616,124.4,COBOL
1280,2022,Data Analyst,150732.0,0.616,124.4,Tableau
1280,2022,Data Analyst,150732.0,0.616,124.4,Power BI
1281,2021,AI Engineer,349413.0,0.98,115.1,SQL
1281,2021,AI Engineer,349413.0,0.98,115.1,Cold Calling
1281,2021,AI Engineer,349413.0,0.98,115.1,Copy-Paste Reporting
1281,2021,AI Engineer,349413.0,0.98,115.1,Crystal Reports
1281,2021,AI Engineer,349413.0,0.98,115.1,Statistics
1281,2021,AI Engineer,349413.0,0.98,115.1,Vector Databases
1282,2023,Cloud Architect,370331.0,0.98,140.6,LLMs/GenAI
1282,2023,Cloud Architect,370331.0,0.98,140.6,Data Entry
1282,2023,Cloud Architect,370331.0,0.98,140.6,Basic SEO
1282,2023,Cloud Architect,370331.0,0.98,140.6,Kubernetes
1283,2025,QA Engineer,254889.0,0.98,102.1,Legacy VBA
1283,2025,QA Engineer,254889.0,0.98,102.1,Cloud (AWS/GCP)
1283,2025,QA Engineer,254889.0,0.98,102.1,R
1283,2025,QA Engineer,254889.0,0.98,102.1,Power BI
1283,2025,QA Engineer,254889.0,0.98,102.1,Data Entry
1284,2019,DevOps Engineer,219134.0,0.474,102.5,Manual Testing
1284,2019,DevOps Engineer,219134.0,0.474,102.5,R
1284,2019,DevOps Engineer,219134.0,0.474,102.5,dbt
1284,2019,DevOps Engineer,219134.0,0.474,102.5,SQL
1285,2024,Data Analyst,160605.0,0.192,112.9,Python
1285,2024,Data Analyst,160605.0,0.192,112.9,Excel (Basic)
1285,2024,Data Analyst,160605.0,0.192,112.9,Prompt Engineering
1285,2024,Data Analyst,160605.0,0.192,112.9,MLOps
1286,2021,Statistician,288413.0,0.558,107.8,Machine Learning
1286,2021,Statistician,288413.0,0.558,107.8,Data Entry
1286,2021,Statistician,288413.0,0.558,107.8,Kubernetes
1286,2021,Statistician,288413.0,0.558,107.8,Statistics
1286,2021,Statistician,288413.0,0.558,107.8,SQL
1287,2024,Operations Analyst,118498.0,0.98,157.6,Copy-Paste Reporting
1287,2024,Operations Analyst,118498.0,0.98,157.6,Crystal Reports
1287,2024,Operations Analyst,118498.0,0.98,157.6,Statistics
1288,2024,IT Support Specialist,205303.0,0.165,114.6,Machine Learning
1288,2024,IT Support Specialist,205303.0,0.165,114.6,Vector Databases
1288,2024,IT Support Specialist,205303.0,0.165,114.6,Python
1289,2024,Data Engineer,198953.0,0.98,114.7,Basic SEO
1289,2024,Data Engineer,198953.0,0.98,114.7,Cloud (AWS/GCP)
1289,2024,Data Engineer,198953.0,0.98,114.7,Machine Learning
1289,2024,Data Engineer,198953.0,0.98,114.7,Tableau
1289,2024,Data Engineer,198953.0,0.98,114.7,Data Entry
1289,2024,Data Engineer,198953.0,0.98,114.7,Crystal Reports
1290,2019,SEO Specialist,120068.0,0.98,105.0,MLOps
1290,2019,SEO Specialist,120068.0,0.98,105.0,Basic SEO
1290,2019,SEO Specialist,120068.0,0.98,105.0,Legacy VBA
1291,2021,Operations Analyst,87023.0,0.945,115.3,Legacy VBA
1291,2021,Operations Analyst,87023.0,0.945,115.3,SQL
1291,2021,Operations Analyst,87023.0,0.945,115.3,Power BI
1292,2024,Business Analyst,121709.0,0.363,138.1,MS Access
1292,2024,Business Analyst,121709.0,0.363,138.1,Kubernetes
1292,2024,Business Analyst,121709.0,0.363,138.1,Deep Learning
1292,2024,Business Analyst,121709.0,0.363,138.1,LLMs/GenAI
1293,2021,Accountant,97675.0,0.98,102.6,Data Entry
1293,2021,Accountant,97675.0,0.98,102.6,MS Access
1293,2021,Accountant,97675.0,0.98,102.6,Basic SEO
1293,2021,Accountant,97675.0,0.98,102.6,Python
1294,2023,DevOps Engineer,126481.0,0.349,113.5,Excel (Basic)
1294,2023,DevOps Engineer,126481.0,0.349,113.5,Tableau
1294,2023,DevOps Engineer,126481.0,0.349,113.5,Deep Learning
1295,2019,BI Developer,79281.0,0.98,99.7,Cold Calling
1295,2019,BI Developer,79281.0,0.98,99.7,LLMs/GenAI
1295,2019,BI Developer,79281.0,0.98,99.7,COBOL
1296,2024,DevOps Engineer,232856.0,0.98,146.6,Basic SEO
1296,2024,DevOps Engineer,232856.0,0.98,146.6,Legacy VBA
1296,2024,DevOps Engineer,232856.0,0.98,146.6,Data Entry
1296,2024,DevOps Engineer,232856.0,0.98,146.6,Copy-Paste Reporting
1296,2024,DevOps Engineer,232856.0,0.98,146.6,dbt
1297,2024,Data Engineer,315152.0,0.05,134.2,LLMs/GenAI
1297,2024,Data Engineer,315152.0,0.05,134.2,Kubernetes
1297,2024,Data Engineer,315152.0,0.05,134.2,Spark/PySpark
1297,2024,Data Engineer,315152.0,0.05,134.2,Excel (Basic)
1297,2024,Data Engineer,315152.0,0.05,134.2,MLOps
1298,2025,SQL Developer,221182.0,0.666,93.8,Kubernetes
1298,2025,SQL Developer,221182.0,0.666,93.8,Crystal Reports
1298,2025,SQL Developer,221182.0,0.666,93.8,Tableau
1298,2025,SQL Developer,221182.0,0.666,93.8,Deep Learning
1298,2025,SQL Developer,221182.0,0.666,93.8,Statistics
1299,2021,DevOps Engineer,237119.0,0.98,114.1,Basic SEO
1299,2021,DevOps Engineer,237119.0,0.98,114.1,Excel (Basic)
1299,2021,DevOps Engineer,237119.0,0.98,114.1,SQL
1300,2023,SQL Developer,212415.0,0.773,123.1,MLOps
1300,2023,SQL Developer,212415.0,0.773,123.1,Crystal Reports
1300,2023,SQL Developer,212415.0,0.773,123.1,A/B Testing
1300,2023,SQL Developer,212415.0,0.773,123.1,R
1301,2025,Statistician,152900.0,0.05,151.4,dbt
1301,2025,Statistician,152900.0,0.05,151.4,Tableau
1301,2025,Statistician,152900.0,0.05,151.4,Kubernetes
1301,2025,Statistician,152900.0,0.05,151.4,Machine Learning
1301,2025,Statistician,152900.0,0.05,151.4,Cloud (AWS/GCP)
1302,2024,BI Developer,243771.0,0.98,124.5,Vector Databases
1302,2024,BI Developer,243771.0,0.98,124.5,Excel (Basic)
1302,2024,BI Developer,243771.0,0.98,124.5,SQL
1302,2024,BI Developer,243771.0,0.98,124.5,Legacy VBA
1302,2024,BI Developer,243771.0,0.98,124.5,Machine Learning
1303,2019,HR Analyst,204877.0,0.98,102.9,Statistics
1303,2019,HR Analyst,204877.0,0.98,102.9,MLOps
1303,2019,HR Analyst,204877.0,0.98,102.9,Basic SEO
1303,2019,HR Analyst,204877.0,0.98,102.9,Data Entry
1303,2019,HR Analyst,204877.0,0.98,102.9,Cloud (AWS/GCP)
1303,2019,HR Analyst,204877.0,0.98,102.9,LLMs/GenAI
1304,2021,BI Developer,156624.0,0.98,114.2,Tableau
1304,2021,BI Developer,156624.0,0.98,114.2,COBOL
1304,2021,BI Developer,156624.0,0.98,114.2,Manual Testing
1305,2023,Operations Analyst,201122.0,0.98,114.0,Kubernetes
1305,2023,Operations Analyst,201122.0,0.98,114.0,MS Access
1305,2023,Operations Analyst,201122.0,0.98,114.0,Vector Databases
1305,2023,Operations Analyst,201122.0,0.98,114.0,Manual Testing
1306,2024,Software Developer,194053.0,0.842,160.4,Power BI
1306,2024,Software Developer,194053.0,0.842,160.4,Cold Calling
1306,2024,Software Developer,194053.0,0.842,160.4,Kubernetes
1307,2022,Financial Analyst,97869.0,0.98,121.2,Prompt Engineering
1307,2022,Financial Analyst,97869.0,0.98,121.2,Manual Testing
1307,2022,Financial Analyst,97869.0,0.98,121.2,Crystal Reports
1307,2022,Financial Analyst,97869.0,0.98,121.2,A/B Testing
1308,2023,Data Engineer,159521.0,0.98,105.6,Prompt Engineering
1308,2023,Data Engineer,159521.0,0.98,105.6,COBOL
1308,2023,Data Engineer,159521.0,0.98,105.6,Cold Calling
1309,2021,IT Support Specialist,145975.0,0.98,116.5,Legacy VBA
1309,2021,IT Support Specialist,145975.0,0.98,116.5,Spark/PySpark
1309,2021,IT Support Specialist,145975.0,0.98,116.5,dbt
1310,2021,AI Engineer,157449.0,0.285,107.9,Power BI
1310,2021,AI Engineer,157449.0,0.285,107.9,Deep Learning
1310,2021,AI Engineer,157449.0,0.285,107.9,MS Access
1310,2021,AI Engineer,157449.0,0.285,107.9,Airflow
1311,2023,DevOps Engineer,138245.0,0.646,140.4,Cloud (AWS/GCP)
1311,2023,DevOps Engineer,138245.0,0.646,140.4,Statistics
1311,2023,DevOps Engineer,138245.0,0.646,140.4,R
1311,2023,DevOps Engineer,138245.0,0.646,140.4,Legacy VBA
1311,2023,DevOps Engineer,138245.0,0.646,140.4,SQL
1312,2022,Supply Chain Analyst,213751.0,0.05,130.8,SQL
1312,2022,Supply Chain Analyst,213751.0,0.05,130.8,Spark/PySpark
1312,2022,Supply Chain Analyst,213751.0,0.05,130.8,MLOps
1313,2020,Software Developer,240101.0,0.695,100.5,R
1313,2020,Software Developer,240101.0,0.695,100.5,Deep Learning
1313,2020,Software Developer,240101.0,0.695,100.5,Vector Databases
1313,2020,Software Developer,240101.0,0.695,100.5,Statistics
1313,2020,Software Developer,240101.0,0.695,100.5,Legacy VBA
1313,2020,Software Developer,240101.0,0.695,100.5,Excel (Basic)
1314,2023,BI Developer,126487.0,0.98,130.1,A/B Testing
1314,2023,BI Developer,126487.0,0.98,130.1,Basic SEO
1314,2023,BI Developer,126487.0,0.98,130.1,Python
1314,2023,BI Developer,126487.0,0.98,130.1,Manual Testing
1314,2023,BI Developer,126487.0,0.98,130.1,Cold Calling
1315,2019,HR Analyst,131015.0,0.05,97.9,Machine Learning
1315,2019,HR Analyst,131015.0,0.05,97.9,dbt
1315,2019,HR Analyst,131015.0,0.05,97.9,Prompt Engineering
1315,2019,HR Analyst,131015.0,0.05,97.9,Power BI
1316,2022,HR Analyst,118517.0,0.98,109.2,Prompt Engineering
1316,2022,HR Analyst,118517.0,0.98,109.2,SQL
1316,2022,HR Analyst,118517.0,0.98,109.2,Legacy VBA
1316,2022,HR Analyst,118517.0,0.98,109.2,Basic SEO
1316,2022,HR Analyst,118517.0,0.98,109.2,Statistics
1317,2022,BI Developer,133512.0,0.567,119.0,Tableau
1317,2022,BI Developer,133512.0,0.567,119.0,COBOL
1317,2022,BI Developer,133512.0,0.567,119.0,Deep Learning
1318,2024,Machine Learning Engineer,307087.0,0.921,135.6,Spark/PySpark
1318,2024,Machine Learning Engineer,307087.0,0.921,135.6,Excel (Basic)
1318,2024,Machine Learning Engineer,307087.0,0.921,135.6,A/B Testing
1318,2024,Machine Learning Engineer,307087.0,0.921,135.6,SQL
1318,2024,Machine Learning Engineer,307087.0,0.921,135.6,Legacy VBA
1319,2022,HR Analyst,188715.0,0.98,123.6,Power BI
1319,2022,HR Analyst,188715.0,0.98,123.6,Kubernetes
1319,2022,HR Analyst,188715.0,0.98,123.6,MS Access
1319,2022,HR Analyst,188715.0,0.98,123.6,Data Entry
1319,2022,HR Analyst,188715.0,0.98,123.6,Cloud (AWS/GCP)
1320,2025,IT Support Specialist,224432.0,0.98,93.7,Copy-Paste Reporting
1320,2025,IT Support Specialist,224432.0,0.98,93.7,R
1320,2025,IT Support Specialist,224432.0,0.98,93.7,Vector Databases
1320,2025,IT Support Specialist,224432.0,0.98,93.7,Cloud (AWS/GCP)
1320,2025,IT Support Specialist,224432.0,0.98,93.7,COBOL
1321,2022,SEO Specialist,140472.0,0.98,114.0,MLOps
1321,2022,SEO Specialist,140472.0,0.98,114.0,Crystal Reports
1321,2022,SEO Specialist,140472.0,0.98,114.0,Excel (Basic)
1322,2023,Accountant,308186.0,0.05,111.8,Prompt Engineering
1322,2023,Accountant,308186.0,0.05,111.8,Machine Learning
1322,2023,Accountant,308186.0,0.05,111.8,Cloud (AWS/GCP)
1322,2023,Accountant,308186.0,0.05,111.8,Statistics
1322,2023,Accountant,308186.0,0.05,111.8,Tableau
1322,2023,Accountant,308186.0,0.05,111.8,Vector Databases
1323,2023,Supply Chain Analyst,166005.0,0.98,139.8,Legacy VBA
1323,2023,Supply Chain Analyst,166005.0,0.98,139.8,Prompt Engineering
1323,2023,Supply Chain Analyst,166005.0,0.98,139.8,Cold Calling
1323,2023,Supply Chain Analyst,166005.0,0.98,139.8,Basic SEO
1323,2023,Supply Chain Analyst,166005.0,0.98,139.8,Python
1324,2020,AI Engineer,323588.0,0.613,100.1,MLOps
1324,2020,AI Engineer,323588.0,0.613,100.1,Prompt Engineering
1324,2020,AI Engineer,323588.0,0.613,100.1,Data Entry
1324,2020,AI Engineer,323588.0,0.613,100.1,Machine Learning
1324,2020,AI Engineer,323588.0,0.613,100.1,Manual Testing
1324,2020,AI Engineer,323588.0,0.613,100.1,Cloud (AWS/GCP)
1325,2019,SEO Specialist,170687.0,0.333,101.8,R
1325,2019,SEO Specialist,170687.0,0.333,101.8,Cloud (AWS/GCP)
1325,2019,SEO Specialist,170687.0,0.333,101.8,Spark/PySpark
1326,2024,Digital Marketer,169229.0,0.98,140.2,Crystal Reports
1326,2024,Digital Marketer,169229.0,0.98,140.2,Manual Testing
1326,2024,Digital Marketer,169229.0,0.98,140.2,Airflow
1326,2024,Digital Marketer,169229.0,0.98,140.2,MS Access
1326,2024,Digital Marketer,169229.0,0.98,140.2,A/B Testing
1326,2024,Digital Marketer,169229.0,0.98,140.2,Excel (Basic)
1327,2019,Cloud Architect,213440.0,0.469,106.8,SQL
1327,2019,Cloud Architect,213440.0,0.469,106.8,A/B Testing
1327,2019,Cloud Architect,213440.0,0.469,106.8,MS Access
1328,2024,Product Manager,249515.0,0.54,140.5,LLMs/GenAI
1328,2024,Product Manager,249515.0,0.54,140.5,MS Access
1328,2024,Product Manager,249515.0,0.54,140.5,Kubernetes
1329,2024,Data Scientist,266264.0,0.98,152.5,Prompt Engineering
1329,2024,Data Scientist,266264.0,0.98,152.5,Manual Testing
1329,2024,Data Scientist,266264.0,0.98,152.5,A/B Testing
1329,2024,Data Scientist,266264.0,0.98,152.5,R
1329,2024,Data Scientist,266264.0,0.98,152.5,Copy-Paste Reporting
1330,2024,Business Analyst,149358.0,0.98,140.6,Cold Calling
1330,2024,Business Analyst,149358.0,0.98,140.6,Power BI
1330,2024,Business Analyst,149358.0,0.98,140.6,Kubernetes
1330,2024,Business Analyst,149358.0,0.98,140.6,MS Access
1331,2020,Statistician,337491.0,0.141,94.2,LLMs/GenAI
1331,2020,Statistician,337491.0,0.141,94.2,Legacy VBA
1331,2020,Statistician,337491.0,0.141,94.2,Prompt Engineering
1331,2020,Statistician,337491.0,0.141,94.2,Kubernetes
1331,2020,Statistician,337491.0,0.141,94.2,Python
1331,2020,Statistician,337491.0,0.141,94.2,Power BI
1332,2025,QA Engineer,171655.0,0.98,95.6,Manual Testing
1332,2025,QA Engineer,171655.0,0.98,95.6,COBOL
1332,2025,QA Engineer,171655.0,0.98,95.6,Data Entry
1332,2025,QA Engineer,171655.0,0.98,95.6,MLOps
1332,2025,QA Engineer,171655.0,0.98,95.6,Cloud (AWS/GCP)
1332,2025,QA Engineer,171655.0,0.98,95.6,Airflow
1333,2024,Cloud Architect,162298.0,0.98,147.6,MS Access
1333,2024,Cloud Architect,162298.0,0.98,147.6,Crystal Reports
1333,2024,Cloud Architect,162298.0,0.98,147.6,Manual Testing
1333,2024,Cloud Architect,162298.0,0.98,147.6,Basic SEO
1333,2024,Cloud Architect,162298.0,0.98,147.6,Tableau
1334,2024,Accountant,209478.0,0.98,151.0,R
1334,2024,Accountant,209478.0,0.98,151.0,Python
1334,2024,Accountant,209478.0,0.98,151.0,MLOps
1334,2024,Accountant,209478.0,0.98,151.0,COBOL
1334,2024,Accountant,209478.0,0.98,151.0,Cold Calling
1334,2024,Accountant,209478.0,0.98,151.0,Vector Databases
1335,2020,IT Support Specialist,170880.0,0.889,96.8,Legacy VBA
1335,2020,IT Support Specialist,170880.0,0.889,96.8,SQL
1335,2020,IT Support Specialist,170880.0,0.889,96.8,Kubernetes
1335,2020,IT Support Specialist,170880.0,0.889,96.8,Machine Learning
1336,2023,Data Scientist,239957.0,0.479,119.6,dbt
1336,2023,Data Scientist,239957.0,0.479,119.6,MS Access
1336,2023,Data Scientist,239957.0,0.479,119.6,A/B Testing
1337,2021,Cloud Architect,314921.0,0.539,115.4,Manual Testing
1337,2021,Cloud Architect,314921.0,0.539,115.4,Excel (Basic)
1337,2021,Cloud Architect,314921.0,0.539,115.4,LLMs/GenAI
1337,2021,Cloud Architect,314921.0,0.539,115.4,Vector Databases
1338,2022,Data Analyst,143902.0,0.635,135.5,SQL
1338,2022,Data Analyst,143902.0,0.635,135.5,R
1338,2022,Data Analyst,143902.0,0.635,135.5,Spark/PySpark
1338,2022,Data Analyst,143902.0,0.635,135.5,Manual Testing
1339,2019,Machine Learning Engineer,291004.0,0.05,97.6,Excel (Basic)
1339,2019,Machine Learning Engineer,291004.0,0.05,97.6,Prompt Engineering
1339,2019,Machine Learning Engineer,291004.0,0.05,97.6,LLMs/GenAI
1340,2025,Product Manager,286898.0,0.98,130.7,Cold Calling
1340,2025,Product Manager,286898.0,0.98,130.7,dbt
1340,2025,Product Manager,286898.0,0.98,130.7,Power BI
1340,2025,Product Manager,286898.0,0.98,130.7,Manual Testing
1340,2025,Product Manager,286898.0,0.98,130.7,Kubernetes
1341,2021,HR Analyst,111255.0,0.677,111.3,Airflow
1341,2021,HR Analyst,111255.0,0.677,111.3,SQL
1341,2021,HR Analyst,111255.0,0.677,111.3,Statistics
1341,2021,HR Analyst,111255.0,0.677,111.3,Cold Calling
1341,2021,HR Analyst,111255.0,0.677,111.3,Tableau
1341,2021,HR Analyst,111255.0,0.677,111.3,Prompt Engineering
1342,2022,BI Developer,130230.0,0.755,127.3,R
1342,2022,BI Developer,130230.0,0.755,127.3,Basic SEO
1342,2022,BI Developer,130230.0,0.755,127.3,MLOps
1343,2024,BI Developer,104094.0,0.98,129.2,Power BI
1343,2024,BI Developer,104094.0,0.98,129.2,Copy-Paste Reporting
1343,2024,BI Developer,104094.0,0.98,129.2,dbt
1343,2024,BI Developer,104094.0,0.98,129.2,Data Entry
1343,2024,BI Developer,104094.0,0.98,129.2,Python
1343,2024,BI Developer,104094.0,0.98,129.2,Manual Testing
1344,2023,Accountant,314870.0,0.846,125.9,Python
1344,2023,Accountant,314870.0,0.846,125.9,MLOps
1344,2023,Accountant,314870.0,0.846,125.9,Manual Testing
1344,2023,Accountant,314870.0,0.846,125.9,Airflow
1344,2023,Accountant,314870.0,0.846,125.9,LLMs/GenAI
1344,2023,Accountant,314870.0,0.846,125.9,Excel (Basic)
1345,2024,Data Scientist,296250.0,0.05,142.1,R
1345,2024,Data Scientist,296250.0,0.05,142.1,A/B Testing
1345,2024,Data Scientist,296250.0,0.05,142.1,dbt
1345,2024,Data Scientist,296250.0,0.05,142.1,LLMs/GenAI
1345,2024,Data Scientist,296250.0,0.05,142.1,Tableau
1345,2024,Data Scientist,296250.0,0.05,142.1,Vector Databases
1346,2020,BI Developer,270104.0,0.05,106.7,Prompt Engineering
1346,2020,BI Developer,270104.0,0.05,106.7,Deep Learning
1346,2020,BI Developer,270104.0,0.05,106.7,Python
1346,2020,BI Developer,270104.0,0.05,106.7,dbt
1347,2022,Excel Analyst,198225.0,0.98,116.1,Tableau
1347,2022,Excel Analyst,198225.0,0.98,116.1,A/B Testing
1347,2022,Excel Analyst,198225.0,0.98,116.1,Data Entry
1347,2022,Excel Analyst,198225.0,0.98,116.1,Cloud (AWS/GCP)
1348,2025,Cloud Architect,215429.0,0.312,154.4,Python
1348,2025,Cloud Architect,215429.0,0.312,154.4,MS Access
1348,2025,Cloud Architect,215429.0,0.312,154.4,Machine Learning
1349,2022,Content Strategist,192948.0,0.98,128.9,Kubernetes
1349,2022,Content Strategist,192948.0,0.98,128.9,Crystal Reports
1349,2022,Content Strategist,192948.0,0.98,128.9,R
1349,2022,Content Strategist,192948.0,0.98,128.9,Cloud (AWS/GCP)
1349,2022,Content Strategist,192948.0,0.98,128.9,Basic SEO
1349,2022,Content Strategist,192948.0,0.98,128.9,Manual Testing
1350,2023,Operations Analyst,99873.0,0.627,143.1,Prompt Engineering
1350,2023,Operations Analyst,99873.0,0.627,143.1,COBOL
1350,2023,Operations Analyst,99873.0,0.627,143.1,SQL
1351,2024,Business Analyst,214953.0,0.98,150.2,Power BI
1351,2024,Business Analyst,214953.0,0.98,150.2,COBOL
1351,2024,Business Analyst,214953.0,0.98,150.2,Cloud (AWS/GCP)
1351,2024,Business Analyst,214953.0,0.98,150.2,Basic SEO
1351,2024,Business Analyst,214953.0,0.98,150.2,Spark/PySpark
1351,2024,Business Analyst,214953.0,0.98,150.2,Kubernetes
1352,2023,Machine Learning Engineer,218774.0,0.219,119.6,Spark/PySpark
1352,2023,Machine Learning Engineer,218774.0,0.219,119.6,Airflow
1352,2023,Machine Learning Engineer,218774.0,0.219,119.6,COBOL
1352,2023,Machine Learning Engineer,218774.0,0.219,119.6,Statistics
1352,2023,Machine Learning Engineer,218774.0,0.219,119.6,dbt
1353,2021,HR Analyst,108110.0,0.693,122.6,Cold Calling
1353,2021,HR Analyst,108110.0,0.693,122.6,Kubernetes
1353,2021,HR Analyst,108110.0,0.693,122.6,MLOps
1353,2021,HR Analyst,108110.0,0.693,122.6,Prompt Engineering
1354,2021,IT Support Specialist,118934.0,0.98,101.2,Cold Calling
1354,2021,IT Support Specialist,118934.0,0.98,101.2,Spark/PySpark
1354,2021,IT Support Specialist,118934.0,0.98,101.2,A/B Testing
1355,2020,DevOps Engineer,306127.0,0.98,101.8,Crystal Reports
1355,2020,DevOps Engineer,306127.0,0.98,101.8,LLMs/GenAI
1355,2020,DevOps Engineer,306127.0,0.98,101.8,Excel (Basic)
1355,2020,DevOps Engineer,306127.0,0.98,101.8,Data Entry
1355,2020,DevOps Engineer,306127.0,0.98,101.8,Prompt Engineering
1356,2022,Supply Chain Analyst,142175.0,0.98,115.2,Manual Testing
1356,2022,Supply Chain Analyst,142175.0,0.98,115.2,Prompt Engineering
1356,2022,Supply Chain Analyst,142175.0,0.98,115.2,Copy-Paste Reporting
1356,2022,Supply Chain Analyst,142175.0,0.98,115.2,SQL
1357,2020,Data Analyst,130378.0,0.297,112.1,Excel (Basic)
1357,2020,Data Analyst,130378.0,0.297,112.1,Python
1357,2020,Data Analyst,130378.0,0.297,112.1,Kubernetes
1357,2020,Data Analyst,130378.0,0.297,112.1,Vector Databases
1358,2024,Content Strategist,181313.0,0.98,151.9,Vector Databases
1358,2024,Content Strategist,181313.0,0.98,151.9,Data Entry
1358,2024,Content Strategist,181313.0,0.98,151.9,Spark/PySpark
1358,2024,Content Strategist,181313.0,0.98,151.9,Excel (Basic)
1359,2021,Content Strategist,156110.0,0.98,111.9,Copy-Paste Reporting
1359,2021,Content Strategist,156110.0,0.98,111.9,A/B Testing
1359,2021,Content Strategist,156110.0,0.98,111.9,Statistics
1359,2021,Content Strategist,156110.0,0.98,111.9,LLMs/GenAI
1360,2022,Data Analyst,103643.0,0.493,127.8,dbt
1360,2022,Data Analyst,103643.0,0.493,127.8,Airflow
1360,2022,Data Analyst,103643.0,0.493,127.8,Spark/PySpark
1360,2022,Data Analyst,103643.0,0.493,127.8,Kubernetes
1360,2022,Data Analyst,103643.0,0.493,127.8,Manual Testing
1361,2025,Machine Learning Engineer,213618.0,0.98,164.9,Excel (Basic)
1361,2025,Machine Learning Engineer,213618.0,0.98,164.9,Data Entry
1361,2025,Machine Learning Engineer,213618.0,0.98,164.9,Python
1361,2025,Machine Learning Engineer,213618.0,0.98,164.9,MS Access
1361,2025,Machine Learning Engineer,213618.0,0.98,164.9,A/B Testing
1361,2025,Machine Learning Engineer,213618.0,0.98,164.9,Airflow
1362,2021,Supply Chain Analyst,101479.0,0.919,117.7,A/B Testing
1362,2021,Supply Chain Analyst,101479.0,0.919,117.7,Deep Learning
1362,2021,Supply Chain Analyst,101479.0,0.919,117.7,Kubernetes
1362,2021,Supply Chain Analyst,101479.0,0.919,117.7,R
1362,2021,Supply Chain Analyst,101479.0,0.919,117.7,Copy-Paste Reporting
1363,2025,Data Scientist,131085.0,0.98,128.7,Airflow
1363,2025,Data Scientist,131085.0,0.98,128.7,Kubernetes
1363,2025,Data Scientist,131085.0,0.98,128.7,COBOL
1363,2025,Data Scientist,131085.0,0.98,128.7,MS Access
1364,2024,Excel Analyst,93688.0,0.98,106.0,Manual Testing
1364,2024,Excel Analyst,93688.0,0.98,106.0,Kubernetes
1364,2024,Excel Analyst,93688.0,0.98,106.0,R
1365,2024,SQL Developer,112495.0,0.98,120.2,Machine Learning
1365,2024,SQL Developer,112495.0,0.98,120.2,dbt
1365,2024,SQL Developer,112495.0,0.98,120.2,Airflow
1365,2024,SQL Developer,112495.0,0.98,120.2,Excel (Basic)
1365,2024,SQL Developer,112495.0,0.98,120.2,Cold Calling
1366,2022,Machine Learning Engineer,348945.0,0.05,116.3,dbt
1366,2022,Machine Learning Engineer,348945.0,0.05,116.3,Statistics
1366,2022,Machine Learning Engineer,348945.0,0.05,116.3,Cloud (AWS/GCP)
1367,2022,SQL Developer,90445.0,0.977,83.8,Manual Testing
1367,2022,SQL Developer,90445.0,0.977,83.8,Statistics
1367,2022,SQL Developer,90445.0,0.977,83.8,Prompt Engineering
1367,2022,SQL Developer,90445.0,0.977,83.8,Excel (Basic)
1368,2022,Machine Learning Engineer,301862.0,0.98,125.2,Python
1368,2022,Machine Learning Engineer,301862.0,0.98,125.2,Kubernetes
1368,2022,Machine Learning Engineer,301862.0,0.98,125.2,Cold Calling
1368,2022,Machine Learning Engineer,301862.0,0.98,125.2,Power BI
1368,2022,Machine Learning Engineer,301862.0,0.98,125.2,Manual Testing
1368,2022,Machine Learning Engineer,301862.0,0.98,125.2,Basic SEO
1369,2020,Cloud Architect,344701.0,0.98,103.0,Data Entry
1369,2020,Cloud Architect,344701.0,0.98,103.0,Prompt Engineering
1369,2020,Cloud Architect,344701.0,0.98,103.0,Kubernetes
1369,2020,Cloud Architect,344701.0,0.98,103.0,Copy-Paste Reporting
1369,2020,Cloud Architect,344701.0,0.98,103.0,R
1370,2021,Supply Chain Analyst,345092.0,0.274,123.0,Cloud (AWS/GCP)
1370,2021,Supply Chain Analyst,345092.0,0.274,123.0,Cold Calling
1370,2021,Supply Chain Analyst,345092.0,0.274,123.0,LLMs/GenAI
1370,2021,Supply Chain Analyst,345092.0,0.274,123.0,Statistics
1370,2021,Supply Chain Analyst,345092.0,0.274,123.0,Python
1370,2021,Supply Chain Analyst,345092.0,0.274,123.0,MLOps
1371,2023,Digital Marketer,132752.0,0.98,128.0,Cold Calling
1371,2023,Digital Marketer,132752.0,0.98,128.0,Power BI
1371,2023,Digital Marketer,132752.0,0.98,128.0,Legacy VBA
1372,2025,IT Support Specialist,150817.0,0.98,98.6,Cold Calling
1372,2025,IT Support Specialist,150817.0,0.98,98.6,Cloud (AWS/GCP)
1372,2025,IT Support Specialist,150817.0,0.98,98.6,Airflow
1372,2025,IT Support Specialist,150817.0,0.98,98.6,dbt
1373,2021,Cloud Architect,336151.0,0.98,108.2,Manual Testing
1373,2021,Cloud Architect,336151.0,0.98,108.2,dbt
1373,2021,Cloud Architect,336151.0,0.98,108.2,Excel (Basic)
1373,2021,Cloud Architect,336151.0,0.98,108.2,Legacy VBA
1373,2021,Cloud Architect,336151.0,0.98,108.2,Spark/PySpark
1374,2020,Software Developer,151625.0,0.697,107.3,MLOps
1374,2020,Software Developer,151625.0,0.697,107.3,A/B Testing
1374,2020,Software Developer,151625.0,0.697,107.3,Statistics
1374,2020,Software Developer,151625.0,0.697,107.3,Data Entry
1375,2022,Product Manager,259832.0,0.98,117.6,Copy-Paste Reporting
1375,2022,Product Manager,259832.0,0.98,117.6,Basic SEO
1375,2022,Product Manager,259832.0,0.98,117.6,Prompt Engineering
1375,2022,Product Manager,259832.0,0.98,117.6,Vector Databases
1375,2022,Product Manager,259832.0,0.98,117.6,Spark/PySpark
1375,2022,Product Manager,259832.0,0.98,117.6,COBOL
1376,2021,Product Manager,204049.0,0.98,114.1,Excel (Basic)
1376,2021,Product Manager,204049.0,0.98,114.1,SQL
1376,2021,Product Manager,204049.0,0.98,114.1,Cold Calling
1376,2021,Product Manager,204049.0,0.98,114.1,Power BI
1376,2021,Product Manager,204049.0,0.98,114.1,Python
1376,2021,Product Manager,204049.0,0.98,114.1,Basic SEO
1377,2022,DevOps Engineer,138223.0,0.98,111.0,Basic SEO
1377,2022,DevOps Engineer,138223.0,0.98,111.0,Crystal Reports
1377,2022,DevOps Engineer,138223.0,0.98,111.0,dbt
1378,2024,Statistician,206223.0,0.437,144.4,Power BI
1378,2024,Statistician,206223.0,0.437,144.4,COBOL
1378,2024,Statistician,206223.0,0.437,144.4,SQL
1378,2024,Statistician,206223.0,0.437,144.4,MLOps
1378,2024,Statistician,206223.0,0.437,144.4,R
1379,2020,SQL Developer,361065.0,0.05,103.9,Cloud (AWS/GCP)
1379,2020,SQL Developer,361065.0,0.05,103.9,Deep Learning
1379,2020,SQL Developer,361065.0,0.05,103.9,Airflow
1379,2020,SQL Developer,361065.0,0.05,103.9,LLMs/GenAI
1379,2020,SQL Developer,361065.0,0.05,103.9,MLOps
1380,2024,Financial Analyst,261508.0,0.822,115.1,Airflow
1380,2024,Financial Analyst,261508.0,0.822,115.1,Kubernetes
1380,2024,Financial Analyst,261508.0,0.822,115.1,Manual Testing
1380,2024,Financial Analyst,261508.0,0.822,115.1,Excel (Basic)
1380,2024,Financial Analyst,261508.0,0.822,115.1,SQL
1380,2024,Financial Analyst,261508.0,0.822,115.1,Machine Learning
1381,2024,Cloud Architect,358481.0,0.104,128.1,Prompt Engineering
1381,2024,Cloud Architect,358481.0,0.104,128.1,Cloud (AWS/GCP)
1381,2024,Cloud Architect,358481.0,0.104,128.1,Statistics
1381,2024,Cloud Architect,358481.0,0.104,128.1,Spark/PySpark
1381,2024,Cloud Architect,358481.0,0.104,128.1,MS Access
1381,2024,Cloud Architect,358481.0,0.104,128.1,Deep Learning
1382,2025,Product Manager,316169.0,0.194,113.6,Excel (Basic)
1382,2025,Product Manager,316169.0,0.194,113.6,dbt
1382,2025,Product Manager,316169.0,0.194,113.6,R
1382,2025,Product Manager,316169.0,0.194,113.6,Deep Learning
1382,2025,Product Manager,316169.0,0.194,113.6,Tableau
1383,2023,SEO Specialist,182836.0,0.98,140.3,Crystal Reports
1383,2023,SEO Specialist,182836.0,0.98,140.3,Python
1383,2023,SEO Specialist,182836.0,0.98,140.3,Spark/PySpark
1383,2023,SEO Specialist,182836.0,0.98,140.3,Cold Calling
1383,2023,SEO Specialist,182836.0,0.98,140.3,Deep Learning
1384,2024,Operations Analyst,219861.0,0.05,138.7,LLMs/GenAI
1384,2024,Operations Analyst,219861.0,0.05,138.7,MLOps
1384,2024,Operations Analyst,219861.0,0.05,138.7,Tableau
1384,2024,Operations Analyst,219861.0,0.05,138.7,Airflow
1385,2021,SQL Developer,164230.0,0.958,107.2,Spark/PySpark
1385,2021,SQL Developer,164230.0,0.958,107.2,Cloud (AWS/GCP)
1385,2021,SQL Developer,164230.0,0.958,107.2,Data Entry
1386,2022,Digital Marketer,105339.0,0.351,129.8,Python
1386,2022,Digital Marketer,105339.0,0.351,129.8,Excel (Basic)
1386,2022,Digital Marketer,105339.0,0.351,129.8,Power BI
1386,2022,Digital Marketer,105339.0,0.351,129.8,Machine Learning
1386,2022,Digital Marketer,105339.0,0.351,129.8,A/B Testing
1387,2021,SEO Specialist,156245.0,0.98,119.7,Data Entry
1387,2021,SEO Specialist,156245.0,0.98,119.7,Deep Learning
1387,2021,SEO Specialist,156245.0,0.98,119.7,MS Access
1387,2021,SEO Specialist,156245.0,0.98,119.7,Excel (Basic)
1387,2021,SEO Specialist,156245.0,0.98,119.7,R
1388,2023,BI Developer,258809.0,0.98,116.1,Manual Testing
1388,2023,BI Developer,258809.0,0.98,116.1,Data Entry
1388,2023,BI Developer,258809.0,0.98,116.1,dbt
1388,2023,BI Developer,258809.0,0.98,116.1,Cold Calling
1388,2023,BI Developer,258809.0,0.98,116.1,Deep Learning
1388,2023,BI Developer,258809.0,0.98,116.1,Legacy VBA
1389,2021,IT Support Specialist,139428.0,0.98,99.3,LLMs/GenAI
1389,2021,IT Support Specialist,139428.0,0.98,99.3,Data Entry
1389,2021,IT Support Specialist,139428.0,0.98,99.3,Excel (Basic)
1390,2023,Operations Analyst,193990.0,0.98,117.3,Python
1390,2023,Operations Analyst,193990.0,0.98,117.3,Manual Testing
1390,2023,Operations Analyst,193990.0,0.98,117.3,Basic SEO
1390,2023,Operations Analyst,193990.0,0.98,117.3,SQL
1390,2023,Operations Analyst,193990.0,0.98,117.3,Airflow
1391,2020,Statistician,125023.0,0.98,108.5,Data Entry
1391,2020,Statistician,125023.0,0.98,108.5,Legacy VBA
1391,2020,Statistician,125023.0,0.98,108.5,dbt
1391,2020,Statistician,125023.0,0.98,108.5,Cold Calling
1391,2020,Statistician,125023.0,0.98,108.5,Excel (Basic)
1391,2020,Statistician,125023.0,0.98,108.5,Vector Databases
1392,2024,Financial Analyst,187543.0,0.05,139.1,Prompt Engineering
1392,2024,Financial Analyst,187543.0,0.05,139.1,LLMs/GenAI
1392,2024,Financial Analyst,187543.0,0.05,139.1,Cloud (AWS/GCP)
1392,2024,Financial Analyst,187543.0,0.05,139.1,Python
1393,2025,Business Analyst,129903.0,0.98,160.6,MLOps
1393,2025,Business Analyst,129903.0,0.98,160.6,Copy-Paste Reporting
1393,2025,Business Analyst,129903.0,0.98,160.6,Airflow
1394,2020,AI Engineer,203285.0,0.363,100.8,dbt
1394,2020,AI Engineer,203285.0,0.363,100.8,Cold Calling
1394,2020,AI Engineer,203285.0,0.363,100.8,Vector Databases
1394,2020,AI Engineer,203285.0,0.363,100.8,Python
1395,2022,Machine Learning Engineer,316521.0,0.05,109.8,SQL
1395,2022,Machine Learning Engineer,316521.0,0.05,109.8,Machine Learning
1395,2022,Machine Learning Engineer,316521.0,0.05,109.8,Tableau
1395,2022,Machine Learning Engineer,316521.0,0.05,109.8,dbt
1396,2022,Financial Analyst,102578.0,0.845,106.0,LLMs/GenAI
1396,2022,Financial Analyst,102578.0,0.845,106.0,Cold Calling
1396,2022,Financial Analyst,102578.0,0.845,106.0,dbt
1397,2022,Product Manager,392656.0,0.573,115.6,dbt
1397,2022,Product Manager,392656.0,0.573,115.6,Copy-Paste Reporting
1397,2022,Product Manager,392656.0,0.573,115.6,Deep Learning
1397,2022,Product Manager,392656.0,0.573,115.6,A/B Testing
1397,2022,Product Manager,392656.0,0.573,115.6,Vector Databases
1397,2022,Product Manager,392656.0,0.573,115.6,Statistics
1398,2019,IT Support Specialist,120567.0,0.349,87.9,SQL
1398,2019,IT Support Specialist,120567.0,0.349,87.9,Cloud (AWS/GCP)
1398,2019,IT Support Specialist,120567.0,0.349,87.9,Vector Databases
1398,2019,IT Support Specialist,120567.0,0.349,87.9,COBOL
1398,2019,IT Support Specialist,120567.0,0.349,87.9,Prompt Engineering
1398,2019,IT Support Specialist,120567.0,0.349,87.9,Deep Learning
1399,2025,HR Analyst,192880.0,0.98,120.2,Statistics
1399,2025,HR Analyst,192880.0,0.98,120.2,Python
1399,2025,HR Analyst,192880.0,0.98,120.2,Kubernetes
1399,2025,HR Analyst,192880.0,0.98,120.2,MS Access
1399,2025,HR Analyst,192880.0,0.98,120.2,Data Entry
1399,2025,HR Analyst,192880.0,0.98,120.2,MLOps
1400,2025,Excel Analyst,110046.0,0.98,130.6,A/B Testing
1400,2025,Excel Analyst,110046.0,0.98,130.6,Spark/PySpark
1400,2025,Excel Analyst,110046.0,0.98,130.6,Crystal Reports
1400,2025,Excel Analyst,110046.0,0.98,130.6,Statistics
1401,2019,Accountant,122718.0,0.98,95.1,Basic SEO
1401,2019,Accountant,122718.0,0.98,95.1,LLMs/GenAI
1401,2019,Accountant,122718.0,0.98,95.1,Power BI
1401,2019,Accountant,122718.0,0.98,95.1,Copy-Paste Reporting
1401,2019,Accountant,122718.0,0.98,95.1,Cold Calling
1401,2019,Accountant,122718.0,0.98,95.1,A/B Testing
1402,2024,Supply Chain Analyst,151526.0,0.05,127.1,Python
1402,2024,Supply Chain Analyst,151526.0,0.05,127.1,Statistics
1402,2024,Supply Chain Analyst,151526.0,0.05,127.1,dbt
1402,2024,Supply Chain Analyst,151526.0,0.05,127.1,Prompt Engineering
1403,2021,Statistician,272740.0,0.05,100.4,MLOps
1403,2021,Statistician,272740.0,0.05,100.4,Python
1403,2021,Statistician,272740.0,0.05,100.4,Statistics
1404,2025,Data Engineer,293829.0,0.98,115.3,Cold Calling
1404,2025,Data Engineer,293829.0,0.98,115.3,Manual Testing
1404,2025,Data Engineer,293829.0,0.98,115.3,MS Access
1404,2025,Data Engineer,293829.0,0.98,115.3,A/B Testing
1404,2025,Data Engineer,293829.0,0.98,115.3,LLMs/GenAI
1404,2025,Data Engineer,293829.0,0.98,115.3,COBOL
1405,2021,Excel Analyst,72895.0,0.514,111.4,Statistics
1405,2021,Excel Analyst,72895.0,0.514,111.4,Tableau
1405,2021,Excel Analyst,72895.0,0.514,111.4,Power BI
1406,2023,IT Support Specialist,145241.0,0.896,107.2,Statistics
1406,2023,IT Support Specialist,145241.0,0.896,107.2,Kubernetes
1406,2023,IT Support Specialist,145241.0,0.896,107.2,Spark/PySpark
1406,2023,IT Support Specialist,145241.0,0.896,107.2,MLOps
1406,2023,IT Support Specialist,145241.0,0.896,107.2,Legacy VBA
1407,2023,Supply Chain Analyst,103922.0,0.486,133.7,Spark/PySpark
1407,2023,Supply Chain Analyst,103922.0,0.486,133.7,Airflow
1407,2023,Supply Chain Analyst,103922.0,0.486,133.7,A/B Testing
1407,2023,Supply Chain Analyst,103922.0,0.486,133.7,COBOL
1408,2020,Supply Chain Analyst,127223.0,0.285,115.2,Manual Testing
1408,2020,Supply Chain Analyst,127223.0,0.285,115.2,Cloud (AWS/GCP)
1408,2020,Supply Chain Analyst,127223.0,0.285,115.2,Airflow
1408,2020,Supply Chain Analyst,127223.0,0.285,115.2,Kubernetes
1408,2020,Supply Chain Analyst,127223.0,0.285,115.2,LLMs/GenAI
1409,2021,Cloud Architect,343045.0,0.346,126.6,Cold Calling
1409,2021,Cloud Architect,343045.0,0.346,126.6,Spark/PySpark
1409,2021,Cloud Architect,343045.0,0.346,126.6,MLOps
1409,2021,Cloud Architect,343045.0,0.346,126.6,Power BI
1409,2021,Cloud Architect,343045.0,0.346,126.6,Vector Databases
1410,2023,Product Manager,153073.0,0.528,109.4,LLMs/GenAI
1410,2023,Product Manager,153073.0,0.528,109.4,Python
1410,2023,Product Manager,153073.0,0.528,109.4,Spark/PySpark
1410,2023,Product Manager,153073.0,0.528,109.4,Data Entry
1411,2025,Excel Analyst,73795.0,0.98,99.6,Excel (Basic)
1411,2025,Excel Analyst,73795.0,0.98,99.6,Statistics
1411,2025,Excel Analyst,73795.0,0.98,99.6,Copy-Paste Reporting
1412,2024,Financial Analyst,246647.0,0.98,136.9,Manual Testing
1412,2024,Financial Analyst,246647.0,0.98,136.9,Kubernetes
1412,2024,Financial Analyst,246647.0,0.98,136.9,R
1412,2024,Financial Analyst,246647.0,0.98,136.9,Tableau
1412,2024,Financial Analyst,246647.0,0.98,136.9,Cloud (AWS/GCP)
1412,2024,Financial Analyst,246647.0,0.98,136.9,Basic SEO
1413,2023,Cloud Architect,237405.0,0.98,133.5,COBOL
1413,2023,Cloud Architect,237405.0,0.98,133.5,Copy-Paste Reporting
1413,2023,Cloud Architect,237405.0,0.98,133.5,Statistics
1413,2023,Cloud Architect,237405.0,0.98,133.5,Cold Calling
1413,2023,Cloud Architect,237405.0,0.98,133.5,R
1414,2019,Supply Chain Analyst,140008.0,0.465,104.5,COBOL
1414,2019,Supply Chain Analyst,140008.0,0.465,104.5,Vector Databases
1414,2019,Supply Chain Analyst,140008.0,0.465,104.5,Power BI
1415,2023,Data Engineer,120388.0,0.661,120.0,Cloud (AWS/GCP)
1415,2023,Data Engineer,120388.0,0.661,120.0,R
1415,2023,Data Engineer,120388.0,0.661,120.0,Crystal Reports
1416,2025,DevOps Engineer,228494.0,0.905,146.8,Copy-Paste Reporting
1416,2025,DevOps Engineer,228494.0,0.905,146.8,A/B Testing
1416,2025,DevOps Engineer,228494.0,0.905,146.8,LLMs/GenAI
1417,2023,SQL Developer,128964.0,0.98,124.6,MS Access
1417,2023,SQL Developer,128964.0,0.98,124.6,Vector Databases
1417,2023,SQL Developer,128964.0,0.98,124.6,A/B Testing
1417,2023,SQL Developer,128964.0,0.98,124.6,Manual Testing
1418,2023,Content Strategist,251523.0,0.626,117.5,R
1418,2023,Content Strategist,251523.0,0.626,117.5,Airflow
1418,2023,Content Strategist,251523.0,0.626,117.5,Crystal Reports
1418,2023,Content Strategist,251523.0,0.626,117.5,A/B Testing
1418,2023,Content Strategist,251523.0,0.626,117.5,LLMs/GenAI
1419,2019,Supply Chain Analyst,92169.0,0.98,95.8,R
1419,2019,Supply Chain Analyst,92169.0,0.98,95.8,Manual Testing
1419,2019,Supply Chain Analyst,92169.0,0.98,95.8,Power BI
1419,2019,Supply Chain Analyst,92169.0,0.98,95.8,Copy-Paste Reporting
1420,2019,Software Developer,256072.0,0.197,95.6,Statistics
1420,2019,Software Developer,256072.0,0.197,95.6,Tableau
1420,2019,Software Developer,256072.0,0.197,95.6,MLOps
1420,2019,Software Developer,256072.0,0.197,95.6,Spark/PySpark
1420,2019,Software Developer,256072.0,0.197,95.6,MS Access
1420,2019,Software Developer,256072.0,0.197,95.6,Prompt Engineering
1421,2021,Operations Analyst,205328.0,0.831,110.6,Machine Learning
1421,2021,Operations Analyst,205328.0,0.831,110.6,Cold Calling
1421,2021,Operations Analyst,205328.0,0.831,110.6,Power BI
1422,2022,BI Developer,185591.0,0.183,115.3,SQL
1422,2022,BI Developer,185591.0,0.183,115.3,Excel (Basic)
1422,2022,BI Developer,185591.0,0.183,115.3,dbt
1422,2022,BI Developer,185591.0,0.183,115.3,Airflow
1422,2022,BI Developer,185591.0,0.183,115.3,Vector Databases
1422,2022,BI Developer,185591.0,0.183,115.3,Deep Learning
1423,2021,Data Engineer,269991.0,0.53,103.9,dbt
1423,2021,Data Engineer,269991.0,0.53,103.9,Tableau
1423,2021,Data Engineer,269991.0,0.53,103.9,Spark/PySpark
1423,2021,Data Engineer,269991.0,0.53,103.9,Legacy VBA
1424,2021,Data Analyst,62134.0,0.98,110.8,Cold Calling
1424,2021,Data Analyst,62134.0,0.98,110.8,Data Entry
1424,2021,Data Analyst,62134.0,0.98,110.8,Manual Testing
1425,2024,IT Support Specialist,208194.0,0.98,122.4,Spark/PySpark
1425,2024,IT Support Specialist,208194.0,0.98,122.4,Deep Learning
1425,2024,IT Support Specialist,208194.0,0.98,122.4,Cold Calling
1425,2024,IT Support Specialist,208194.0,0.98,122.4,MS Access
1425,2024,IT Support Specialist,208194.0,0.98,122.4,MLOps
1425,2024,IT Support Specialist,208194.0,0.98,122.4,Kubernetes
1426,2019,Software Developer,223743.0,0.98,95.2,Excel (Basic)
1426,2019,Software Developer,223743.0,0.98,95.2,LLMs/GenAI
1426,2019,Software Developer,223743.0,0.98,95.2,Crystal Reports
1426,2019,Software Developer,223743.0,0.98,95.2,COBOL
1426,2019,Software Developer,223743.0,0.98,95.2,Statistics
1426,2019,Software Developer,223743.0,0.98,95.2,Prompt Engineering
1427,2019,Data Scientist,221059.0,0.98,110.5,Copy-Paste Reporting
1427,2019,Data Scientist,221059.0,0.98,110.5,Legacy VBA
1427,2019,Data Scientist,221059.0,0.98,110.5,Statistics
1427,2019,Data Scientist,221059.0,0.98,110.5,Basic SEO
1428,2022,QA Engineer,110959.0,0.98,115.9,Kubernetes
1428,2022,QA Engineer,110959.0,0.98,115.9,Data Entry
1428,2022,QA Engineer,110959.0,0.98,115.9,A/B Testing
1428,2022,QA Engineer,110959.0,0.98,115.9,MLOps
1428,2022,QA Engineer,110959.0,0.98,115.9,Power BI
1429,2021,DevOps Engineer,116198.0,0.98,115.0,Airflow
1429,2021,DevOps Engineer,116198.0,0.98,115.0,Excel (Basic)
1429,2021,DevOps Engineer,116198.0,0.98,115.0,Statistics
1429,2021,DevOps Engineer,116198.0,0.98,115.0,Copy-Paste Reporting
1429,2021,DevOps Engineer,116198.0,0.98,115.0,Basic SEO
1429,2021,DevOps Engineer,116198.0,0.98,115.0,Power BI
1430,2019,Operations Analyst,186153.0,0.98,103.0,Manual Testing
1430,2019,Operations Analyst,186153.0,0.98,103.0,A/B Testing
1430,2019,Operations Analyst,186153.0,0.98,103.0,Legacy VBA
1430,2019,Operations Analyst,186153.0,0.98,103.0,SQL
1430,2019,Operations Analyst,186153.0,0.98,103.0,Machine Learning
1430,2019,Operations Analyst,186153.0,0.98,103.0,Copy-Paste Reporting
1431,2025,HR Analyst,88793.0,0.937,139.4,Cold Calling
1431,2025,HR Analyst,88793.0,0.937,139.4,Airflow
1431,2025,HR Analyst,88793.0,0.937,139.4,Vector Databases
1432,2024,Accountant,142817.0,0.98,145.5,Data Entry
1432,2024,Accountant,142817.0,0.98,145.5,COBOL
1432,2024,Accountant,142817.0,0.98,145.5,Tableau
1432,2024,Accountant,142817.0,0.98,145.5,Copy-Paste Reporting
1432,2024,Accountant,142817.0,0.98,145.5,Excel (Basic)
1433,2019,Software Developer,256674.0,0.564,95.1,Python
1433,2019,Software Developer,256674.0,0.564,95.1,Data Entry
1433,2019,Software Developer,256674.0,0.564,95.1,MLOps
1433,2019,Software Developer,256674.0,0.564,95.1,Cloud (AWS/GCP)
1434,2022,Data Analyst,228479.0,0.422,100.6,Vector Databases
1434,2022,Data Analyst,228479.0,0.422,100.6,Airflow
1434,2022,Data Analyst,228479.0,0.422,100.6,Kubernetes
1434,2022,Data Analyst,228479.0,0.422,100.6,Tableau
1434,2022,Data Analyst,228479.0,0.422,100.6,COBOL
1435,2022,Operations Analyst,141168.0,0.98,104.6,MS Access
1435,2022,Operations Analyst,141168.0,0.98,104.6,SQL
1435,2022,Operations Analyst,141168.0,0.98,104.6,Cold Calling
1435,2022,Operations Analyst,141168.0,0.98,104.6,Vector Databases
1435,2022,Operations Analyst,141168.0,0.98,104.6,Basic SEO
1436,2022,Data Scientist,241464.0,0.256,137.1,MLOps
1436,2022,Data Scientist,241464.0,0.256,137.1,Basic SEO
1436,2022,Data Scientist,241464.0,0.256,137.1,Prompt Engineering
1436,2022,Data Scientist,241464.0,0.256,137.1,Cloud (AWS/GCP)
1437,2019,HR Analyst,209815.0,0.98,100.2,Data Entry
1437,2019,HR Analyst,209815.0,0.98,100.2,LLMs/GenAI
1437,2019,HR Analyst,209815.0,0.98,100.2,Cold Calling
1437,2019,HR Analyst,209815.0,0.98,100.2,SQL
1437,2019,HR Analyst,209815.0,0.98,100.2,dbt
1437,2019,HR Analyst,209815.0,0.98,100.2,Kubernetes
1438,2022,DevOps Engineer,283348.0,0.05,113.6,LLMs/GenAI
1438,2022,DevOps Engineer,283348.0,0.05,113.6,MLOps
1438,2022,DevOps Engineer,283348.0,0.05,113.6,Python
1438,2022,DevOps Engineer,283348.0,0.05,113.6,Cloud (AWS/GCP)
1439,2021,Content Strategist,186008.0,0.98,102.3,SQL
1439,2021,Content Strategist,186008.0,0.98,102.3,Manual Testing
1439,2021,Content Strategist,186008.0,0.98,102.3,Crystal Reports
1439,2021,Content Strategist,186008.0,0.98,102.3,Deep Learning
1440,2019,Operations Analyst,231539.0,0.595,98.3,Crystal Reports
1440,2019,Operations Analyst,231539.0,0.595,98.3,MLOps
1440,2019,Operations Analyst,231539.0,0.595,98.3,R
1440,2019,Operations Analyst,231539.0,0.595,98.3,Vector Databases
1441,2022,Machine Learning Engineer,254944.0,0.05,136.9,MLOps
1441,2022,Machine Learning Engineer,254944.0,0.05,136.9,Airflow
1441,2022,Machine Learning Engineer,254944.0,0.05,136.9,Tableau
1442,2020,SEO Specialist,73541.0,0.98,111.6,Airflow
1442,2020,SEO Specialist,73541.0,0.98,111.6,Basic SEO
1442,2020,SEO Specialist,73541.0,0.98,111.6,Crystal Reports
1442,2020,SEO Specialist,73541.0,0.98,111.6,Copy-Paste Reporting
1442,2020,SEO Specialist,73541.0,0.98,111.6,Cold Calling
1442,2020,SEO Specialist,73541.0,0.98,111.6,MS Access
1443,2025,SQL Developer,121222.0,0.98,140.8,Python
1443,2025,SQL Developer,121222.0,0.98,140.8,Copy-Paste Reporting
1443,2025,SQL Developer,121222.0,0.98,140.8,Manual Testing
1443,2025,SQL Developer,121222.0,0.98,140.8,Statistics
1444,2022,SEO Specialist,222451.0,0.98,126.9,LLMs/GenAI
1444,2022,SEO Specialist,222451.0,0.98,126.9,A/B Testing
1444,2022,SEO Specialist,222451.0,0.98,126.9,Excel (Basic)
1444,2022,SEO Specialist,222451.0,0.98,126.9,SQL
1444,2022,SEO Specialist,222451.0,0.98,126.9,Data Entry
1444,2022,SEO Specialist,222451.0,0.98,126.9,COBOL
1445,2022,Product Manager,260214.0,0.98,110.7,Vector Databases
1445,2022,Product Manager,260214.0,0.98,110.7,Copy-Paste Reporting
1445,2022,Product Manager,260214.0,0.98,110.7,Airflow
1445,2022,Product Manager,260214.0,0.98,110.7,MLOps
1445,2022,Product Manager,260214.0,0.98,110.7,R
1445,2022,Product Manager,260214.0,0.98,110.7,Basic SEO
1446,2024,Data Engineer,228578.0,0.965,136.3,Cloud (AWS/GCP)
1446,2024,Data Engineer,228578.0,0.965,136.3,COBOL
1446,2024,Data Engineer,228578.0,0.965,136.3,A/B Testing
1446,2024,Data Engineer,228578.0,0.965,136.3,Crystal Reports
1447,2021,Machine Learning Engineer,305312.0,0.84,109.8,Tableau
1447,2021,Machine Learning Engineer,305312.0,0.84,109.8,Kubernetes
1447,2021,Machine Learning Engineer,305312.0,0.84,109.8,Excel (Basic)
1447,2021,Machine Learning Engineer,305312.0,0.84,109.8,Basic SEO
1448,2023,IT Support Specialist,188509.0,0.318,111.1,LLMs/GenAI
1448,2023,IT Support Specialist,188509.0,0.318,111.1,Python
1448,2023,IT Support Specialist,188509.0,0.318,111.1,R
1449,2024,Business Analyst,180274.0,0.636,157.5,Legacy VBA
1449,2024,Business Analyst,180274.0,0.636,157.5,Vector Databases
1449,2024,Business Analyst,180274.0,0.636,157.5,Deep Learning
1450,2021,Financial Analyst,172951.0,0.98,114.4,Power BI
1450,2021,Financial Analyst,172951.0,0.98,114.4,Crystal Reports
1450,2021,Financial Analyst,172951.0,0.98,114.4,Cold Calling
1450,2021,Financial Analyst,172951.0,0.98,114.4,Spark/PySpark
1450,2021,Financial Analyst,172951.0,0.98,114.4,SQL
1450,2021,Financial Analyst,172951.0,0.98,114.4,dbt
1451,2021,SEO Specialist,144746.0,0.98,120.0,Spark/PySpark
1451,2021,SEO Specialist,144746.0,0.98,120.0,Cold Calling
1451,2021,SEO Specialist,144746.0,0.98,120.0,R
1451,2021,SEO Specialist,144746.0,0.98,120.0,Legacy VBA
1451,2021,SEO Specialist,144746.0,0.98,120.0,Excel (Basic)
1451,2021,SEO Specialist,144746.0,0.98,120.0,MLOps
1452,2023,Business Analyst,158945.0,0.572,128.1,Manual Testing
1452,2023,Business Analyst,158945.0,0.572,128.1,Deep Learning
1452,2023,Business Analyst,158945.0,0.572,128.1,A/B Testing
1453,2020,Product Manager,169747.0,0.98,114.2,Basic SEO
1453,2020,Product Manager,169747.0,0.98,114.2,LLMs/GenAI
1453,2020,Product Manager,169747.0,0.98,114.2,Python
1453,2020,Product Manager,169747.0,0.98,114.2,Data Entry
1454,2024,Machine Learning Engineer,230088.0,0.98,140.7,Excel (Basic)
1454,2024,Machine Learning Engineer,230088.0,0.98,140.7,Crystal Reports
1454,2024,Machine Learning Engineer,230088.0,0.98,140.7,Legacy VBA
1454,2024,Machine Learning Engineer,230088.0,0.98,140.7,SQL
1454,2024,Machine Learning Engineer,230088.0,0.98,140.7,Power BI
1454,2024,Machine Learning Engineer,230088.0,0.98,140.7,Cold Calling
1455,2020,Cloud Architect,216120.0,0.311,99.9,LLMs/GenAI
1455,2020,Cloud Architect,216120.0,0.311,99.9,Crystal Reports
1455,2020,Cloud Architect,216120.0,0.311,99.9,Power BI
1455,2020,Cloud Architect,216120.0,0.311,99.9,Kubernetes
1455,2020,Cloud Architect,216120.0,0.311,99.9,Statistics
1456,2021,Software Developer,155914.0,0.704,106.0,MLOps
1456,2021,Software Developer,155914.0,0.704,106.0,Tableau
1456,2021,Software Developer,155914.0,0.704,106.0,Cold Calling
1457,2021,Data Analyst,216822.0,0.707,98.7,Legacy VBA
1457,2021,Data Analyst,216822.0,0.707,98.7,Vector Databases
1457,2021,Data Analyst,216822.0,0.707,98.7,Cloud (AWS/GCP)
1458,2023,Data Analyst,93794.0,0.98,111.5,Python
1458,2023,Data Analyst,93794.0,0.98,111.5,COBOL
1458,2023,Data Analyst,93794.0,0.98,111.5,Excel (Basic)
1458,2023,Data Analyst,93794.0,0.98,111.5,Vector Databases
1458,2023,Data Analyst,93794.0,0.98,111.5,Copy-Paste Reporting
1459,2020,SQL Developer,230984.0,0.98,94.3,Vector Databases
1459,2020,SQL Developer,230984.0,0.98,94.3,Cloud (AWS/GCP)
1459,2020,SQL Developer,230984.0,0.98,94.3,Copy-Paste Reporting
1459,2020,SQL Developer,230984.0,0.98,94.3,Legacy VBA
1460,2023,DevOps Engineer,325030.0,0.609,105.3,A/B Testing
1460,2023,DevOps Engineer,325030.0,0.609,105.3,Spark/PySpark
1460,2023,DevOps Engineer,325030.0,0.609,105.3,Basic SEO
1460,2023,DevOps Engineer,325030.0,0.609,105.3,Tableau
1461,2019,SEO Specialist,85160.0,0.805,96.7,Vector Databases
1461,2019,SEO Specialist,85160.0,0.805,96.7,Legacy VBA
1461,2019,SEO Specialist,85160.0,0.805,96.7,LLMs/GenAI
1462,2020,Machine Learning Engineer,271077.0,0.937,105.5,Manual Testing
1462,2020,Machine Learning Engineer,271077.0,0.937,105.5,MLOps
1462,2020,Machine Learning Engineer,271077.0,0.937,105.5,Tableau
1462,2020,Machine Learning Engineer,271077.0,0.937,105.5,Legacy VBA
1463,2022,IT Support Specialist,96140.0,0.762,97.4,Airflow
1463,2022,IT Support Specialist,96140.0,0.762,97.4,Vector Databases
1463,2022,IT Support Specialist,96140.0,0.762,97.4,Spark/PySpark
1463,2022,IT Support Specialist,96140.0,0.762,97.4,Basic SEO
1463,2022,IT Support Specialist,96140.0,0.762,97.4,Statistics
1464,2022,Business Analyst,165036.0,0.98,130.0,Copy-Paste Reporting
1464,2022,Business Analyst,165036.0,0.98,130.0,A/B Testing
1464,2022,Business Analyst,165036.0,0.98,130.0,Deep Learning
1465,2021,Content Strategist,245431.0,0.98,110.9,Cold Calling
1465,2021,Content Strategist,245431.0,0.98,110.9,R
1465,2021,Content Strategist,245431.0,0.98,110.9,Data Entry
1465,2021,Content Strategist,245431.0,0.98,110.9,dbt
1465,2021,Content Strategist,245431.0,0.98,110.9,Prompt Engineering
1465,2021,Content Strategist,245431.0,0.98,110.9,MLOps
1466,2025,SQL Developer,244372.0,0.323,96.5,SQL
1466,2025,SQL Developer,244372.0,0.323,96.5,Deep Learning
1466,2025,SQL Developer,244372.0,0.323,96.5,Statistics
1466,2025,SQL Developer,244372.0,0.323,96.5,Python
1466,2025,SQL Developer,244372.0,0.323,96.5,COBOL
1466,2025,SQL Developer,244372.0,0.323,96.5,Cloud (AWS/GCP)
1467,2022,Accountant,183689.0,0.98,133.4,Cold Calling
1467,2022,Accountant,183689.0,0.98,133.4,Legacy VBA
1467,2022,Accountant,183689.0,0.98,133.4,Crystal Reports
1467,2022,Accountant,183689.0,0.98,133.4,Machine Learning
1467,2022,Accountant,183689.0,0.98,133.4,A/B Testing
1468,2020,Data Scientist,218559.0,0.98,109.1,Data Entry
1468,2020,Data Scientist,218559.0,0.98,109.1,MLOps
1468,2020,Data Scientist,218559.0,0.98,109.1,MS Access
1468,2020,Data Scientist,218559.0,0.98,109.1,Machine Learning
1469,2019,AI Engineer,227224.0,0.98,99.4,Basic SEO
1469,2019,AI Engineer,227224.0,0.98,99.4,Legacy VBA
1469,2019,AI Engineer,227224.0,0.98,99.4,Copy-Paste Reporting
1470,2023,Content Strategist,117425.0,0.236,150.4,dbt
1470,2023,Content Strategist,117425.0,0.236,150.4,Cloud (AWS/GCP)
1470,2023,Content Strategist,117425.0,0.236,150.4,Tableau
1471,2020,Operations Analyst,173880.0,0.98,105.9,dbt
1471,2020,Operations Analyst,173880.0,0.98,105.9,Excel (Basic)
1471,2020,Operations Analyst,173880.0,0.98,105.9,Data Entry
1471,2020,Operations Analyst,173880.0,0.98,105.9,Manual Testing
1471,2020,Operations Analyst,173880.0,0.98,105.9,Python
1471,2020,Operations Analyst,173880.0,0.98,105.9,Machine Learning
1472,2020,Operations Analyst,85909.0,0.98,114.9,Legacy VBA
1472,2020,Operations Analyst,85909.0,0.98,114.9,Basic SEO
1472,2020,Operations Analyst,85909.0,0.98,114.9,MLOps
1472,2020,Operations Analyst,85909.0,0.98,114.9,LLMs/GenAI
1473,2025,Excel Analyst,141092.0,0.98,95.7,Spark/PySpark
1473,2025,Excel Analyst,141092.0,0.98,95.7,Manual Testing
1473,2025,Excel Analyst,141092.0,0.98,95.7,Airflow
1473,2025,Excel Analyst,141092.0,0.98,95.7,Legacy VBA
1474,2022,Supply Chain Analyst,203693.0,0.98,108.9,Power BI
1474,2022,Supply Chain Analyst,203693.0,0.98,108.9,Crystal Reports
1474,2022,Supply Chain Analyst,203693.0,0.98,108.9,Python
1474,2022,Supply Chain Analyst,203693.0,0.98,108.9,Basic SEO
1474,2022,Supply Chain Analyst,203693.0,0.98,108.9,SQL
1475,2020,Digital Marketer,166843.0,0.98,104.4,Machine Learning
1475,2020,Digital Marketer,166843.0,0.98,104.4,Crystal Reports
1475,2020,Digital Marketer,166843.0,0.98,104.4,Cold Calling
1475,2020,Digital Marketer,166843.0,0.98,104.4,Tableau
1475,2020,Digital Marketer,166843.0,0.98,104.4,Spark/PySpark
1475,2020,Digital Marketer,166843.0,0.98,104.4,Legacy VBA
1476,2019,HR Analyst,124461.0,0.311,95.8,Deep Learning
1476,2019,HR Analyst,124461.0,0.311,95.8,LLMs/GenAI
1476,2019,HR Analyst,124461.0,0.311,95.8,R
1476,2019,HR Analyst,124461.0,0.311,95.8,MLOps
1476,2019,HR Analyst,124461.0,0.311,95.8,Basic SEO
1476,2019,HR Analyst,124461.0,0.311,95.8,Kubernetes
1477,2024,Operations Analyst,237662.0,0.98,139.1,Prompt Engineering
1477,2024,Operations Analyst,237662.0,0.98,139.1,Copy-Paste Reporting
1477,2024,Operations Analyst,237662.0,0.98,139.1,Excel (Basic)
1477,2024,Operations Analyst,237662.0,0.98,139.1,Kubernetes
1477,2024,Operations Analyst,237662.0,0.98,139.1,Cloud (AWS/GCP)
1478,2022,SQL Developer,107366.0,0.05,102.6,Spark/PySpark
1478,2022,SQL Developer,107366.0,0.05,102.6,A/B Testing
1478,2022,SQL Developer,107366.0,0.05,102.6,Machine Learning
1478,2022,SQL Developer,107366.0,0.05,102.6,Statistics
1479,2019,Excel Analyst,43359.0,0.98,105.9,Cold Calling
1479,2019,Excel Analyst,43359.0,0.98,105.9,Crystal Reports
1479,2019,Excel Analyst,43359.0,0.98,105.9,COBOL
1480,2022,Accountant,169831.0,0.98,131.6,Manual Testing
1480,2022,Accountant,169831.0,0.98,131.6,Cold Calling
1480,2022,Accountant,169831.0,0.98,131.6,Machine Learning
1480,2022,Accountant,169831.0,0.98,131.6,Legacy VBA
1480,2022,Accountant,169831.0,0.98,131.6,A/B Testing
1480,2022,Accountant,169831.0,0.98,131.6,dbt
1481,2024,Cloud Architect,172934.0,0.622,130.3,MLOps
1481,2024,Cloud Architect,172934.0,0.622,130.3,Copy-Paste Reporting
1481,2024,Cloud Architect,172934.0,0.622,130.3,Kubernetes
1481,2024,Cloud Architect,172934.0,0.622,130.3,LLMs/GenAI
1482,2020,HR Analyst,111026.0,0.05,100.0,Prompt Engineering
1482,2020,HR Analyst,111026.0,0.05,100.0,A/B Testing
1482,2020,HR Analyst,111026.0,0.05,100.0,Deep Learning
1482,2020,HR Analyst,111026.0,0.05,100.0,Airflow
1483,2020,Cloud Architect,244248.0,0.98,109.7,Basic SEO
1483,2020,Cloud Architect,244248.0,0.98,109.7,Airflow
1483,2020,Cloud Architect,244248.0,0.98,109.7,Manual Testing
1484,2023,BI Developer,156533.0,0.725,121.9,Cloud (AWS/GCP)
1484,2023,BI Developer,156533.0,0.725,121.9,Legacy VBA
1484,2023,BI Developer,156533.0,0.725,121.9,Deep Learning
1485,2023,Data Analyst,309678.0,0.529,114.6,Machine Learning
1485,2023,Data Analyst,309678.0,0.529,114.6,Spark/PySpark
1485,2023,Data Analyst,309678.0,0.529,114.6,Cloud (AWS/GCP)
1485,2023,Data Analyst,309678.0,0.529,114.6,Legacy VBA
1485,2023,Data Analyst,309678.0,0.529,114.6,Airflow
1486,2019,Financial Analyst,71943.0,0.98,93.3,Copy-Paste Reporting
1486,2019,Financial Analyst,71943.0,0.98,93.3,Airflow
1486,2019,Financial Analyst,71943.0,0.98,93.3,Cold Calling
1487,2023,SEO Specialist,86292.0,0.98,141.3,Prompt Engineering
1487,2023,SEO Specialist,86292.0,0.98,141.3,Legacy VBA
1487,2023,SEO Specialist,86292.0,0.98,141.3,Manual Testing
1487,2023,SEO Specialist,86292.0,0.98,141.3,SQL
1487,2023,SEO Specialist,86292.0,0.98,141.3,Tableau
1487,2023,SEO Specialist,86292.0,0.98,141.3,Airflow
1488,2023,Statistician,213021.0,0.05,119.6,Tableau
1488,2023,Statistician,213021.0,0.05,119.6,R
1488,2023,Statistician,213021.0,0.05,119.6,Vector Databases
1488,2023,Statistician,213021.0,0.05,119.6,Airflow
1489,2024,Product Manager,182724.0,0.37,154.5,Vector Databases
1489,2024,Product Manager,182724.0,0.37,154.5,MS Access
1489,2024,Product Manager,182724.0,0.37,154.5,Python
1489,2024,Product Manager,182724.0,0.37,154.5,Power BI
1490,2020,Business Analyst,168112.0,0.98,107.5,SQL
1490,2020,Business Analyst,168112.0,0.98,107.5,Spark/PySpark
1490,2020,Business Analyst,168112.0,0.98,107.5,Basic SEO
1490,2020,Business Analyst,168112.0,0.98,107.5,Data Entry
1491,2022,QA Engineer,244888.0,0.98,109.4,SQL
1491,2022,QA Engineer,244888.0,0.98,109.4,Tableau
1491,2022,QA Engineer,244888.0,0.98,109.4,Vector Databases
1491,2022,QA Engineer,244888.0,0.98,109.4,MLOps
1491,2022,QA Engineer,244888.0,0.98,109.4,Cold Calling
1491,2022,QA Engineer,244888.0,0.98,109.4,Legacy VBA
1492,2024,Content Strategist,92721.0,0.98,145.5,Excel (Basic)
1492,2024,Content Strategist,92721.0,0.98,145.5,dbt
1492,2024,Content Strategist,92721.0,0.98,145.5,Copy-Paste Reporting
1492,2024,Content Strategist,92721.0,0.98,145.5,MS Access
1493,2023,DevOps Engineer,302889.0,0.623,119.8,Data Entry
1493,2023,DevOps Engineer,302889.0,0.623,119.8,Prompt Engineering
1493,2023,DevOps Engineer,302889.0,0.623,119.8,dbt
1493,2023,DevOps Engineer,302889.0,0.623,119.8,SQL
1493,2023,DevOps Engineer,302889.0,0.623,119.8,Spark/PySpark
1494,2023,HR Analyst,289151.0,0.314,135.8,Machine Learning
1494,2023,HR Analyst,289151.0,0.314,135.8,dbt
1494,2023,HR Analyst,289151.0,0.314,135.8,Basic SEO
1494,2023,HR Analyst,289151.0,0.314,135.8,MLOps
1494,2023,HR Analyst,289151.0,0.314,135.8,R
1494,2023,HR Analyst,289151.0,0.314,135.8,LLMs/GenAI
1495,2023,QA Engineer,130524.0,0.98,98.8,SQL
1495,2023,QA Engineer,130524.0,0.98,98.8,Excel (Basic)
1495,2023,QA Engineer,130524.0,0.98,98.8,Legacy VBA
1495,2023,QA Engineer,130524.0,0.98,98.8,LLMs/GenAI
1496,2024,Supply Chain Analyst,268438.0,0.058,119.4,Spark/PySpark
1496,2024,Supply Chain Analyst,268438.0,0.058,119.4,Power BI
1496,2024,Supply Chain Analyst,268438.0,0.058,119.4,MLOps
1496,2024,Supply Chain Analyst,268438.0,0.058,119.4,Tableau
1497,2024,Data Engineer,258121.0,0.98,115.2,Legacy VBA
1497,2024,Data Engineer,258121.0,0.98,115.2,Cloud (AWS/GCP)
1497,2024,Data Engineer,258121.0,0.98,115.2,COBOL
1498,2019,Data Analyst,108462.0,0.312,97.7,Vector Databases
1498,2019,Data Analyst,108462.0,0.312,97.7,dbt
1498,2019,Data Analyst,108462.0,0.312,97.7,MS Access
1498,2019,Data Analyst,108462.0,0.312,97.7,Spark/PySpark
1498,2019,Data Analyst,108462.0,0.312,97.7,Prompt Engineering
1499,2021,Accountant,230191.0,0.98,116.0,MLOps
1499,2021,Accountant,230191.0,0.98,116.0,Crystal Reports
1499,2021,Accountant,230191.0,0.98,116.0,LLMs/GenAI
1499,2021,Accountant,230191.0,0.98,116.0,Prompt Engineering
1499,2021,Accountant,230191.0,0.98,116.0,Cold Calling
1499,2021,Accountant,230191.0,0.98,116.0,Cloud (AWS/GCP)
1500,2020,Data Engineer,179634.0,0.98,105.9,LLMs/GenAI
1500,2020,Data Engineer,179634.0,0.98,105.9,R
1500,2020,Data Engineer,179634.0,0.98,105.9,Basic SEO
1500,2020,Data Engineer,179634.0,0.98,105.9,Data Entry
1500,2020,Data Engineer,179634.0,0.98,105.9,Statistics
1500,2020,Data Engineer,179634.0,0.98,105.9,Crystal Reports
1501,2024,Excel Analyst,82112.0,0.98,121.1,Cold Calling
1501,2024,Excel Analyst,82112.0,0.98,121.1,Machine Learning
1501,2024,Excel Analyst,82112.0,0.98,121.1,Spark/PySpark
1502,2022,Software Developer,294491.0,0.119,136.3,Tableau
1502,2022,Software Developer,294491.0,0.119,136.3,Excel (Basic)
1502,2022,Software Developer,294491.0,0.119,136.3,LLMs/GenAI
1502,2022,Software Developer,294491.0,0.119,136.3,Python
1502,2022,Software Developer,294491.0,0.119,136.3,Statistics
1503,2023,DevOps Engineer,240832.0,0.398,123.3,LLMs/GenAI
1503,2023,DevOps Engineer,240832.0,0.398,123.3,Spark/PySpark
1503,2023,DevOps Engineer,240832.0,0.398,123.3,Manual Testing
1504,2022,Data Engineer,140342.0,0.98,140.8,Crystal Reports
1504,2022,Data Engineer,140342.0,0.98,140.8,COBOL
1504,2022,Data Engineer,140342.0,0.98,140.8,Deep Learning
1504,2022,Data Engineer,140342.0,0.98,140.8,Vector Databases
1504,2022,Data Engineer,140342.0,0.98,140.8,Manual Testing
1505,2022,Data Analyst,244734.0,0.937,120.5,Vector Databases
1505,2022,Data Analyst,244734.0,0.937,120.5,Copy-Paste Reporting
1505,2022,Data Analyst,244734.0,0.937,120.5,Kubernetes
1505,2022,Data Analyst,244734.0,0.937,120.5,dbt
1506,2023,Data Analyst,142918.0,0.98,122.0,Data Entry
1506,2023,Data Analyst,142918.0,0.98,122.0,Airflow
1506,2023,Data Analyst,142918.0,0.98,122.0,Crystal Reports
1507,2022,QA Engineer,262375.0,0.488,114.7,Legacy VBA
1507,2022,QA Engineer,262375.0,0.488,114.7,Deep Learning
1507,2022,QA Engineer,262375.0,0.488,114.7,MLOps
1507,2022,QA Engineer,262375.0,0.488,114.7,R
1507,2022,QA Engineer,262375.0,0.488,114.7,Machine Learning
1507,2022,QA Engineer,262375.0,0.488,114.7,Spark/PySpark
1508,2023,Data Analyst,271681.0,0.98,145.3,dbt
1508,2023,Data Analyst,271681.0,0.98,145.3,Statistics
1508,2023,Data Analyst,271681.0,0.98,145.3,SQL
1508,2023,Data Analyst,271681.0,0.98,145.3,COBOL
1508,2023,Data Analyst,271681.0,0.98,145.3,Machine Learning
1508,2023,Data Analyst,271681.0,0.98,145.3,Crystal Reports
1509,2024,Software Developer,297669.0,0.349,130.7,Power BI
1509,2024,Software Developer,297669.0,0.349,130.7,Crystal Reports
1509,2024,Software Developer,297669.0,0.349,130.7,MLOps
1509,2024,Software Developer,297669.0,0.349,130.7,Spark/PySpark
1509,2024,Software Developer,297669.0,0.349,130.7,Vector Databases
1509,2024,Software Developer,297669.0,0.349,130.7,Kubernetes
1510,2022,AI Engineer,244888.0,0.953,129.1,COBOL
1510,2022,AI Engineer,244888.0,0.953,129.1,Legacy VBA
1510,2022,AI Engineer,244888.0,0.953,129.1,MLOps
1511,2019,Data Analyst,152840.0,0.05,102.5,LLMs/GenAI
1511,2019,Data Analyst,152840.0,0.05,102.5,Vector Databases
1511,2019,Data Analyst,152840.0,0.05,102.5,Deep Learning
1512,2025,Excel Analyst,69782.0,0.98,131.0,MS Access
1512,2025,Excel Analyst,69782.0,0.98,131.0,COBOL
1512,2025,Excel Analyst,69782.0,0.98,131.0,MLOps
1513,2023,Data Scientist,178733.0,0.98,135.1,COBOL
1513,2023,Data Scientist,178733.0,0.98,135.1,Legacy VBA
1513,2023,Data Scientist,178733.0,0.98,135.1,Cloud (AWS/GCP)
1513,2023,Data Scientist,178733.0,0.98,135.1,Manual Testing
1513,2023,Data Scientist,178733.0,0.98,135.1,Machine Learning
1514,2020,Product Manager,115299.0,0.374,118.6,Python
1514,2020,Product Manager,115299.0,0.374,118.6,Power BI
1514,2020,Product Manager,115299.0,0.374,118.6,COBOL
1515,2020,Business Analyst,70075.0,0.98,113.7,Statistics
1515,2020,Business Analyst,70075.0,0.98,113.7,Basic SEO
1515,2020,Business Analyst,70075.0,0.98,113.7,dbt
1515,2020,Business Analyst,70075.0,0.98,113.7,Crystal Reports
1516,2023,Operations Analyst,139871.0,0.127,108.0,Tableau
1516,2023,Operations Analyst,139871.0,0.127,108.0,LLMs/GenAI
1516,2023,Operations Analyst,139871.0,0.127,108.0,A/B Testing
1517,2020,SQL Developer,173279.0,0.98,105.8,Crystal Reports
1517,2020,SQL Developer,173279.0,0.98,105.8,Cloud (AWS/GCP)
1517,2020,SQL Developer,173279.0,0.98,105.8,Cold Calling
1517,2020,SQL Developer,173279.0,0.98,105.8,Deep Learning
1518,2025,Cloud Architect,215796.0,0.98,120.3,Manual Testing
1518,2025,Cloud Architect,215796.0,0.98,120.3,Power BI
1518,2025,Cloud Architect,215796.0,0.98,120.3,A/B Testing
1518,2025,Cloud Architect,215796.0,0.98,120.3,Data Entry
1518,2025,Cloud Architect,215796.0,0.98,120.3,Prompt Engineering
1519,2021,DevOps Engineer,229553.0,0.091,100.2,Prompt Engineering
1519,2021,DevOps Engineer,229553.0,0.091,100.2,Cold Calling
1519,2021,DevOps Engineer,229553.0,0.091,100.2,LLMs/GenAI
1519,2021,DevOps Engineer,229553.0,0.091,100.2,Deep Learning
1519,2021,DevOps Engineer,229553.0,0.091,100.2,Machine Learning
1520,2021,Product Manager,93150.0,0.98,116.2,Legacy VBA
1520,2021,Product Manager,93150.0,0.98,116.2,Cold Calling
1520,2021,Product Manager,93150.0,0.98,116.2,Crystal Reports
1521,2024,Supply Chain Analyst,84086.0,0.98,118.6,Crystal Reports
1521,2024,Supply Chain Analyst,84086.0,0.98,118.6,Legacy VBA
1521,2024,Supply Chain Analyst,84086.0,0.98,118.6,Manual Testing
1521,2024,Supply Chain Analyst,84086.0,0.98,118.6,Deep Learning
1521,2024,Supply Chain Analyst,84086.0,0.98,118.6,Excel (Basic)
1522,2025,Cloud Architect,362944.0,0.444,169.1,Statistics
1522,2025,Cloud Architect,362944.0,0.444,169.1,Prompt Engineering
1522,2025,Cloud Architect,362944.0,0.444,169.1,Cold Calling
1522,2025,Cloud Architect,362944.0,0.444,169.1,MLOps
1522,2025,Cloud Architect,362944.0,0.444,169.1,R
1523,2020,Excel Analyst,195219.0,0.98,113.7,Power BI
1523,2020,Excel Analyst,195219.0,0.98,113.7,Tableau
1523,2020,Excel Analyst,195219.0,0.98,113.7,MLOps
1523,2020,Excel Analyst,195219.0,0.98,113.7,COBOL
1523,2020,Excel Analyst,195219.0,0.98,113.7,Copy-Paste Reporting
1524,2022,IT Support Specialist,121706.0,0.98,118.0,MS Access
1524,2022,IT Support Specialist,121706.0,0.98,118.0,Cold Calling
1524,2022,IT Support Specialist,121706.0,0.98,118.0,SQL
1524,2022,IT Support Specialist,121706.0,0.98,118.0,Power BI
1525,2025,Data Engineer,332197.0,0.182,143.8,Vector Databases
1525,2025,Data Engineer,332197.0,0.182,143.8,Python
1525,2025,Data Engineer,332197.0,0.182,143.8,Power BI
1525,2025,Data Engineer,332197.0,0.182,143.8,Legacy VBA
1525,2025,Data Engineer,332197.0,0.182,143.8,LLMs/GenAI
1525,2025,Data Engineer,332197.0,0.182,143.8,Spark/PySpark
1526,2020,SQL Developer,141111.0,0.05,110.0,Spark/PySpark
1526,2020,SQL Developer,141111.0,0.05,110.0,Kubernetes
1526,2020,SQL Developer,141111.0,0.05,110.0,MLOps
1526,2020,SQL Developer,141111.0,0.05,110.0,dbt
1526,2020,SQL Developer,141111.0,0.05,110.0,Python
1526,2020,SQL Developer,141111.0,0.05,110.0,Statistics
1527,2021,SEO Specialist,150048.0,0.98,114.8,Manual Testing
1527,2021,SEO Specialist,150048.0,0.98,114.8,MS Access
1527,2021,SEO Specialist,150048.0,0.98,114.8,Statistics
1527,2021,SEO Specialist,150048.0,0.98,114.8,Power BI
1527,2021,SEO Specialist,150048.0,0.98,114.8,Cold Calling
1527,2021,SEO Specialist,150048.0,0.98,114.8,LLMs/GenAI
1528,2024,Business Analyst,183008.0,0.98,125.7,Crystal Reports
1528,2024,Business Analyst,183008.0,0.98,125.7,Statistics
1528,2024,Business Analyst,183008.0,0.98,125.7,Manual Testing
1528,2024,Business Analyst,183008.0,0.98,125.7,Prompt Engineering
1528,2024,Business Analyst,183008.0,0.98,125.7,Spark/PySpark
1529,2022,SQL Developer,254828.0,0.98,114.7,Data Entry
1529,2022,SQL Developer,254828.0,0.98,114.7,LLMs/GenAI
1529,2022,SQL Developer,254828.0,0.98,114.7,MLOps
1529,2022,SQL Developer,254828.0,0.98,114.7,Prompt Engineering
1529,2022,SQL Developer,254828.0,0.98,114.7,Legacy VBA
1530,2023,Machine Learning Engineer,371884.0,0.98,137.2,MLOps
1530,2023,Machine Learning Engineer,371884.0,0.98,137.2,MS Access
1530,2023,Machine Learning Engineer,371884.0,0.98,137.2,Vector Databases
1530,2023,Machine Learning Engineer,371884.0,0.98,137.2,COBOL
1530,2023,Machine Learning Engineer,371884.0,0.98,137.2,Crystal Reports
1531,2021,Financial Analyst,264655.0,0.446,111.4,Vector Databases
1531,2021,Financial Analyst,264655.0,0.446,111.4,Power BI
1531,2021,Financial Analyst,264655.0,0.446,111.4,Airflow
1531,2021,Financial Analyst,264655.0,0.446,111.4,dbt
1531,2021,Financial Analyst,264655.0,0.446,111.4,MLOps
1531,2021,Financial Analyst,264655.0,0.446,111.4,Crystal Reports
1532,2025,Cloud Architect,318013.0,0.98,166.9,Excel (Basic)
1532,2025,Cloud Architect,318013.0,0.98,166.9,COBOL
1532,2025,Cloud Architect,318013.0,0.98,166.9,MLOps
1532,2025,Cloud Architect,318013.0,0.98,166.9,Crystal Reports
1532,2025,Cloud Architect,318013.0,0.98,166.9,dbt
1533,2021,HR Analyst,173437.0,0.98,115.5,Basic SEO
1533,2021,HR Analyst,173437.0,0.98,115.5,Airflow
1533,2021,HR Analyst,173437.0,0.98,115.5,Statistics
1533,2021,HR Analyst,173437.0,0.98,115.5,Excel (Basic)
1534,2019,Cloud Architect,377350.0,0.144,104.7,Manual Testing
1534,2019,Cloud Architect,377350.0,0.144,104.7,MLOps
1534,2019,Cloud Architect,377350.0,0.144,104.7,Deep Learning
1534,2019,Cloud Architect,377350.0,0.144,104.7,A/B Testing
1535,2023,Product Manager,226250.0,0.98,108.3,Cold Calling
1535,2023,Product Manager,226250.0,0.98,108.3,dbt
1535,2023,Product Manager,226250.0,0.98,108.3,COBOL
1535,2023,Product Manager,226250.0,0.98,108.3,Copy-Paste Reporting
1535,2023,Product Manager,226250.0,0.98,108.3,Kubernetes
1535,2023,Product Manager,226250.0,0.98,108.3,Crystal Reports
1536,2025,Business Analyst,217087.0,0.6,151.7,MLOps
1536,2025,Business Analyst,217087.0,0.6,151.7,Vector Databases
1536,2025,Business Analyst,217087.0,0.6,151.7,Basic SEO
1537,2023,Data Engineer,214356.0,0.98,134.2,Manual Testing
1537,2023,Data Engineer,214356.0,0.98,134.2,R
1537,2023,Data Engineer,214356.0,0.98,134.2,dbt
1537,2023,Data Engineer,214356.0,0.98,134.2,Basic SEO
1537,2023,Data Engineer,214356.0,0.98,134.2,COBOL
1538,2023,Accountant,88075.0,0.803,137.1,A/B Testing
1538,2023,Accountant,88075.0,0.803,137.1,COBOL
1538,2023,Accountant,88075.0,0.803,137.1,Prompt Engineering
1538,2023,Accountant,88075.0,0.803,137.1,Airflow
1539,2022,Operations Analyst,105898.0,0.756,131.0,Spark/PySpark
1539,2022,Operations Analyst,105898.0,0.756,131.0,Prompt Engineering
1539,2022,Operations Analyst,105898.0,0.756,131.0,Python
1539,2022,Operations Analyst,105898.0,0.756,131.0,Data Entry
1540,2022,Data Scientist,217098.0,0.98,128.2,Data Entry
1540,2022,Data Scientist,217098.0,0.98,128.2,SQL
1540,2022,Data Scientist,217098.0,0.98,128.2,R
1540,2022,Data Scientist,217098.0,0.98,128.2,LLMs/GenAI
1540,2022,Data Scientist,217098.0,0.98,128.2,Manual Testing
1540,2022,Data Scientist,217098.0,0.98,128.2,Tableau
1541,2019,Statistician,315481.0,0.05,95.6,Prompt Engineering
1541,2019,Statistician,315481.0,0.05,95.6,LLMs/GenAI
1541,2019,Statistician,315481.0,0.05,95.6,Excel (Basic)
1541,2019,Statistician,315481.0,0.05,95.6,Spark/PySpark
1541,2019,Statistician,315481.0,0.05,95.6,MLOps
1541,2019,Statistician,315481.0,0.05,95.6,Python
1542,2025,Cloud Architect,365073.0,0.98,151.3,MLOps
1542,2025,Cloud Architect,365073.0,0.98,151.3,Basic SEO
1542,2025,Cloud Architect,365073.0,0.98,151.3,MS Access
1542,2025,Cloud Architect,365073.0,0.98,151.3,SQL
1543,2024,QA Engineer,156807.0,0.98,104.6,Manual Testing
1543,2024,QA Engineer,156807.0,0.98,104.6,Basic SEO
1543,2024,QA Engineer,156807.0,0.98,104.6,Cold Calling
1543,2024,QA Engineer,156807.0,0.98,104.6,Machine Learning
1543,2024,QA Engineer,156807.0,0.98,104.6,Data Entry
1544,2023,Financial Analyst,134951.0,0.05,126.2,Statistics
1544,2023,Financial Analyst,134951.0,0.05,126.2,Deep Learning
1544,2023,Financial Analyst,134951.0,0.05,126.2,Spark/PySpark
1544,2023,Financial Analyst,134951.0,0.05,126.2,Cloud (AWS/GCP)
1545,2024,Excel Analyst,111619.0,0.98,101.6,Deep Learning
1545,2024,Excel Analyst,111619.0,0.98,101.6,Power BI
1545,2024,Excel Analyst,111619.0,0.98,101.6,MLOps
1545,2024,Excel Analyst,111619.0,0.98,101.6,Cold Calling
1545,2024,Excel Analyst,111619.0,0.98,101.6,Statistics
1546,2019,Content Strategist,121828.0,0.846,93.9,Basic SEO
1546,2019,Content Strategist,121828.0,0.846,93.9,dbt
1546,2019,Content Strategist,121828.0,0.846,93.9,Tableau
1547,2025,Statistician,123888.0,0.98,157.9,Machine Learning
1547,2025,Statistician,123888.0,0.98,157.9,Data Entry
1547,2025,Statistician,123888.0,0.98,157.9,Basic SEO
1548,2022,Business Analyst,107068.0,0.898,122.6,Copy-Paste Reporting
1548,2022,Business Analyst,107068.0,0.898,122.6,Spark/PySpark
1548,2022,Business Analyst,107068.0,0.898,122.6,A/B Testing
1548,2022,Business Analyst,107068.0,0.898,122.6,MLOps
1549,2025,HR Analyst,186784.0,0.98,138.0,Statistics
1549,2025,HR Analyst,186784.0,0.98,138.0,Python
1549,2025,HR Analyst,186784.0,0.98,138.0,Legacy VBA
1549,2025,HR Analyst,186784.0,0.98,138.0,Crystal Reports
1549,2025,HR Analyst,186784.0,0.98,138.0,Power BI
1550,2019,SQL Developer,235627.0,0.301,98.9,Excel (Basic)
1550,2019,SQL Developer,235627.0,0.301,98.9,Statistics
1550,2019,SQL Developer,235627.0,0.301,98.9,Python
1550,2019,SQL Developer,235627.0,0.301,98.9,Vector Databases
1551,2023,DevOps Engineer,315556.0,0.749,138.0,Spark/PySpark
1551,2023,DevOps Engineer,315556.0,0.749,138.0,R
1551,2023,DevOps Engineer,315556.0,0.749,138.0,Python
1551,2023,DevOps Engineer,315556.0,0.749,138.0,Data Entry
1552,2021,Statistician,298902.0,0.98,121.5,LLMs/GenAI
1552,2021,Statistician,298902.0,0.98,121.5,Basic SEO
1552,2021,Statistician,298902.0,0.98,121.5,dbt
1552,2021,Statistician,298902.0,0.98,121.5,Cold Calling
1552,2021,Statistician,298902.0,0.98,121.5,Manual Testing
1552,2021,Statistician,298902.0,0.98,121.5,Kubernetes
1553,2021,Statistician,213253.0,0.98,120.6,Python
1553,2021,Statistician,213253.0,0.98,120.6,Tableau
1553,2021,Statistician,213253.0,0.98,120.6,Manual Testing
1553,2021,Statistician,213253.0,0.98,120.6,Data Entry
1553,2021,Statistician,213253.0,0.98,120.6,Legacy VBA
1553,2021,Statistician,213253.0,0.98,120.6,A/B Testing
1554,2020,BI Developer,73632.0,0.98,102.6,MS Access
1554,2020,BI Developer,73632.0,0.98,102.6,Copy-Paste Reporting
1554,2020,BI Developer,73632.0,0.98,102.6,dbt
1555,2023,Product Manager,262437.0,0.506,134.3,Vector Databases
1555,2023,Product Manager,262437.0,0.506,134.3,Tableau
1555,2023,Product Manager,262437.0,0.506,134.3,Machine Learning
1555,2023,Product Manager,262437.0,0.506,134.3,Data Entry
1555,2023,Product Manager,262437.0,0.506,134.3,Airflow
1556,2025,Statistician,176886.0,0.98,140.4,Python
1556,2025,Statistician,176886.0,0.98,140.4,dbt
1556,2025,Statistician,176886.0,0.98,140.4,Basic SEO
1556,2025,Statistician,176886.0,0.98,140.4,LLMs/GenAI
1556,2025,Statistician,176886.0,0.98,140.4,Copy-Paste Reporting
1557,2022,Product Manager,271483.0,0.98,127.2,Manual Testing
1557,2022,Product Manager,271483.0,0.98,127.2,Cold Calling
1557,2022,Product Manager,271483.0,0.98,127.2,LLMs/GenAI
1557,2022,Product Manager,271483.0,0.98,127.2,Statistics
1557,2022,Product Manager,271483.0,0.98,127.2,Basic SEO
1557,2022,Product Manager,271483.0,0.98,127.2,R
1558,2025,Supply Chain Analyst,98793.0,0.98,109.7,Python
1558,2025,Supply Chain Analyst,98793.0,0.98,109.7,Copy-Paste Reporting
1558,2025,Supply Chain Analyst,98793.0,0.98,109.7,Manual Testing
1559,2019,Statistician,148113.0,0.291,103.5,MS Access
1559,2019,Statistician,148113.0,0.291,103.5,Excel (Basic)
1559,2019,Statistician,148113.0,0.291,103.5,LLMs/GenAI
1559,2019,Statistician,148113.0,0.291,103.5,Cloud (AWS/GCP)
1559,2019,Statistician,148113.0,0.291,103.5,Machine Learning
1559,2019,Statistician,148113.0,0.291,103.5,Vector Databases
1560,2020,QA Engineer,229389.0,0.98,101.3,Data Entry
1560,2020,QA Engineer,229389.0,0.98,101.3,Python
1560,2020,QA Engineer,229389.0,0.98,101.3,Prompt Engineering
1560,2020,QA Engineer,229389.0,0.98,101.3,Cold Calling
1560,2020,QA Engineer,229389.0,0.98,101.3,Machine Learning
1560,2020,QA Engineer,229389.0,0.98,101.3,Cloud (AWS/GCP)
1561,2021,IT Support Specialist,175243.0,0.373,110.5,LLMs/GenAI
1561,2021,IT Support Specialist,175243.0,0.373,110.5,Python
1561,2021,IT Support Specialist,175243.0,0.373,110.5,Cloud (AWS/GCP)
1561,2021,IT Support Specialist,175243.0,0.373,110.5,Deep Learning
1561,2021,IT Support Specialist,175243.0,0.373,110.5,MS Access
1561,2021,IT Support Specialist,175243.0,0.373,110.5,Airflow
1562,2023,Operations Analyst,165792.0,0.98,113.9,Crystal Reports
1562,2023,Operations Analyst,165792.0,0.98,113.9,Excel (Basic)
1562,2023,Operations Analyst,165792.0,0.98,113.9,Statistics
1563,2024,Data Engineer,212581.0,0.386,111.5,Python
1563,2024,Data Engineer,212581.0,0.386,111.5,Machine Learning
1563,2024,Data Engineer,212581.0,0.386,111.5,Statistics
1563,2024,Data Engineer,212581.0,0.386,111.5,Power BI
1563,2024,Data Engineer,212581.0,0.386,111.5,Tableau
1563,2024,Data Engineer,212581.0,0.386,111.5,Cold Calling
1564,2019,Financial Analyst,94335.0,0.98,101.2,MS Access
1564,2019,Financial Analyst,94335.0,0.98,101.2,Statistics
1564,2019,Financial Analyst,94335.0,0.98,101.2,dbt
1564,2019,Financial Analyst,94335.0,0.98,101.2,COBOL
1564,2019,Financial Analyst,94335.0,0.98,101.2,Kubernetes
1565,2021,SQL Developer,90331.0,0.98,110.2,Copy-Paste Reporting
1565,2021,SQL Developer,90331.0,0.98,110.2,Excel (Basic)
1565,2021,SQL Developer,90331.0,0.98,110.2,Basic SEO
1566,2023,Operations Analyst,227479.0,0.98,133.3,Vector Databases
1566,2023,Operations Analyst,227479.0,0.98,133.3,Deep Learning
1566,2023,Operations Analyst,227479.0,0.98,133.3,Manual Testing
1566,2023,Operations Analyst,227479.0,0.98,133.3,Tableau
1566,2023,Operations Analyst,227479.0,0.98,133.3,Basic SEO
1567,2020,DevOps Engineer,216496.0,0.98,101.1,MLOps
1567,2020,DevOps Engineer,216496.0,0.98,101.1,MS Access
1567,2020,DevOps Engineer,216496.0,0.98,101.1,Data Entry
1567,2020,DevOps Engineer,216496.0,0.98,101.1,Vector Databases
1568,2023,Software Developer,190113.0,0.98,137.9,Spark/PySpark
1568,2023,Software Developer,190113.0,0.98,137.9,Basic SEO
1568,2023,Software Developer,190113.0,0.98,137.9,Legacy VBA
1568,2023,Software Developer,190113.0,0.98,137.9,Cold Calling
1568,2023,Software Developer,190113.0,0.98,137.9,Statistics
1569,2022,DevOps Engineer,320307.0,0.521,126.6,Spark/PySpark
1569,2022,DevOps Engineer,320307.0,0.521,126.6,MLOps
1569,2022,DevOps Engineer,320307.0,0.521,126.6,Vector Databases
1569,2022,DevOps Engineer,320307.0,0.521,126.6,Data Entry
1569,2022,DevOps Engineer,320307.0,0.521,126.6,Tableau
1570,2023,Supply Chain Analyst,114179.0,0.98,141.1,Manual Testing
1570,2023,Supply Chain Analyst,114179.0,0.98,141.1,MLOps
1570,2023,Supply Chain Analyst,114179.0,0.98,141.1,R
1570,2023,Supply Chain Analyst,114179.0,0.98,141.1,Data Entry
1571,2020,Financial Analyst,112270.0,0.803,114.0,Basic SEO
1571,2020,Financial Analyst,112270.0,0.803,114.0,Power BI
1571,2020,Financial Analyst,112270.0,0.803,114.0,Cloud (AWS/GCP)
1572,2023,Business Analyst,202754.0,0.842,145.5,Kubernetes
1572,2023,Business Analyst,202754.0,0.842,145.5,R
1572,2023,Business Analyst,202754.0,0.842,145.5,Legacy VBA
1573,2024,Excel Analyst,147223.0,0.98,135.5,MS Access
1573,2024,Excel Analyst,147223.0,0.98,135.5,Basic SEO
1573,2024,Excel Analyst,147223.0,0.98,135.5,COBOL
1573,2024,Excel Analyst,147223.0,0.98,135.5,Vector Databases
1573,2024,Excel Analyst,147223.0,0.98,135.5,R
1574,2023,Supply Chain Analyst,182141.0,0.98,119.6,MS Access
1574,2023,Supply Chain Analyst,182141.0,0.98,119.6,Power BI
1574,2023,Supply Chain Analyst,182141.0,0.98,119.6,Crystal Reports
1574,2023,Supply Chain Analyst,182141.0,0.98,119.6,Cold Calling
1574,2023,Supply Chain Analyst,182141.0,0.98,119.6,Cloud (AWS/GCP)
1575,2024,IT Support Specialist,128381.0,0.326,119.3,Statistics
1575,2024,IT Support Specialist,128381.0,0.326,119.3,Spark/PySpark
1575,2024,IT Support Specialist,128381.0,0.326,119.3,Deep Learning
1576,2021,Excel Analyst,134691.0,0.98,91.9,Basic SEO
1576,2021,Excel Analyst,134691.0,0.98,91.9,dbt
1576,2021,Excel Analyst,134691.0,0.98,91.9,Python
1577,2021,Machine Learning Engineer,202738.0,0.05,106.5,Kubernetes
1577,2021,Machine Learning Engineer,202738.0,0.05,106.5,Tableau
1577,2021,Machine Learning Engineer,202738.0,0.05,106.5,Cloud (AWS/GCP)
1578,2021,Supply Chain Analyst,266660.0,0.05,114.9,MLOps
1578,2021,Supply Chain Analyst,266660.0,0.05,114.9,SQL
1578,2021,Supply Chain Analyst,266660.0,0.05,114.9,Vector Databases
1578,2021,Supply Chain Analyst,266660.0,0.05,114.9,dbt
1578,2021,Supply Chain Analyst,266660.0,0.05,114.9,Prompt Engineering
1579,2023,Digital Marketer,365774.0,0.05,132.1,Machine Learning
1579,2023,Digital Marketer,365774.0,0.05,132.1,Statistics
1579,2023,Digital Marketer,365774.0,0.05,132.1,MLOps
1579,2023,Digital Marketer,365774.0,0.05,132.1,Vector Databases
1579,2023,Digital Marketer,365774.0,0.05,132.1,Python
1579,2023,Digital Marketer,365774.0,0.05,132.1,Kubernetes
1580,2025,Software Developer,346895.0,0.439,173.3,Legacy VBA
1580,2025,Software Developer,346895.0,0.439,173.3,Statistics
1580,2025,Software Developer,346895.0,0.439,173.3,Python
1580,2025,Software Developer,346895.0,0.439,173.3,SQL
1580,2025,Software Developer,346895.0,0.439,173.3,Machine Learning
1581,2025,Data Scientist,275316.0,0.505,161.8,Deep Learning
1581,2025,Data Scientist,275316.0,0.505,161.8,Airflow
1581,2025,Data Scientist,275316.0,0.505,161.8,MS Access
1582,2024,Machine Learning Engineer,343848.0,0.243,124.1,Manual Testing
1582,2024,Machine Learning Engineer,343848.0,0.243,124.1,Statistics
1582,2024,Machine Learning Engineer,343848.0,0.243,124.1,Machine Learning
1582,2024,Machine Learning Engineer,343848.0,0.243,124.1,MLOps
1583,2025,Operations Analyst,245786.0,0.98,154.5,Cloud (AWS/GCP)
1583,2025,Operations Analyst,245786.0,0.98,154.5,Python
1583,2025,Operations Analyst,245786.0,0.98,154.5,Legacy VBA
1583,2025,Operations Analyst,245786.0,0.98,154.5,Spark/PySpark
1583,2025,Operations Analyst,245786.0,0.98,154.5,Excel (Basic)
1583,2025,Operations Analyst,245786.0,0.98,154.5,COBOL
1584,2023,IT Support Specialist,75976.0,0.98,115.7,Kubernetes
1584,2023,IT Support Specialist,75976.0,0.98,115.7,Crystal Reports
1584,2023,IT Support Specialist,75976.0,0.98,115.7,Excel (Basic)
1584,2023,IT Support Specialist,75976.0,0.98,115.7,SQL
1584,2023,IT Support Specialist,75976.0,0.98,115.7,R
1584,2023,IT Support Specialist,75976.0,0.98,115.7,Data Entry
1585,2021,Financial Analyst,109464.0,0.858,102.1,Tableau
1585,2021,Financial Analyst,109464.0,0.858,102.1,Prompt Engineering
1585,2021,Financial Analyst,109464.0,0.858,102.1,Copy-Paste Reporting
1585,2021,Financial Analyst,109464.0,0.858,102.1,LLMs/GenAI
1586,2023,Cloud Architect,308374.0,0.05,114.6,dbt
1586,2023,Cloud Architect,308374.0,0.05,114.6,Statistics
1586,2023,Cloud Architect,308374.0,0.05,114.6,Airflow
1587,2025,Product Manager,207697.0,0.98,140.7,LLMs/GenAI
1587,2025,Product Manager,207697.0,0.98,140.7,Airflow
1587,2025,Product Manager,207697.0,0.98,140.7,MLOps
1587,2025,Product Manager,207697.0,0.98,140.7,Copy-Paste Reporting
1587,2025,Product Manager,207697.0,0.98,140.7,Legacy VBA
1588,2022,Excel Analyst,139976.0,0.98,93.6,Spark/PySpark
1588,2022,Excel Analyst,139976.0,0.98,93.6,MS Access
1588,2022,Excel Analyst,139976.0,0.98,93.6,Manual Testing
1588,2022,Excel Analyst,139976.0,0.98,93.6,Excel (Basic)
1589,2022,DevOps Engineer,268292.0,0.752,101.1,Data Entry
1589,2022,DevOps Engineer,268292.0,0.752,101.1,R
1589,2022,DevOps Engineer,268292.0,0.752,101.1,Cloud (AWS/GCP)
1589,2022,DevOps Engineer,268292.0,0.752,101.1,Power BI
1589,2022,DevOps Engineer,268292.0,0.752,101.1,Statistics
1590,2022,SEO Specialist,167860.0,0.98,124.2,Kubernetes
1590,2022,SEO Specialist,167860.0,0.98,124.2,Legacy VBA
1590,2022,SEO Specialist,167860.0,0.98,124.2,Vector Databases
1591,2023,Excel Analyst,130425.0,0.98,99.1,Deep Learning
1591,2023,Excel Analyst,130425.0,0.98,99.1,Excel (Basic)
1591,2023,Excel Analyst,130425.0,0.98,99.1,LLMs/GenAI
1591,2023,Excel Analyst,130425.0,0.98,99.1,Legacy VBA
1592,2024,SEO Specialist,193878.0,0.98,119.7,Deep Learning
1592,2024,SEO Specialist,193878.0,0.98,119.7,COBOL
1592,2024,SEO Specialist,193878.0,0.98,119.7,Legacy VBA
1592,2024,SEO Specialist,193878.0,0.98,119.7,LLMs/GenAI
1592,2024,SEO Specialist,193878.0,0.98,119.7,Excel (Basic)
1592,2024,SEO Specialist,193878.0,0.98,119.7,Power BI
1593,2019,Excel Analyst,85378.0,0.98,94.5,MS Access
1593,2019,Excel Analyst,85378.0,0.98,94.5,Crystal Reports
1593,2019,Excel Analyst,85378.0,0.98,94.5,SQL
1593,2019,Excel Analyst,85378.0,0.98,94.5,Python
1594,2023,Data Analyst,79816.0,0.538,122.2,Prompt Engineering
1594,2023,Data Analyst,79816.0,0.538,122.2,COBOL
1594,2023,Data Analyst,79816.0,0.538,122.2,Spark/PySpark
1595,2020,Digital Marketer,153496.0,0.05,122.1,Statistics
1595,2020,Digital Marketer,153496.0,0.05,122.1,dbt
1595,2020,Digital Marketer,153496.0,0.05,122.1,Cloud (AWS/GCP)
1595,2020,Digital Marketer,153496.0,0.05,122.1,LLMs/GenAI
1595,2020,Digital Marketer,153496.0,0.05,122.1,SQL
1595,2020,Digital Marketer,153496.0,0.05,122.1,R
1596,2023,Data Scientist,162371.0,0.98,125.3,Copy-Paste Reporting
1596,2023,Data Scientist,162371.0,0.98,125.3,Cold Calling
1596,2023,Data Scientist,162371.0,0.98,125.3,Deep Learning
1596,2023,Data Scientist,162371.0,0.98,125.3,Statistics
1597,2019,Financial Analyst,138048.0,0.525,98.7,Airflow
1597,2019,Financial Analyst,138048.0,0.525,98.7,Basic SEO
1597,2019,Financial Analyst,138048.0,0.525,98.7,Kubernetes
1597,2019,Financial Analyst,138048.0,0.525,98.7,Power BI
1597,2019,Financial Analyst,138048.0,0.525,98.7,Machine Learning
1598,2019,Cloud Architect,246000.0,0.98,101.3,SQL
1598,2019,Cloud Architect,246000.0,0.98,101.3,Tableau
1598,2019,Cloud Architect,246000.0,0.98,101.3,Manual Testing
1598,2019,Cloud Architect,246000.0,0.98,101.3,Basic SEO
1598,2019,Cloud Architect,246000.0,0.98,101.3,Copy-Paste Reporting
1599,2020,Digital Marketer,209579.0,0.557,109.4,Airflow
1599,2020,Digital Marketer,209579.0,0.557,109.4,Manual Testing
1599,2020,Digital Marketer,209579.0,0.557,109.4,A/B Testing
1599,2020,Digital Marketer,209579.0,0.557,109.4,Prompt Engineering
1600,2019,QA Engineer,201753.0,0.828,103.7,R
1600,2019,QA Engineer,201753.0,0.828,103.7,Deep Learning
1600,2019,QA Engineer,201753.0,0.828,103.7,Crystal Reports
1601,2020,HR Analyst,113619.0,0.693,101.1,Kubernetes
1601,2020,HR Analyst,113619.0,0.693,101.1,Tableau
1601,2020,HR Analyst,113619.0,0.693,101.1,Data Entry
1601,2020,HR Analyst,113619.0,0.693,101.1,MLOps
1601,2020,HR Analyst,113619.0,0.693,101.1,Prompt Engineering
1601,2020,HR Analyst,113619.0,0.693,101.1,R
1602,2021,Digital Marketer,239325.0,0.612,105.8,Statistics
1602,2021,Digital Marketer,239325.0,0.612,105.8,MLOps
1602,2021,Digital Marketer,239325.0,0.612,105.8,Deep Learning
1602,2021,Digital Marketer,239325.0,0.612,105.8,Crystal Reports
1603,2021,SEO Specialist,187194.0,0.98,121.4,Data Entry
1603,2021,SEO Specialist,187194.0,0.98,121.4,Kubernetes
1603,2021,SEO Specialist,187194.0,0.98,121.4,Copy-Paste Reporting
1603,2021,SEO Specialist,187194.0,0.98,121.4,Prompt Engineering
1603,2021,SEO Specialist,187194.0,0.98,121.4,Manual Testing
1604,2021,Cloud Architect,223127.0,0.223,108.0,Prompt Engineering
1604,2021,Cloud Architect,223127.0,0.223,108.0,dbt
1604,2021,Cloud Architect,223127.0,0.223,108.0,Basic SEO
1604,2021,Cloud Architect,223127.0,0.223,108.0,MLOps
1604,2021,Cloud Architect,223127.0,0.223,108.0,A/B Testing
1605,2021,Statistician,219702.0,0.98,109.3,COBOL
1605,2021,Statistician,219702.0,0.98,109.3,Cold Calling
1605,2021,Statistician,219702.0,0.98,109.3,Crystal Reports
1605,2021,Statistician,219702.0,0.98,109.3,Prompt Engineering
1606,2024,DevOps Engineer,287323.0,0.905,114.3,COBOL
1606,2024,DevOps Engineer,287323.0,0.905,114.3,Tableau
1606,2024,DevOps Engineer,287323.0,0.905,114.3,Excel (Basic)
1606,2024,DevOps Engineer,287323.0,0.905,114.3,A/B Testing
1607,2024,Product Manager,267850.0,0.957,121.5,LLMs/GenAI
1607,2024,Product Manager,267850.0,0.957,121.5,Data Entry
1607,2024,Product Manager,267850.0,0.957,121.5,COBOL
1607,2024,Product Manager,267850.0,0.957,121.5,Statistics
1607,2024,Product Manager,267850.0,0.957,121.5,Vector Databases
1608,2022,Operations Analyst,225475.0,0.38,134.9,Spark/PySpark
1608,2022,Operations Analyst,225475.0,0.38,134.9,Kubernetes
1608,2022,Operations Analyst,225475.0,0.38,134.9,Manual Testing
1608,2022,Operations Analyst,225475.0,0.38,134.9,Deep Learning
1608,2022,Operations Analyst,225475.0,0.38,134.9,Cloud (AWS/GCP)
1609,2025,SEO Specialist,182393.0,0.887,168.5,COBOL
1609,2025,SEO Specialist,182393.0,0.887,168.5,Kubernetes
1609,2025,SEO Specialist,182393.0,0.887,168.5,Statistics
1609,2025,SEO Specialist,182393.0,0.887,168.5,Tableau
1610,2023,Financial Analyst,231359.0,0.748,126.6,dbt
1610,2023,Financial Analyst,231359.0,0.748,126.6,Kubernetes
1610,2023,Financial Analyst,231359.0,0.748,126.6,Machine Learning
1610,2023,Financial Analyst,231359.0,0.748,126.6,Power BI
1610,2023,Financial Analyst,231359.0,0.748,126.6,Data Entry
1610,2023,Financial Analyst,231359.0,0.748,126.6,Statistics
1611,2022,QA Engineer,264278.0,0.709,118.0,LLMs/GenAI
1611,2022,QA Engineer,264278.0,0.709,118.0,Cloud (AWS/GCP)
1611,2022,QA Engineer,264278.0,0.709,118.0,Vector Databases
1611,2022,QA Engineer,264278.0,0.709,118.0,Cold Calling
1612,2019,Business Analyst,94223.0,0.98,100.5,Spark/PySpark
1612,2019,Business Analyst,94223.0,0.98,100.5,COBOL
1612,2019,Business Analyst,94223.0,0.98,100.5,Cloud (AWS/GCP)
1612,2019,Business Analyst,94223.0,0.98,100.5,MS Access
1612,2019,Business Analyst,94223.0,0.98,100.5,Legacy VBA
1613,2019,Supply Chain Analyst,177657.0,0.98,106.8,MLOps
1613,2019,Supply Chain Analyst,177657.0,0.98,106.8,Manual Testing
1613,2019,Supply Chain Analyst,177657.0,0.98,106.8,MS Access
1614,2022,Excel Analyst,128419.0,0.891,92.1,R
1614,2022,Excel Analyst,128419.0,0.891,92.1,Vector Databases
1614,2022,Excel Analyst,128419.0,0.891,92.1,Basic SEO
1614,2022,Excel Analyst,128419.0,0.891,92.1,Airflow
1614,2022,Excel Analyst,128419.0,0.891,92.1,Spark/PySpark
1615,2023,Cloud Architect,219027.0,0.226,117.5,R
1615,2023,Cloud Architect,219027.0,0.226,117.5,Manual Testing
1615,2023,Cloud Architect,219027.0,0.226,117.5,Python
1615,2023,Cloud Architect,219027.0,0.226,117.5,LLMs/GenAI
1616,2024,Accountant,135742.0,0.98,118.4,Airflow
1616,2024,Accountant,135742.0,0.98,118.4,Copy-Paste Reporting
1616,2024,Accountant,135742.0,0.98,118.4,Power BI
1617,2022,Accountant,151453.0,0.759,105.9,Cloud (AWS/GCP)
1617,2022,Accountant,151453.0,0.759,105.9,Python
1617,2022,Accountant,151453.0,0.759,105.9,Airflow
1617,2022,Accountant,151453.0,0.759,105.9,Legacy VBA
1617,2022,Accountant,151453.0,0.759,105.9,Prompt Engineering
1618,2025,Accountant,239122.0,0.98,155.5,Cloud (AWS/GCP)
1618,2025,Accountant,239122.0,0.98,155.5,Copy-Paste Reporting
1618,2025,Accountant,239122.0,0.98,155.5,Deep Learning
1618,2025,Accountant,239122.0,0.98,155.5,Power BI
1619,2022,Data Engineer,249180.0,0.825,116.5,R
1619,2022,Data Engineer,249180.0,0.825,116.5,Cold Calling
1619,2022,Data Engineer,249180.0,0.825,116.5,Kubernetes
1620,2024,Digital Marketer,207019.0,0.649,151.2,Python
1620,2024,Digital Marketer,207019.0,0.649,151.2,Statistics
1620,2024,Digital Marketer,207019.0,0.649,151.2,A/B Testing
1620,2024,Digital Marketer,207019.0,0.649,151.2,Manual Testing
1620,2024,Digital Marketer,207019.0,0.649,151.2,SQL
1621,2023,SQL Developer,223561.0,0.98,98.7,LLMs/GenAI
1621,2023,SQL Developer,223561.0,0.98,98.7,COBOL
1621,2023,SQL Developer,223561.0,0.98,98.7,SQL
1621,2023,SQL Developer,223561.0,0.98,98.7,dbt
1621,2023,SQL Developer,223561.0,0.98,98.7,Cold Calling
1621,2023,SQL Developer,223561.0,0.98,98.7,MLOps
1622,2021,Excel Analyst,120192.0,0.98,86.9,Python
1622,2021,Excel Analyst,120192.0,0.98,86.9,Legacy VBA
1622,2021,Excel Analyst,120192.0,0.98,86.9,Excel (Basic)
1622,2021,Excel Analyst,120192.0,0.98,86.9,Airflow
1622,2021,Excel Analyst,120192.0,0.98,86.9,Data Entry
1622,2021,Excel Analyst,120192.0,0.98,86.9,Crystal Reports
1623,2024,Data Analyst,208460.0,0.624,133.0,SQL
1623,2024,Data Analyst,208460.0,0.624,133.0,Python
1623,2024,Data Analyst,208460.0,0.624,133.0,Statistics
1623,2024,Data Analyst,208460.0,0.624,133.0,Power BI
1623,2024,Data Analyst,208460.0,0.624,133.0,MS Access
1624,2022,Data Scientist,317309.0,0.05,117.9,Kubernetes
1624,2022,Data Scientist,317309.0,0.05,117.9,Vector Databases
1624,2022,Data Scientist,317309.0,0.05,117.9,Statistics
1624,2022,Data Scientist,317309.0,0.05,117.9,LLMs/GenAI
1625,2025,Financial Analyst,273227.0,0.967,111.8,Copy-Paste Reporting
1625,2025,Financial Analyst,273227.0,0.967,111.8,Machine Learning
1625,2025,Financial Analyst,273227.0,0.967,111.8,SQL
1625,2025,Financial Analyst,273227.0,0.967,111.8,Vector Databases
1626,2020,Data Scientist,169177.0,0.05,113.5,Kubernetes
1626,2020,Data Scientist,169177.0,0.05,113.5,Deep Learning
1626,2020,Data Scientist,169177.0,0.05,113.5,A/B Testing
1627,2022,Data Engineer,267708.0,0.644,116.0,Copy-Paste Reporting
1627,2022,Data Engineer,267708.0,0.644,116.0,LLMs/GenAI
1627,2022,Data Engineer,267708.0,0.644,116.0,Airflow
1627,2022,Data Engineer,267708.0,0.644,116.0,Power BI
1627,2022,Data Engineer,267708.0,0.644,116.0,Prompt Engineering
1628,2019,Excel Analyst,86369.0,0.344,102.4,Prompt Engineering
1628,2019,Excel Analyst,86369.0,0.344,102.4,R
1628,2019,Excel Analyst,86369.0,0.344,102.4,Statistics
1628,2019,Excel Analyst,86369.0,0.344,102.4,Power BI
1629,2020,Data Analyst,118987.0,0.791,106.3,Cold Calling
1629,2020,Data Analyst,118987.0,0.791,106.3,Cloud (AWS/GCP)
1629,2020,Data Analyst,118987.0,0.791,106.3,Kubernetes
1630,2020,SEO Specialist,109522.0,0.682,113.0,MS Access
1630,2020,SEO Specialist,109522.0,0.682,113.0,LLMs/GenAI
1630,2020,SEO Specialist,109522.0,0.682,113.0,Spark/PySpark
1630,2020,SEO Specialist,109522.0,0.682,113.0,R
1630,2020,SEO Specialist,109522.0,0.682,113.0,Airflow
1631,2021,BI Developer,191084.0,0.05,102.1,SQL
1631,2021,BI Developer,191084.0,0.05,102.1,Spark/PySpark
1631,2021,BI Developer,191084.0,0.05,102.1,LLMs/GenAI
1632,2020,Data Engineer,200279.0,0.263,109.1,Tableau
1632,2020,Data Engineer,200279.0,0.263,109.1,Airflow
1632,2020,Data Engineer,200279.0,0.263,109.1,LLMs/GenAI
1632,2020,Data Engineer,200279.0,0.263,109.1,Crystal Reports
1632,2020,Data Engineer,200279.0,0.263,109.1,Cloud (AWS/GCP)
1633,2020,HR Analyst,280299.0,0.05,112.1,Spark/PySpark
1633,2020,HR Analyst,280299.0,0.05,112.1,Python
1633,2020,HR Analyst,280299.0,0.05,112.1,Prompt Engineering
1633,2020,HR Analyst,280299.0,0.05,112.1,Tableau
1633,2020,HR Analyst,280299.0,0.05,112.1,A/B Testing
1633,2020,HR Analyst,280299.0,0.05,112.1,Statistics
1634,2022,SEO Specialist,193616.0,0.98,126.0,Data Entry
1634,2022,SEO Specialist,193616.0,0.98,126.0,A/B Testing
1634,2022,SEO Specialist,193616.0,0.98,126.0,Vector Databases
1634,2022,SEO Specialist,193616.0,0.98,126.0,Manual Testing
1634,2022,SEO Specialist,193616.0,0.98,126.0,Excel (Basic)
1634,2022,SEO Specialist,193616.0,0.98,126.0,Crystal Reports
1635,2022,Statistician,347032.0,0.544,139.1,Spark/PySpark
1635,2022,Statistician,347032.0,0.544,139.1,COBOL
1635,2022,Statistician,347032.0,0.544,139.1,Machine Learning
1635,2022,Statistician,347032.0,0.544,139.1,dbt
1635,2022,Statistician,347032.0,0.544,139.1,Deep Learning
1635,2022,Statistician,347032.0,0.544,139.1,Manual Testing
1636,2025,AI Engineer,219403.0,0.05,118.2,SQL
1636,2025,AI Engineer,219403.0,0.05,118.2,Prompt Engineering
1636,2025,AI Engineer,219403.0,0.05,118.2,Vector Databases
1636,2025,AI Engineer,219403.0,0.05,118.2,Python
1636,2025,AI Engineer,219403.0,0.05,118.2,MLOps
1636,2025,AI Engineer,219403.0,0.05,118.2,Statistics
1637,2019,SQL Developer,171839.0,0.98,97.4,Data Entry
1637,2019,SQL Developer,171839.0,0.98,97.4,COBOL
1637,2019,SQL Developer,171839.0,0.98,97.4,Prompt Engineering
1637,2019,SQL Developer,171839.0,0.98,97.4,SQL
1638,2019,Excel Analyst,174026.0,0.98,100.8,Tableau
1638,2019,Excel Analyst,174026.0,0.98,100.8,Crystal Reports
1638,2019,Excel Analyst,174026.0,0.98,100.8,Copy-Paste Reporting
1638,2019,Excel Analyst,174026.0,0.98,100.8,Vector Databases
1638,2019,Excel Analyst,174026.0,0.98,100.8,dbt
1638,2019,Excel Analyst,174026.0,0.98,100.8,COBOL
1639,2019,Excel Analyst,116140.0,0.98,105.3,Machine Learning
1639,2019,Excel Analyst,116140.0,0.98,105.3,Vector Databases
1639,2019,Excel Analyst,116140.0,0.98,105.3,Tableau
1639,2019,Excel Analyst,116140.0,0.98,105.3,SQL
1639,2019,Excel Analyst,116140.0,0.98,105.3,Data Entry
1640,2019,Accountant,249021.0,0.05,106.5,Machine Learning
1640,2019,Accountant,249021.0,0.05,106.5,Statistics
1640,2019,Accountant,249021.0,0.05,106.5,Deep Learning
1640,2019,Accountant,249021.0,0.05,106.5,Vector Databases
1640,2019,Accountant,249021.0,0.05,106.5,MLOps
1640,2019,Accountant,249021.0,0.05,106.5,dbt
1641,2023,BI Developer,137018.0,0.699,131.8,Machine Learning
1641,2023,BI Developer,137018.0,0.699,131.8,Python
1641,2023,BI Developer,137018.0,0.699,131.8,A/B Testing
1641,2023,BI Developer,137018.0,0.699,131.8,dbt
1641,2023,BI Developer,137018.0,0.699,131.8,Data Entry
1642,2019,IT Support Specialist,236470.0,0.98,97.5,Vector Databases
1642,2019,IT Support Specialist,236470.0,0.98,97.5,Manual Testing
1642,2019,IT Support Specialist,236470.0,0.98,97.5,MLOps
1642,2019,IT Support Specialist,236470.0,0.98,97.5,Prompt Engineering
1642,2019,IT Support Specialist,236470.0,0.98,97.5,Copy-Paste Reporting
1642,2019,IT Support Specialist,236470.0,0.98,97.5,Machine Learning
1643,2023,Machine Learning Engineer,240719.0,0.98,130.7,Legacy VBA
1643,2023,Machine Learning Engineer,240719.0,0.98,130.7,Cold Calling
1643,2023,Machine Learning Engineer,240719.0,0.98,130.7,R
1644,2023,Content Strategist,59921.0,0.98,107.7,Legacy VBA
1644,2023,Content Strategist,59921.0,0.98,107.7,Crystal Reports
1644,2023,Content Strategist,59921.0,0.98,107.7,Tableau
1644,2023,Content Strategist,59921.0,0.98,107.7,MS Access
1644,2023,Content Strategist,59921.0,0.98,107.7,Data Entry
1645,2020,SQL Developer,133747.0,0.05,104.2,SQL
1645,2020,SQL Developer,133747.0,0.05,104.2,Airflow
1645,2020,SQL Developer,133747.0,0.05,104.2,Machine Learning
1645,2020,SQL Developer,133747.0,0.05,104.2,Prompt Engineering
1645,2020,SQL Developer,133747.0,0.05,104.2,Python
1646,2020,QA Engineer,222271.0,0.705,113.1,Power BI
1646,2020,QA Engineer,222271.0,0.705,113.1,R
1646,2020,QA Engineer,222271.0,0.705,113.1,Excel (Basic)
1646,2020,QA Engineer,222271.0,0.705,113.1,Kubernetes
1647,2020,Data Analyst,104082.0,0.913,109.6,MS Access
1647,2020,Data Analyst,104082.0,0.913,109.6,Statistics
1647,2020,Data Analyst,104082.0,0.913,109.6,COBOL
1647,2020,Data Analyst,104082.0,0.913,109.6,Deep Learning
1647,2020,Data Analyst,104082.0,0.913,109.6,Airflow
1648,2020,Supply Chain Analyst,215041.0,0.98,107.9,COBOL
1648,2020,Supply Chain Analyst,215041.0,0.98,107.9,MLOps
1648,2020,Supply Chain Analyst,215041.0,0.98,107.9,Manual Testing
1648,2020,Supply Chain Analyst,215041.0,0.98,107.9,MS Access
1648,2020,Supply Chain Analyst,215041.0,0.98,107.9,Vector Databases
1648,2020,Supply Chain Analyst,215041.0,0.98,107.9,Statistics
1649,2021,Financial Analyst,227035.0,0.98,112.1,A/B Testing
1649,2021,Financial Analyst,227035.0,0.98,112.1,Spark/PySpark
1649,2021,Financial Analyst,227035.0,0.98,112.1,Legacy VBA
1649,2021,Financial Analyst,227035.0,0.98,112.1,Basic SEO
1649,2021,Financial Analyst,227035.0,0.98,112.1,Crystal Reports
1650,2024,Statistician,254551.0,0.093,128.6,Power BI
1650,2024,Statistician,254551.0,0.093,128.6,Statistics
1650,2024,Statistician,254551.0,0.093,128.6,Kubernetes
1651,2023,AI Engineer,326003.0,0.98,117.9,COBOL
1651,2023,AI Engineer,326003.0,0.98,117.9,Copy-Paste Reporting
1651,2023,AI Engineer,326003.0,0.98,117.9,Kubernetes
1651,2023,AI Engineer,326003.0,0.98,117.9,Cloud (AWS/GCP)
1651,2023,AI Engineer,326003.0,0.98,117.9,Basic SEO
1652,2020,Excel Analyst,85310.0,0.98,93.7,Crystal Reports
1652,2020,Excel Analyst,85310.0,0.98,93.7,R
1652,2020,Excel Analyst,85310.0,0.98,93.7,A/B Testing
1653,2024,Software Developer,328590.0,0.277,157.2,Deep Learning
1653,2024,Software Developer,328590.0,0.277,157.2,Airflow
1653,2024,Software Developer,328590.0,0.277,157.2,LLMs/GenAI
1653,2024,Software Developer,328590.0,0.277,157.2,Manual Testing
1653,2024,Software Developer,328590.0,0.277,157.2,Statistics
1654,2024,Data Scientist,250409.0,0.98,121.5,Basic SEO
1654,2024,Data Scientist,250409.0,0.98,121.5,Power BI
1654,2024,Data Scientist,250409.0,0.98,121.5,Spark/PySpark
1654,2024,Data Scientist,250409.0,0.98,121.5,Copy-Paste Reporting
1654,2024,Data Scientist,250409.0,0.98,121.5,Statistics
1654,2024,Data Scientist,250409.0,0.98,121.5,Python
1655,2021,Machine Learning Engineer,249178.0,0.98,106.5,SQL
1655,2021,Machine Learning Engineer,249178.0,0.98,106.5,Excel (Basic)
1655,2021,Machine Learning Engineer,249178.0,0.98,106.5,dbt
1655,2021,Machine Learning Engineer,249178.0,0.98,106.5,Copy-Paste Reporting
1655,2021,Machine Learning Engineer,249178.0,0.98,106.5,Power BI
1655,2021,Machine Learning Engineer,249178.0,0.98,106.5,Airflow
1656,2023,BI Developer,206171.0,0.98,116.9,Excel (Basic)
1656,2023,BI Developer,206171.0,0.98,116.9,SQL
1656,2023,BI Developer,206171.0,0.98,116.9,Copy-Paste Reporting
1656,2023,BI Developer,206171.0,0.98,116.9,Deep Learning
1656,2023,BI Developer,206171.0,0.98,116.9,Cloud (AWS/GCP)
1657,2025,Product Manager,151621.0,0.98,179.2,Statistics
1657,2025,Product Manager,151621.0,0.98,179.2,Deep Learning
1657,2025,Product Manager,151621.0,0.98,179.2,COBOL
1657,2025,Product Manager,151621.0,0.98,179.2,Crystal Reports
1657,2025,Product Manager,151621.0,0.98,179.2,Data Entry
1657,2025,Product Manager,151621.0,0.98,179.2,Spark/PySpark
1658,2019,Digital Marketer,91094.0,0.98,89.6,Basic SEO
1658,2019,Digital Marketer,91094.0,0.98,89.6,Vector Databases
1658,2019,Digital Marketer,91094.0,0.98,89.6,Legacy VBA
1658,2019,Digital Marketer,91094.0,0.98,89.6,Crystal Reports
1658,2019,Digital Marketer,91094.0,0.98,89.6,Excel (Basic)
1659,2020,AI Engineer,244482.0,0.154,117.1,Machine Learning
1659,2020,AI Engineer,244482.0,0.154,117.1,Manual Testing
1659,2020,AI Engineer,244482.0,0.154,117.1,Python
1660,2020,BI Developer,196789.0,0.98,91.6,Excel (Basic)
1660,2020,BI Developer,196789.0,0.98,91.6,Prompt Engineering
1660,2020,BI Developer,196789.0,0.98,91.6,Manual Testing
1660,2020,BI Developer,196789.0,0.98,91.6,Basic SEO
1660,2020,BI Developer,196789.0,0.98,91.6,A/B Testing
1661,2023,AI Engineer,201360.0,0.98,113.3,LLMs/GenAI
1661,2023,AI Engineer,201360.0,0.98,113.3,Data Entry
1661,2023,AI Engineer,201360.0,0.98,113.3,Cold Calling
1661,2023,AI Engineer,201360.0,0.98,113.3,Crystal Reports
1661,2023,AI Engineer,201360.0,0.98,113.3,A/B Testing
1662,2023,Excel Analyst,146553.0,0.98,114.3,Legacy VBA
1662,2023,Excel Analyst,146553.0,0.98,114.3,LLMs/GenAI
1662,2023,Excel Analyst,146553.0,0.98,114.3,Crystal Reports
1662,2023,Excel Analyst,146553.0,0.98,114.3,Statistics
1662,2023,Excel Analyst,146553.0,0.98,114.3,COBOL
1663,2023,AI Engineer,241279.0,0.98,122.0,COBOL
1663,2023,AI Engineer,241279.0,0.98,122.0,Copy-Paste Reporting
1663,2023,AI Engineer,241279.0,0.98,122.0,Prompt Engineering
1663,2023,AI Engineer,241279.0,0.98,122.0,Legacy VBA
1664,2020,IT Support Specialist,118560.0,0.532,101.9,Machine Learning
1664,2020,IT Support Specialist,118560.0,0.532,101.9,Excel (Basic)
1664,2020,IT Support Specialist,118560.0,0.532,101.9,Cloud (AWS/GCP)
1665,2022,Data Engineer,183788.0,0.792,115.8,Crystal Reports
1665,2022,Data Engineer,183788.0,0.792,115.8,MLOps
1665,2022,Data Engineer,183788.0,0.792,115.8,Excel (Basic)
1665,2022,Data Engineer,183788.0,0.792,115.8,Airflow
1665,2022,Data Engineer,183788.0,0.792,115.8,Statistics
1666,2019,HR Analyst,219355.0,0.791,115.6,Statistics
1666,2019,HR Analyst,219355.0,0.791,115.6,Data Entry
1666,2019,HR Analyst,219355.0,0.791,115.6,Machine Learning
1666,2019,HR Analyst,219355.0,0.791,115.6,Vector Databases
1667,2020,DevOps Engineer,138571.0,0.37,106.5,SQL
1667,2020,DevOps Engineer,138571.0,0.37,106.5,LLMs/GenAI
1667,2020,DevOps Engineer,138571.0,0.37,106.5,Basic SEO
1667,2020,DevOps Engineer,138571.0,0.37,106.5,Statistics
1667,2020,DevOps Engineer,138571.0,0.37,106.5,Tableau
1668,2022,Operations Analyst,147265.0,0.98,133.1,MS Access
1668,2022,Operations Analyst,147265.0,0.98,133.1,Crystal Reports
1668,2022,Operations Analyst,147265.0,0.98,133.1,Power BI
1668,2022,Operations Analyst,147265.0,0.98,133.1,Legacy VBA
1668,2022,Operations Analyst,147265.0,0.98,133.1,MLOps
1669,2025,Financial Analyst,201464.0,0.05,119.8,Power BI
1669,2025,Financial Analyst,201464.0,0.05,119.8,Deep Learning
1669,2025,Financial Analyst,201464.0,0.05,119.8,Statistics
1669,2025,Financial Analyst,201464.0,0.05,119.8,MLOps
1669,2025,Financial Analyst,201464.0,0.05,119.8,Spark/PySpark
1670,2020,Excel Analyst,257048.0,0.633,104.0,dbt
1670,2020,Excel Analyst,257048.0,0.633,104.0,MS Access
1670,2020,Excel Analyst,257048.0,0.633,104.0,LLMs/GenAI
1670,2020,Excel Analyst,257048.0,0.633,104.0,Power BI
1670,2020,Excel Analyst,257048.0,0.633,104.0,Machine Learning
1671,2024,DevOps Engineer,252960.0,0.98,158.5,Python
1671,2024,DevOps Engineer,252960.0,0.98,158.5,Cloud (AWS/GCP)
1671,2024,DevOps Engineer,252960.0,0.98,158.5,Statistics
1671,2024,DevOps Engineer,252960.0,0.98,158.5,Cold Calling
1671,2024,DevOps Engineer,252960.0,0.98,158.5,Basic SEO
1672,2020,SQL Developer,118736.0,0.98,98.8,A/B Testing
1672,2020,SQL Developer,118736.0,0.98,98.8,SQL
1672,2020,SQL Developer,118736.0,0.98,98.8,Excel (Basic)
1672,2020,SQL Developer,118736.0,0.98,98.8,Manual Testing
1672,2020,SQL Developer,118736.0,0.98,98.8,dbt
1673,2024,Business Analyst,229241.0,0.636,127.4,R
1673,2024,Business Analyst,229241.0,0.636,127.4,Cold Calling
1673,2024,Business Analyst,229241.0,0.636,127.4,Tableau
1673,2024,Business Analyst,229241.0,0.636,127.4,Machine Learning
1673,2024,Business Analyst,229241.0,0.636,127.4,Prompt Engineering
1674,2022,Financial Analyst,103175.0,0.98,115.8,Manual Testing
1674,2022,Financial Analyst,103175.0,0.98,115.8,Excel (Basic)
1674,2022,Financial Analyst,103175.0,0.98,115.8,Airflow
1674,2022,Financial Analyst,103175.0,0.98,115.8,MLOps
1674,2022,Financial Analyst,103175.0,0.98,115.8,Basic SEO
1674,2022,Financial Analyst,103175.0,0.98,115.8,COBOL
1675,2021,HR Analyst,106170.0,0.05,116.2,SQL
1675,2021,HR Analyst,106170.0,0.05,116.2,Kubernetes
1675,2021,HR Analyst,106170.0,0.05,116.2,Python
1675,2021,HR Analyst,106170.0,0.05,116.2,A/B Testing
1675,2021,HR Analyst,106170.0,0.05,116.2,Airflow
1676,2025,IT Support Specialist,152527.0,0.98,136.2,Machine Learning
1676,2025,IT Support Specialist,152527.0,0.98,136.2,Deep Learning
1676,2025,IT Support Specialist,152527.0,0.98,136.2,COBOL
1676,2025,IT Support Specialist,152527.0,0.98,136.2,Kubernetes
1676,2025,IT Support Specialist,152527.0,0.98,136.2,R
1676,2025,IT Support Specialist,152527.0,0.98,136.2,MS Access
1677,2019,Content Strategist,150090.0,0.98,93.8,Excel (Basic)
1677,2019,Content Strategist,150090.0,0.98,93.8,dbt
1677,2019,Content Strategist,150090.0,0.98,93.8,R
1677,2019,Content Strategist,150090.0,0.98,93.8,Legacy VBA
1677,2019,Content Strategist,150090.0,0.98,93.8,COBOL
1677,2019,Content Strategist,150090.0,0.98,93.8,Prompt Engineering
1678,2025,Excel Analyst,180956.0,0.98,125.8,R
1678,2025,Excel Analyst,180956.0,0.98,125.8,Data Entry
1678,2025,Excel Analyst,180956.0,0.98,125.8,dbt
1678,2025,Excel Analyst,180956.0,0.98,125.8,Python
1679,2019,Cloud Architect,183578.0,0.502,110.9,Spark/PySpark
1679,2019,Cloud Architect,183578.0,0.502,110.9,MS Access
1679,2019,Cloud Architect,183578.0,0.502,110.9,Kubernetes
1680,2021,Supply Chain Analyst,249091.0,0.139,112.1,dbt
1680,2021,Supply Chain Analyst,249091.0,0.139,112.1,MS Access
1680,2021,Supply Chain Analyst,249091.0,0.139,112.1,LLMs/GenAI
1680,2021,Supply Chain Analyst,249091.0,0.139,112.1,Vector Databases
1680,2021,Supply Chain Analyst,249091.0,0.139,112.1,Cloud (AWS/GCP)
1680,2021,Supply Chain Analyst,249091.0,0.139,112.1,Prompt Engineering
1681,2023,Operations Analyst,251975.0,0.969,109.8,Copy-Paste Reporting
1681,2023,Operations Analyst,251975.0,0.969,109.8,Cloud (AWS/GCP)
1681,2023,Operations Analyst,251975.0,0.969,109.8,Python
1681,2023,Operations Analyst,251975.0,0.969,109.8,Airflow
1682,2025,Statistician,149460.0,0.98,145.3,Cloud (AWS/GCP)
1682,2025,Statistician,149460.0,0.98,145.3,A/B Testing
1682,2025,Statistician,149460.0,0.98,145.3,Cold Calling
1682,2025,Statistician,149460.0,0.98,145.3,Basic SEO
1682,2025,Statistician,149460.0,0.98,145.3,R
1683,2019,Digital Marketer,270427.0,0.239,105.6,COBOL
1683,2019,Digital Marketer,270427.0,0.239,105.6,Deep Learning
1683,2019,Digital Marketer,270427.0,0.239,105.6,Vector Databases
1683,2019,Digital Marketer,270427.0,0.239,105.6,LLMs/GenAI
1683,2019,Digital Marketer,270427.0,0.239,105.6,SQL
1684,2023,Statistician,134366.0,0.05,116.2,LLMs/GenAI
1684,2023,Statistician,134366.0,0.05,116.2,Spark/PySpark
1684,2023,Statistician,134366.0,0.05,116.2,MLOps
1685,2025,Operations Analyst,260458.0,0.98,151.3,Python
1685,2025,Operations Analyst,260458.0,0.98,151.3,MLOps
1685,2025,Operations Analyst,260458.0,0.98,151.3,Copy-Paste Reporting
1685,2025,Operations Analyst,260458.0,0.98,151.3,SQL
1685,2025,Operations Analyst,260458.0,0.98,151.3,COBOL
1686,2019,Content Strategist,109092.0,0.98,100.1,Manual Testing
1686,2019,Content Strategist,109092.0,0.98,100.1,Data Entry
1686,2019,Content Strategist,109092.0,0.98,100.1,Statistics
1686,2019,Content Strategist,109092.0,0.98,100.1,Cold Calling
1687,2024,Data Scientist,228807.0,0.302,110.3,SQL
1687,2024,Data Scientist,228807.0,0.302,110.3,MLOps
1687,2024,Data Scientist,228807.0,0.302,110.3,Data Entry
1687,2024,Data Scientist,228807.0,0.302,110.3,Vector Databases
1687,2024,Data Scientist,228807.0,0.302,110.3,dbt
1687,2024,Data Scientist,228807.0,0.302,110.3,Machine Learning
1688,2020,Data Analyst,203572.0,0.98,95.4,Data Entry
1688,2020,Data Analyst,203572.0,0.98,95.4,MLOps
1688,2020,Data Analyst,203572.0,0.98,95.4,Power BI
1688,2020,Data Analyst,203572.0,0.98,95.4,MS Access
1688,2020,Data Analyst,203572.0,0.98,95.4,Basic SEO
1689,2021,IT Support Specialist,73018.0,0.764,104.0,Excel (Basic)
1689,2021,IT Support Specialist,73018.0,0.764,104.0,Spark/PySpark
1689,2021,IT Support Specialist,73018.0,0.764,104.0,Statistics
1690,2023,Product Manager,178922.0,0.98,122.1,COBOL
1690,2023,Product Manager,178922.0,0.98,122.1,Basic SEO
1690,2023,Product Manager,178922.0,0.98,122.1,Data Entry
1691,2021,SEO Specialist,167434.0,0.823,126.3,Machine Learning
1691,2021,SEO Specialist,167434.0,0.823,126.3,Prompt Engineering
1691,2021,SEO Specialist,167434.0,0.823,126.3,Legacy VBA
1692,2020,Operations Analyst,186768.0,0.861,106.1,MLOps
1692,2020,Operations Analyst,186768.0,0.861,106.1,Copy-Paste Reporting
1692,2020,Operations Analyst,186768.0,0.861,106.1,Power BI
1692,2020,Operations Analyst,186768.0,0.861,106.1,Deep Learning
1692,2020,Operations Analyst,186768.0,0.861,106.1,A/B Testing
1693,2022,AI Engineer,307656.0,0.05,129.0,Prompt Engineering
1693,2022,AI Engineer,307656.0,0.05,129.0,MLOps
1693,2022,AI Engineer,307656.0,0.05,129.0,LLMs/GenAI
1694,2025,Data Engineer,386200.0,0.05,158.8,Vector Databases
1694,2025,Data Engineer,386200.0,0.05,158.8,Cloud (AWS/GCP)
1694,2025,Data Engineer,386200.0,0.05,158.8,Kubernetes
1695,2021,Machine Learning Engineer,203072.0,0.05,115.0,Airflow
1695,2021,Machine Learning Engineer,203072.0,0.05,115.0,Machine Learning
1695,2021,Machine Learning Engineer,203072.0,0.05,115.0,Kubernetes
1696,2025,SEO Specialist,256918.0,0.889,159.7,R
1696,2025,SEO Specialist,256918.0,0.889,159.7,Legacy VBA
1696,2025,SEO Specialist,256918.0,0.889,159.7,Prompt Engineering
1696,2025,SEO Specialist,256918.0,0.889,159.7,Cloud (AWS/GCP)
1696,2025,SEO Specialist,256918.0,0.889,159.7,SQL
1697,2019,AI Engineer,373972.0,0.05,90.9,MS Access
1697,2019,AI Engineer,373972.0,0.05,90.9,Machine Learning
1697,2019,AI Engineer,373972.0,0.05,90.9,Spark/PySpark
1697,2019,AI Engineer,373972.0,0.05,90.9,Deep Learning
1697,2019,AI Engineer,373972.0,0.05,90.9,Cloud (AWS/GCP)
1698,2023,Data Analyst,122696.0,0.318,122.9,COBOL
1698,2023,Data Analyst,122696.0,0.318,122.9,Vector Databases
1698,2023,Data Analyst,122696.0,0.318,122.9,SQL
1698,2023,Data Analyst,122696.0,0.318,122.9,R
1698,2023,Data Analyst,122696.0,0.318,122.9,Cloud (AWS/GCP)
1698,2023,Data Analyst,122696.0,0.318,122.9,Kubernetes
1699,2023,Excel Analyst,49336.0,0.98,96.6,Data Entry
1699,2023,Excel Analyst,49336.0,0.98,96.6,Excel (Basic)
1699,2023,Excel Analyst,49336.0,0.98,96.6,Crystal Reports
1699,2023,Excel Analyst,49336.0,0.98,96.6,Copy-Paste Reporting
1700,2025,Data Analyst,128078.0,0.98,142.9,MS Access
1700,2025,Data Analyst,128078.0,0.98,142.9,Basic SEO
1700,2025,Data Analyst,128078.0,0.98,142.9,Copy-Paste Reporting
1700,2025,Data Analyst,128078.0,0.98,142.9,Legacy VBA
1701,2022,Data Analyst,254758.0,0.05,120.1,Statistics
1701,2022,Data Analyst,254758.0,0.05,120.1,R
1701,2022,Data Analyst,254758.0,0.05,120.1,Airflow
1701,2022,Data Analyst,254758.0,0.05,120.1,Machine Learning
1702,2023,Supply Chain Analyst,230565.0,0.342,145.4,Vector Databases
1702,2023,Supply Chain Analyst,230565.0,0.342,145.4,Spark/PySpark
1702,2023,Supply Chain Analyst,230565.0,0.342,145.4,SQL
1702,2023,Supply Chain Analyst,230565.0,0.342,145.4,Excel (Basic)
1702,2023,Supply Chain Analyst,230565.0,0.342,145.4,Power BI
1703,2021,Statistician,163900.0,0.98,106.7,Kubernetes
1703,2021,Statistician,163900.0,0.98,106.7,Data Entry
1703,2021,Statistician,163900.0,0.98,106.7,Manual Testing
1703,2021,Statistician,163900.0,0.98,106.7,Statistics
1703,2021,Statistician,163900.0,0.98,106.7,Python
1703,2021,Statistician,163900.0,0.98,106.7,Cloud (AWS/GCP)
1704,2020,Product Manager,187621.0,0.98,124.4,Basic SEO
1704,2020,Product Manager,187621.0,0.98,124.4,Data Entry
1704,2020,Product Manager,187621.0,0.98,124.4,Excel (Basic)
1704,2020,Product Manager,187621.0,0.98,124.4,Cloud (AWS/GCP)
1705,2020,Data Engineer,114728.0,0.98,105.3,MS Access
1705,2020,Data Engineer,114728.0,0.98,105.3,Deep Learning
1705,2020,Data Engineer,114728.0,0.98,105.3,Legacy VBA
1706,2020,Statistician,104071.0,0.98,103.2,Crystal Reports
1706,2020,Statistician,104071.0,0.98,103.2,Cloud (AWS/GCP)
1706,2020,Statistician,104071.0,0.98,103.2,Basic SEO
1706,2020,Statistician,104071.0,0.98,103.2,Python
1707,2021,SQL Developer,193897.0,0.98,106.6,Copy-Paste Reporting
1707,2021,SQL Developer,193897.0,0.98,106.6,Vector Databases
1707,2021,SQL Developer,193897.0,0.98,106.6,MLOps
1708,2022,Supply Chain Analyst,208734.0,0.98,117.3,Copy-Paste Reporting
1708,2022,Supply Chain Analyst,208734.0,0.98,117.3,Data Entry
1708,2022,Supply Chain Analyst,208734.0,0.98,117.3,Spark/PySpark
1708,2022,Supply Chain Analyst,208734.0,0.98,117.3,dbt
1709,2020,Supply Chain Analyst,161808.0,0.05,102.2,Power BI
1709,2020,Supply Chain Analyst,161808.0,0.05,102.2,Machine Learning
1709,2020,Supply Chain Analyst,161808.0,0.05,102.2,Kubernetes
1709,2020,Supply Chain Analyst,161808.0,0.05,102.2,Python
1709,2020,Supply Chain Analyst,161808.0,0.05,102.2,Tableau
1710,2025,Business Analyst,261956.0,0.05,129.5,Power BI
1710,2025,Business Analyst,261956.0,0.05,129.5,Cloud (AWS/GCP)
1710,2025,Business Analyst,261956.0,0.05,129.5,Prompt Engineering
1710,2025,Business Analyst,261956.0,0.05,129.5,Spark/PySpark
1711,2020,QA Engineer,90970.0,0.69,102.0,Excel (Basic)
1711,2020,QA Engineer,90970.0,0.69,102.0,Tableau
1711,2020,QA Engineer,90970.0,0.69,102.0,Vector Databases
1712,2020,IT Support Specialist,164730.0,0.05,97.4,Kubernetes
1712,2020,IT Support Specialist,164730.0,0.05,97.4,LLMs/GenAI
1712,2020,IT Support Specialist,164730.0,0.05,97.4,Statistics
1712,2020,IT Support Specialist,164730.0,0.05,97.4,Airflow
1712,2020,IT Support Specialist,164730.0,0.05,97.4,Tableau
1712,2020,IT Support Specialist,164730.0,0.05,97.4,Spark/PySpark
1713,2020,HR Analyst,205757.0,0.607,103.8,Cloud (AWS/GCP)
1713,2020,HR Analyst,205757.0,0.607,103.8,Kubernetes
1713,2020,HR Analyst,205757.0,0.607,103.8,MS Access
1713,2020,HR Analyst,205757.0,0.607,103.8,Vector Databases
1714,2024,Machine Learning Engineer,347704.0,0.05,125.3,Python
1714,2024,Machine Learning Engineer,347704.0,0.05,125.3,Deep Learning
1714,2024,Machine Learning Engineer,347704.0,0.05,125.3,Excel (Basic)
1714,2024,Machine Learning Engineer,347704.0,0.05,125.3,Cloud (AWS/GCP)
1714,2024,Machine Learning Engineer,347704.0,0.05,125.3,Airflow
1714,2024,Machine Learning Engineer,347704.0,0.05,125.3,Prompt Engineering
1715,2020,Supply Chain Analyst,219189.0,0.793,108.0,Data Entry
1715,2020,Supply Chain Analyst,219189.0,0.793,108.0,Statistics
1715,2020,Supply Chain Analyst,219189.0,0.793,108.0,A/B Testing
1715,2020,Supply Chain Analyst,219189.0,0.793,108.0,Python
1716,2019,Cloud Architect,425417.0,0.05,98.9,Python
1716,2019,Cloud Architect,425417.0,0.05,98.9,Statistics
1716,2019,Cloud Architect,425417.0,0.05,98.9,dbt
1716,2019,Cloud Architect,425417.0,0.05,98.9,LLMs/GenAI
1716,2019,Cloud Architect,425417.0,0.05,98.9,Cloud (AWS/GCP)
1717,2024,QA Engineer,138283.0,0.98,144.4,Data Entry
1717,2024,QA Engineer,138283.0,0.98,144.4,SQL
1717,2024,QA Engineer,138283.0,0.98,144.4,Legacy VBA
1717,2024,QA Engineer,138283.0,0.98,144.4,Basic SEO
1718,2023,Financial Analyst,223108.0,0.98,119.6,Manual Testing
1718,2023,Financial Analyst,223108.0,0.98,119.6,dbt
1718,2023,Financial Analyst,223108.0,0.98,119.6,Airflow
1718,2023,Financial Analyst,223108.0,0.98,119.6,MLOps
1718,2023,Financial Analyst,223108.0,0.98,119.6,Machine Learning
1718,2023,Financial Analyst,223108.0,0.98,119.6,Cold Calling
1719,2025,Excel Analyst,187128.0,0.98,87.3,Power BI
1719,2025,Excel Analyst,187128.0,0.98,87.3,R
1719,2025,Excel Analyst,187128.0,0.98,87.3,Python
1719,2025,Excel Analyst,187128.0,0.98,87.3,Crystal Reports
1720,2023,Data Engineer,175740.0,0.624,105.3,Tableau
1720,2023,Data Engineer,175740.0,0.624,105.3,Power BI
1720,2023,Data Engineer,175740.0,0.624,105.3,R
1720,2023,Data Engineer,175740.0,0.624,105.3,MS Access
1721,2024,SEO Specialist,252465.0,0.05,122.4,dbt
1721,2024,SEO Specialist,252465.0,0.05,122.4,Vector Databases
1721,2024,SEO Specialist,252465.0,0.05,122.4,Cloud (AWS/GCP)
1721,2024,SEO Specialist,252465.0,0.05,122.4,Machine Learning
1722,2023,QA Engineer,153530.0,0.464,96.6,dbt
1722,2023,QA Engineer,153530.0,0.464,96.6,Deep Learning
1722,2023,QA Engineer,153530.0,0.464,96.6,MLOps
1722,2023,QA Engineer,153530.0,0.464,96.6,Airflow
1722,2023,QA Engineer,153530.0,0.464,96.6,Manual Testing
1722,2023,QA Engineer,153530.0,0.464,96.6,Cloud (AWS/GCP)
1723,2021,Accountant,233732.0,0.98,114.7,Crystal Reports
1723,2021,Accountant,233732.0,0.98,114.7,Kubernetes
1723,2021,Accountant,233732.0,0.98,114.7,R
1723,2021,Accountant,233732.0,0.98,114.7,LLMs/GenAI
1723,2021,Accountant,233732.0,0.98,114.7,Legacy VBA
1723,2021,Accountant,233732.0,0.98,114.7,Copy-Paste Reporting
1724,2025,Digital Marketer,118559.0,0.599,119.4,Deep Learning
1724,2025,Digital Marketer,118559.0,0.599,119.4,A/B Testing
1724,2025,Digital Marketer,118559.0,0.599,119.4,Excel (Basic)
1725,2023,Statistician,110951.0,0.98,111.8,Cold Calling
1725,2023,Statistician,110951.0,0.98,111.8,Tableau
1725,2023,Statistician,110951.0,0.98,111.8,R
1725,2023,Statistician,110951.0,0.98,111.8,Crystal Reports
1725,2023,Statistician,110951.0,0.98,111.8,LLMs/GenAI
1726,2019,HR Analyst,207907.0,0.98,90.7,LLMs/GenAI
1726,2019,HR Analyst,207907.0,0.98,90.7,Basic SEO
1726,2019,HR Analyst,207907.0,0.98,90.7,Airflow
1726,2019,HR Analyst,207907.0,0.98,90.7,MS Access
1727,2020,SQL Developer,130575.0,0.98,99.4,Tableau
1727,2020,SQL Developer,130575.0,0.98,99.4,Machine Learning
1727,2020,SQL Developer,130575.0,0.98,99.4,Legacy VBA
1727,2020,SQL Developer,130575.0,0.98,99.4,Airflow
1727,2020,SQL Developer,130575.0,0.98,99.4,Manual Testing
1728,2019,Product Manager,210268.0,0.114,101.8,Spark/PySpark
1728,2019,Product Manager,210268.0,0.114,101.8,Crystal Reports
1728,2019,Product Manager,210268.0,0.114,101.8,Deep Learning
1728,2019,Product Manager,210268.0,0.114,101.8,LLMs/GenAI
1728,2019,Product Manager,210268.0,0.114,101.8,Statistics
1728,2019,Product Manager,210268.0,0.114,101.8,SQL
1729,2021,Business Analyst,256572.0,0.521,106.4,Deep Learning
1729,2021,Business Analyst,256572.0,0.521,106.4,Cold Calling
1729,2021,Business Analyst,256572.0,0.521,106.4,LLMs/GenAI
1730,2020,QA Engineer,94472.0,0.897,114.5,Kubernetes
1730,2020,QA Engineer,94472.0,0.897,114.5,Crystal Reports
1730,2020,QA Engineer,94472.0,0.897,114.5,A/B Testing
1730,2020,QA Engineer,94472.0,0.897,114.5,R
1731,2023,Financial Analyst,175022.0,0.98,133.5,Basic SEO
1731,2023,Financial Analyst,175022.0,0.98,133.5,Manual Testing
1731,2023,Financial Analyst,175022.0,0.98,133.5,R
1731,2023,Financial Analyst,175022.0,0.98,133.5,Legacy VBA
1732,2022,QA Engineer,149693.0,0.98,112.8,MLOps
1732,2022,QA Engineer,149693.0,0.98,112.8,Kubernetes
1732,2022,QA Engineer,149693.0,0.98,112.8,Manual Testing
1732,2022,QA Engineer,149693.0,0.98,112.8,dbt
1732,2022,QA Engineer,149693.0,0.98,112.8,MS Access
1733,2025,Data Analyst,166722.0,0.98,155.6,Cold Calling
1733,2025,Data Analyst,166722.0,0.98,155.6,R
1733,2025,Data Analyst,166722.0,0.98,155.6,Tableau
1733,2025,Data Analyst,166722.0,0.98,155.6,Deep Learning
1733,2025,Data Analyst,166722.0,0.98,155.6,Excel (Basic)
1733,2025,Data Analyst,166722.0,0.98,155.6,Cloud (AWS/GCP)
1734,2020,Business Analyst,113790.0,0.98,100.0,SQL
1734,2020,Business Analyst,113790.0,0.98,100.0,Data Entry
1734,2020,Business Analyst,113790.0,0.98,100.0,Excel (Basic)
1734,2020,Business Analyst,113790.0,0.98,100.0,Crystal Reports
1734,2020,Business Analyst,113790.0,0.98,100.0,MS Access
1734,2020,Business Analyst,113790.0,0.98,100.0,Spark/PySpark
1735,2020,SEO Specialist,76597.0,0.98,119.3,A/B Testing
1735,2020,SEO Specialist,76597.0,0.98,119.3,Copy-Paste Reporting
1735,2020,SEO Specialist,76597.0,0.98,119.3,Manual Testing
1736,2019,Excel Analyst,272336.0,0.175,97.5,A/B Testing
1736,2019,Excel Analyst,272336.0,0.175,97.5,R
1736,2019,Excel Analyst,272336.0,0.175,97.5,Deep Learning
1736,2019,Excel Analyst,272336.0,0.175,97.5,Kubernetes
1736,2019,Excel Analyst,272336.0,0.175,97.5,MLOps
1737,2025,BI Developer,100526.0,0.98,150.7,Spark/PySpark
1737,2025,BI Developer,100526.0,0.98,150.7,COBOL
1737,2025,BI Developer,100526.0,0.98,150.7,Airflow
1737,2025,BI Developer,100526.0,0.98,150.7,Crystal Reports
1738,2023,Data Engineer,351007.0,0.98,128.4,MS Access
1738,2023,Data Engineer,351007.0,0.98,128.4,Data Entry
1738,2023,Data Engineer,351007.0,0.98,128.4,R
1738,2023,Data Engineer,351007.0,0.98,128.4,Deep Learning
1738,2023,Data Engineer,351007.0,0.98,128.4,Copy-Paste Reporting
1738,2023,Data Engineer,351007.0,0.98,128.4,MLOps
1739,2024,Statistician,160483.0,0.98,146.0,Cold Calling
1739,2024,Statistician,160483.0,0.98,146.0,Python
1739,2024,Statistician,160483.0,0.98,146.0,Legacy VBA
1740,2025,Product Manager,100102.0,0.98,141.2,Cold Calling
1740,2025,Product Manager,100102.0,0.98,141.2,MS Access
1740,2025,Product Manager,100102.0,0.98,141.2,COBOL
1740,2025,Product Manager,100102.0,0.98,141.2,Data Entry
1741,2019,Operations Analyst,137923.0,0.98,98.9,COBOL
1741,2019,Operations Analyst,137923.0,0.98,98.9,R
1741,2019,Operations Analyst,137923.0,0.98,98.9,Data Entry
1741,2019,Operations Analyst,137923.0,0.98,98.9,Vector Databases
1741,2019,Operations Analyst,137923.0,0.98,98.9,Machine Learning
1741,2019,Operations Analyst,137923.0,0.98,98.9,Copy-Paste Reporting
1742,2023,Data Analyst,140006.0,0.98,132.7,Legacy VBA
1742,2023,Data Analyst,140006.0,0.98,132.7,Cloud (AWS/GCP)
1742,2023,Data Analyst,140006.0,0.98,132.7,COBOL
1742,2023,Data Analyst,140006.0,0.98,132.7,A/B Testing
1742,2023,Data Analyst,140006.0,0.98,132.7,Data Entry
1742,2023,Data Analyst,140006.0,0.98,132.7,Prompt Engineering
1743,2021,BI Developer,138030.0,0.482,110.5,Prompt Engineering
1743,2021,BI Developer,138030.0,0.482,110.5,Statistics
1743,2021,BI Developer,138030.0,0.482,110.5,A/B Testing
1743,2021,BI Developer,138030.0,0.482,110.5,Cold Calling
1743,2021,BI Developer,138030.0,0.482,110.5,Deep Learning
1743,2021,BI Developer,138030.0,0.482,110.5,Spark/PySpark
1744,2025,AI Engineer,441559.0,0.05,142.6,SQL
1744,2025,AI Engineer,441559.0,0.05,142.6,Statistics
1744,2025,AI Engineer,441559.0,0.05,142.6,Machine Learning
1744,2025,AI Engineer,441559.0,0.05,142.6,A/B Testing
1744,2025,AI Engineer,441559.0,0.05,142.6,Power BI
1745,2019,Accountant,86219.0,0.98,101.5,SQL
1745,2019,Accountant,86219.0,0.98,101.5,Vector Databases
1745,2019,Accountant,86219.0,0.98,101.5,Data Entry
1745,2019,Accountant,86219.0,0.98,101.5,MLOps
1746,2024,Content Strategist,210703.0,0.353,155.9,SQL
1746,2024,Content Strategist,210703.0,0.353,155.9,Excel (Basic)
1746,2024,Content Strategist,210703.0,0.353,155.9,Cloud (AWS/GCP)
1746,2024,Content Strategist,210703.0,0.353,155.9,Airflow
1746,2024,Content Strategist,210703.0,0.353,155.9,Power BI
1746,2024,Content Strategist,210703.0,0.353,155.9,Spark/PySpark
1747,2023,Excel Analyst,166064.0,0.98,102.5,Prompt Engineering
1747,2023,Excel Analyst,166064.0,0.98,102.5,Basic SEO
1747,2023,Excel Analyst,166064.0,0.98,102.5,LLMs/GenAI
1747,2023,Excel Analyst,166064.0,0.98,102.5,COBOL
1747,2023,Excel Analyst,166064.0,0.98,102.5,Excel (Basic)
1748,2019,SEO Specialist,75287.0,0.98,103.3,dbt
1748,2019,SEO Specialist,75287.0,0.98,103.3,Airflow
1748,2019,SEO Specialist,75287.0,0.98,103.3,Power BI
1748,2019,SEO Specialist,75287.0,0.98,103.3,Manual Testing
1748,2019,SEO Specialist,75287.0,0.98,103.3,Cold Calling
1748,2019,SEO Specialist,75287.0,0.98,103.3,R
1749,2021,Data Analyst,282690.0,0.31,101.9,Deep Learning
1749,2021,Data Analyst,282690.0,0.31,101.9,Machine Learning
1749,2021,Data Analyst,282690.0,0.31,101.9,Kubernetes
1749,2021,Data Analyst,282690.0,0.31,101.9,COBOL
1750,2019,Software Developer,154706.0,0.98,102.1,Kubernetes
1750,2019,Software Developer,154706.0,0.98,102.1,Data Entry
1750,2019,Software Developer,154706.0,0.98,102.1,MS Access
1751,2025,HR Analyst,130296.0,0.98,141.4,Airflow
1751,2025,HR Analyst,130296.0,0.98,141.4,A/B Testing
1751,2025,HR Analyst,130296.0,0.98,141.4,dbt
1751,2025,HR Analyst,130296.0,0.98,141.4,SQL
1751,2025,HR Analyst,130296.0,0.98,141.4,Crystal Reports
1751,2025,HR Analyst,130296.0,0.98,141.4,COBOL
1752,2019,Software Developer,166135.0,0.625,94.3,Spark/PySpark
1752,2019,Software Developer,166135.0,0.625,94.3,Crystal Reports
1752,2019,Software Developer,166135.0,0.625,94.3,SQL
1753,2021,Product Manager,215287.0,0.05,113.5,Power BI
1753,2021,Product Manager,215287.0,0.05,113.5,Prompt Engineering
1753,2021,Product Manager,215287.0,0.05,113.5,LLMs/GenAI
1753,2021,Product Manager,215287.0,0.05,113.5,Python
1753,2021,Product Manager,215287.0,0.05,113.5,Airflow
1754,2025,Operations Analyst,213662.0,0.528,135.8,dbt
1754,2025,Operations Analyst,213662.0,0.528,135.8,Cloud (AWS/GCP)
1754,2025,Operations Analyst,213662.0,0.528,135.8,Prompt Engineering
1754,2025,Operations Analyst,213662.0,0.528,135.8,Cold Calling
1754,2025,Operations Analyst,213662.0,0.528,135.8,Kubernetes
1754,2025,Operations Analyst,213662.0,0.528,135.8,Deep Learning
1755,2019,Software Developer,226262.0,0.98,106.0,Cold Calling
1755,2019,Software Developer,226262.0,0.98,106.0,Vector Databases
1755,2019,Software Developer,226262.0,0.98,106.0,Prompt Engineering
1755,2019,Software Developer,226262.0,0.98,106.0,Copy-Paste Reporting
1755,2019,Software Developer,226262.0,0.98,106.0,Machine Learning
1756,2025,Excel Analyst,137931.0,0.98,80.7,Prompt Engineering
1756,2025,Excel Analyst,137931.0,0.98,80.7,dbt
1756,2025,Excel Analyst,137931.0,0.98,80.7,Copy-Paste Reporting
1756,2025,Excel Analyst,137931.0,0.98,80.7,MS Access
1757,2019,Digital Marketer,152195.0,0.98,106.5,Copy-Paste Reporting
1757,2019,Digital Marketer,152195.0,0.98,106.5,Prompt Engineering
1757,2019,Digital Marketer,152195.0,0.98,106.5,A/B Testing
1757,2019,Digital Marketer,152195.0,0.98,106.5,Excel (Basic)
1757,2019,Digital Marketer,152195.0,0.98,106.5,Basic SEO
1758,2019,Excel Analyst,90564.0,0.98,103.5,Basic SEO
1758,2019,Excel Analyst,90564.0,0.98,103.5,Kubernetes
1758,2019,Excel Analyst,90564.0,0.98,103.5,MLOps
1758,2019,Excel Analyst,90564.0,0.98,103.5,MS Access
1759,2022,Accountant,90266.0,0.98,105.8,Legacy VBA
1759,2022,Accountant,90266.0,0.98,105.8,Data Entry
1759,2022,Accountant,90266.0,0.98,105.8,Machine Learning
1759,2022,Accountant,90266.0,0.98,105.8,Copy-Paste Reporting
1759,2022,Accountant,90266.0,0.98,105.8,Prompt Engineering
1760,2020,SQL Developer,172907.0,0.922,104.7,Excel (Basic)
1760,2020,SQL Developer,172907.0,0.922,104.7,MLOps
1760,2020,SQL Developer,172907.0,0.922,104.7,Crystal Reports
1760,2020,SQL Developer,172907.0,0.922,104.7,Cloud (AWS/GCP)
1760,2020,SQL Developer,172907.0,0.922,104.7,SQL
1761,2025,Data Engineer,167138.0,0.33,153.5,A/B Testing
1761,2025,Data Engineer,167138.0,0.33,153.5,Tableau
1761,2025,Data Engineer,167138.0,0.33,153.5,MS Access
1761,2025,Data Engineer,167138.0,0.33,153.5,Cloud (AWS/GCP)
1761,2025,Data Engineer,167138.0,0.33,153.5,R
1761,2025,Data Engineer,167138.0,0.33,153.5,Machine Learning
1762,2020,Excel Analyst,259452.0,0.98,99.5,dbt
1762,2020,Excel Analyst,259452.0,0.98,99.5,Spark/PySpark
1762,2020,Excel Analyst,259452.0,0.98,99.5,SQL
1762,2020,Excel Analyst,259452.0,0.98,99.5,Data Entry
1762,2020,Excel Analyst,259452.0,0.98,99.5,MLOps
1762,2020,Excel Analyst,259452.0,0.98,99.5,Airflow
1763,2022,Business Analyst,116062.0,0.586,128.7,Cold Calling
1763,2022,Business Analyst,116062.0,0.586,128.7,MLOps
1763,2022,Business Analyst,116062.0,0.586,128.7,SQL
1763,2022,Business Analyst,116062.0,0.586,128.7,Cloud (AWS/GCP)
1763,2022,Business Analyst,116062.0,0.586,128.7,Tableau
1763,2022,Business Analyst,116062.0,0.586,128.7,A/B Testing
1764,2025,SEO Specialist,206377.0,0.98,116.0,dbt
1764,2025,SEO Specialist,206377.0,0.98,116.0,Basic SEO
1764,2025,SEO Specialist,206377.0,0.98,116.0,Python
1764,2025,SEO Specialist,206377.0,0.98,116.0,COBOL
1765,2019,Cloud Architect,261444.0,0.872,106.6,Basic SEO
1765,2019,Cloud Architect,261444.0,0.872,106.6,Manual Testing
1765,2019,Cloud Architect,261444.0,0.872,106.6,A/B Testing
1765,2019,Cloud Architect,261444.0,0.872,106.6,Python
1766,2022,Cloud Architect,289915.0,0.98,137.3,Basic SEO
1766,2022,Cloud Architect,289915.0,0.98,137.3,Manual Testing
1766,2022,Cloud Architect,289915.0,0.98,137.3,Cloud (AWS/GCP)
1766,2022,Cloud Architect,289915.0,0.98,137.3,MS Access
1766,2022,Cloud Architect,289915.0,0.98,137.3,Power BI
1767,2023,Supply Chain Analyst,189381.0,0.178,109.8,Spark/PySpark
1767,2023,Supply Chain Analyst,189381.0,0.178,109.8,Machine Learning
1767,2023,Supply Chain Analyst,189381.0,0.178,109.8,Deep Learning
1767,2023,Supply Chain Analyst,189381.0,0.178,109.8,Prompt Engineering
1767,2023,Supply Chain Analyst,189381.0,0.178,109.8,Manual Testing
1768,2019,Content Strategist,236036.0,0.05,102.8,Airflow
1768,2019,Content Strategist,236036.0,0.05,102.8,SQL
1768,2019,Content Strategist,236036.0,0.05,102.8,A/B Testing
1768,2019,Content Strategist,236036.0,0.05,102.8,Statistics
1768,2019,Content Strategist,236036.0,0.05,102.8,MLOps
1769,2023,Data Engineer,286858.0,0.472,110.3,dbt
1769,2023,Data Engineer,286858.0,0.472,110.3,Manual Testing
1769,2023,Data Engineer,286858.0,0.472,110.3,A/B Testing
1769,2023,Data Engineer,286858.0,0.472,110.3,Spark/PySpark
1770,2022,Statistician,222136.0,0.05,122.0,Deep Learning
1770,2022,Statistician,222136.0,0.05,122.0,Kubernetes
1770,2022,Statistician,222136.0,0.05,122.0,Machine Learning
1771,2025,Product Manager,305112.0,0.877,122.2,MS Access
1771,2025,Product Manager,305112.0,0.877,122.2,Machine Learning
1771,2025,Product Manager,305112.0,0.877,122.2,Vector Databases
1771,2025,Product Manager,305112.0,0.877,122.2,Data Entry
1771,2025,Product Manager,305112.0,0.877,122.2,Python
1771,2025,Product Manager,305112.0,0.877,122.2,MLOps
1772,2022,QA Engineer,209223.0,0.855,102.5,Cloud (AWS/GCP)
1772,2022,QA Engineer,209223.0,0.855,102.5,MS Access
1772,2022,QA Engineer,209223.0,0.855,102.5,Spark/PySpark
1773,2025,Data Analyst,105437.0,0.493,160.1,Vector Databases
1773,2025,Data Analyst,105437.0,0.493,160.1,SQL
1773,2025,Data Analyst,105437.0,0.493,160.1,Manual Testing
1773,2025,Data Analyst,105437.0,0.493,160.1,Deep Learning
1774,2025,Data Analyst,202341.0,0.697,112.0,MLOps
1774,2025,Data Analyst,202341.0,0.697,112.0,MS Access
1774,2025,Data Analyst,202341.0,0.697,112.0,dbt
1775,2020,SQL Developer,140669.0,0.881,103.5,Basic SEO
1775,2020,SQL Developer,140669.0,0.881,103.5,Power BI
1775,2020,SQL Developer,140669.0,0.881,103.5,A/B Testing
1776,2022,Financial Analyst,99122.0,0.98,136.6,Cold Calling
1776,2022,Financial Analyst,99122.0,0.98,136.6,R
1776,2022,Financial Analyst,99122.0,0.98,136.6,Data Entry
1776,2022,Financial Analyst,99122.0,0.98,136.6,Spark/PySpark
1776,2022,Financial Analyst,99122.0,0.98,136.6,Manual Testing
1776,2022,Financial Analyst,99122.0,0.98,136.6,dbt
1777,2025,Statistician,210182.0,0.298,141.0,Prompt Engineering
1777,2025,Statistician,210182.0,0.298,141.0,R
1777,2025,Statistician,210182.0,0.298,141.0,Python
1777,2025,Statistician,210182.0,0.298,141.0,COBOL
1778,2022,SQL Developer,165726.0,0.98,109.2,Copy-Paste Reporting
1778,2022,SQL Developer,165726.0,0.98,109.2,Legacy VBA
1778,2022,SQL Developer,165726.0,0.98,109.2,R
1778,2022,SQL Developer,165726.0,0.98,109.2,MS Access
1778,2022,SQL Developer,165726.0,0.98,109.2,A/B Testing
1778,2022,SQL Developer,165726.0,0.98,109.2,Spark/PySpark
1779,2020,Excel Analyst,132722.0,0.98,99.0,Cloud (AWS/GCP)
1779,2020,Excel Analyst,132722.0,0.98,99.0,Legacy VBA
1779,2020,Excel Analyst,132722.0,0.98,99.0,Vector Databases
1780,2024,Data Analyst,252154.0,0.98,128.1,Excel (Basic)
1780,2024,Data Analyst,252154.0,0.98,128.1,Crystal Reports
1780,2024,Data Analyst,252154.0,0.98,128.1,Deep Learning
1780,2024,Data Analyst,252154.0,0.98,128.1,COBOL
1780,2024,Data Analyst,252154.0,0.98,128.1,Prompt Engineering
1781,2020,Data Analyst,124213.0,0.98,99.2,SQL
1781,2020,Data Analyst,124213.0,0.98,99.2,Cold Calling
1781,2020,Data Analyst,124213.0,0.98,99.2,Manual Testing
1781,2020,Data Analyst,124213.0,0.98,99.2,Crystal Reports
1782,2024,QA Engineer,182480.0,0.98,123.4,Basic SEO
1782,2024,QA Engineer,182480.0,0.98,123.4,R
1782,2024,QA Engineer,182480.0,0.98,123.4,Data Entry
1782,2024,QA Engineer,182480.0,0.98,123.4,Manual Testing
1782,2024,QA Engineer,182480.0,0.98,123.4,Cold Calling
1783,2024,Supply Chain Analyst,221825.0,0.739,119.2,Spark/PySpark
1783,2024,Supply Chain Analyst,221825.0,0.739,119.2,R
1783,2024,Supply Chain Analyst,221825.0,0.739,119.2,COBOL
1783,2024,Supply Chain Analyst,221825.0,0.739,119.2,Vector Databases
1783,2024,Supply Chain Analyst,221825.0,0.739,119.2,Excel (Basic)
1784,2023,Excel Analyst,106870.0,0.98,109.9,Prompt Engineering
1784,2023,Excel Analyst,106870.0,0.98,109.9,Python
1784,2023,Excel Analyst,106870.0,0.98,109.9,Cold Calling
1785,2021,Financial Analyst,253152.0,0.98,117.4,Cloud (AWS/GCP)
1785,2021,Financial Analyst,253152.0,0.98,117.4,LLMs/GenAI
1785,2021,Financial Analyst,253152.0,0.98,117.4,Basic SEO
1785,2021,Financial Analyst,253152.0,0.98,117.4,Cold Calling
1786,2020,AI Engineer,163862.0,0.98,97.7,Power BI
1786,2020,AI Engineer,163862.0,0.98,97.7,Manual Testing
1786,2020,AI Engineer,163862.0,0.98,97.7,Crystal Reports
1787,2023,Digital Marketer,135614.0,0.98,137.7,Cold Calling
1787,2023,Digital Marketer,135614.0,0.98,137.7,Power BI
1787,2023,Digital Marketer,135614.0,0.98,137.7,Python
1787,2023,Digital Marketer,135614.0,0.98,137.7,Data Entry
1787,2023,Digital Marketer,135614.0,0.98,137.7,Tableau
1787,2023,Digital Marketer,135614.0,0.98,137.7,LLMs/GenAI
1788,2021,SEO Specialist,113445.0,0.98,112.4,MLOps
1788,2021,SEO Specialist,113445.0,0.98,112.4,Legacy VBA
1788,2021,SEO Specialist,113445.0,0.98,112.4,Manual Testing
1788,2021,SEO Specialist,113445.0,0.98,112.4,Vector Databases
1789,2023,Data Engineer,299018.0,0.595,119.5,Vector Databases
1789,2023,Data Engineer,299018.0,0.595,119.5,Power BI
1789,2023,Data Engineer,299018.0,0.595,119.5,Legacy VBA
1790,2020,Operations Analyst,219881.0,0.98,114.0,Python
1790,2020,Operations Analyst,219881.0,0.98,114.0,R
1790,2020,Operations Analyst,219881.0,0.98,114.0,COBOL
1790,2020,Operations Analyst,219881.0,0.98,114.0,Copy-Paste Reporting
1790,2020,Operations Analyst,219881.0,0.98,114.0,Spark/PySpark
1791,2025,DevOps Engineer,331198.0,0.696,129.2,Deep Learning
1791,2025,DevOps Engineer,331198.0,0.696,129.2,COBOL
1791,2025,DevOps Engineer,331198.0,0.696,129.2,R
1791,2025,DevOps Engineer,331198.0,0.696,129.2,SQL
1791,2025,DevOps Engineer,331198.0,0.696,129.2,Excel (Basic)
1792,2022,HR Analyst,95201.0,0.98,132.7,COBOL
1792,2022,HR Analyst,95201.0,0.98,132.7,Power BI
1792,2022,HR Analyst,95201.0,0.98,132.7,Cloud (AWS/GCP)
1792,2022,HR Analyst,95201.0,0.98,132.7,Legacy VBA
1792,2022,HR Analyst,95201.0,0.98,132.7,Cold Calling
1792,2022,HR Analyst,95201.0,0.98,132.7,Spark/PySpark
1793,2025,Content Strategist,158622.0,0.803,161.7,Kubernetes
1793,2025,Content Strategist,158622.0,0.803,161.7,Basic SEO
1793,2025,Content Strategist,158622.0,0.803,161.7,dbt
1794,2022,SEO Specialist,122989.0,0.98,128.5,Copy-Paste Reporting
1794,2022,SEO Specialist,122989.0,0.98,128.5,A/B Testing
1794,2022,SEO Specialist,122989.0,0.98,128.5,Kubernetes
1794,2022,SEO Specialist,122989.0,0.98,128.5,Data Entry
1794,2022,SEO Specialist,122989.0,0.98,128.5,Machine Learning
1795,2025,BI Developer,171032.0,0.98,142.3,Legacy VBA
1795,2025,BI Developer,171032.0,0.98,142.3,Copy-Paste Reporting
1795,2025,BI Developer,171032.0,0.98,142.3,A/B Testing
1796,2022,Software Developer,133953.0,0.98,122.9,A/B Testing
1796,2022,Software Developer,133953.0,0.98,122.9,dbt
1796,2022,Software Developer,133953.0,0.98,122.9,Deep Learning
1796,2022,Software Developer,133953.0,0.98,122.9,COBOL
1796,2022,Software Developer,133953.0,0.98,122.9,Legacy VBA
1796,2022,Software Developer,133953.0,0.98,122.9,Basic SEO
1797,2021,Data Analyst,65796.0,0.98,102.1,Manual Testing
1797,2021,Data Analyst,65796.0,0.98,102.1,Data Entry
1797,2021,Data Analyst,65796.0,0.98,102.1,Kubernetes
1798,2024,Accountant,114714.0,0.98,154.3,Power BI
1798,2024,Accountant,114714.0,0.98,154.3,Cold Calling
1798,2024,Accountant,114714.0,0.98,154.3,LLMs/GenAI
1798,2024,Accountant,114714.0,0.98,154.3,Data Entry
1798,2024,Accountant,114714.0,0.98,154.3,A/B Testing
1798,2024,Accountant,114714.0,0.98,154.3,dbt
1799,2022,HR Analyst,202892.0,0.889,120.4,Airflow
1799,2022,HR Analyst,202892.0,0.889,120.4,Data Entry
1799,2022,HR Analyst,202892.0,0.889,120.4,Kubernetes
1799,2022,HR Analyst,202892.0,0.889,120.4,Python
1799,2022,HR Analyst,202892.0,0.889,120.4,Statistics
1800,2023,AI Engineer,316532.0,0.98,114.8,Spark/PySpark
1800,2023,AI Engineer,316532.0,0.98,114.8,MS Access
1800,2023,AI Engineer,316532.0,0.98,114.8,SQL
1800,2023,AI Engineer,316532.0,0.98,114.8,Cold Calling
1800,2023,AI Engineer,316532.0,0.98,114.8,Power BI
1800,2023,AI Engineer,316532.0,0.98,114.8,Legacy VBA
1801,2020,DevOps Engineer,140123.0,0.923,110.3,MS Access
1801,2020,DevOps Engineer,140123.0,0.923,110.3,Data Entry
1801,2020,DevOps Engineer,140123.0,0.923,110.3,Statistics
1801,2020,DevOps Engineer,140123.0,0.923,110.3,SQL
1801,2020,DevOps Engineer,140123.0,0.923,110.3,Machine Learning
1801,2020,DevOps Engineer,140123.0,0.923,110.3,LLMs/GenAI
1802,2023,Data Scientist,281450.0,0.05,146.2,Deep Learning
1802,2023,Data Scientist,281450.0,0.05,146.2,dbt
1802,2023,Data Scientist,281450.0,0.05,146.2,Tableau
1802,2023,Data Scientist,281450.0,0.05,146.2,Airflow
1802,2023,Data Scientist,281450.0,0.05,146.2,Spark/PySpark
1803,2021,DevOps Engineer,203392.0,0.295,107.1,Cloud (AWS/GCP)
1803,2021,DevOps Engineer,203392.0,0.295,107.1,Tableau
1803,2021,DevOps Engineer,203392.0,0.295,107.1,R
1803,2021,DevOps Engineer,203392.0,0.295,107.1,Deep Learning
1803,2021,DevOps Engineer,203392.0,0.295,107.1,Basic SEO
1803,2021,DevOps Engineer,203392.0,0.295,107.1,Python
1804,2020,Supply Chain Analyst,110142.0,0.05,106.9,Python
1804,2020,Supply Chain Analyst,110142.0,0.05,106.9,SQL
1804,2020,Supply Chain Analyst,110142.0,0.05,106.9,Cloud (AWS/GCP)
1804,2020,Supply Chain Analyst,110142.0,0.05,106.9,Airflow
1805,2020,Content Strategist,180064.0,0.301,100.6,R
1805,2020,Content Strategist,180064.0,0.301,100.6,Excel (Basic)
1805,2020,Content Strategist,180064.0,0.301,100.6,Vector Databases
1805,2020,Content Strategist,180064.0,0.301,100.6,SQL
1805,2020,Content Strategist,180064.0,0.301,100.6,Cloud (AWS/GCP)
1805,2020,Content Strategist,180064.0,0.301,100.6,dbt
1806,2019,Supply Chain Analyst,240822.0,0.98,90.1,Excel (Basic)
1806,2019,Supply Chain Analyst,240822.0,0.98,90.1,Machine Learning
1806,2019,Supply Chain Analyst,240822.0,0.98,90.1,MS Access
1806,2019,Supply Chain Analyst,240822.0,0.98,90.1,LLMs/GenAI
1806,2019,Supply Chain Analyst,240822.0,0.98,90.1,Copy-Paste Reporting
1807,2019,Data Engineer,233523.0,0.535,100.2,Basic SEO
1807,2019,Data Engineer,233523.0,0.535,100.2,Cloud (AWS/GCP)
1807,2019,Data Engineer,233523.0,0.535,100.2,Power BI
1808,2019,Excel Analyst,124247.0,0.568,99.5,SQL
1808,2019,Excel Analyst,124247.0,0.568,99.5,Statistics
1808,2019,Excel Analyst,124247.0,0.568,99.5,R
1809,2020,IT Support Specialist,209621.0,0.635,108.2,Deep Learning
1809,2020,IT Support Specialist,209621.0,0.635,108.2,Python
1809,2020,IT Support Specialist,209621.0,0.635,108.2,Basic SEO
1809,2020,IT Support Specialist,209621.0,0.635,108.2,LLMs/GenAI
1810,2022,Financial Analyst,292084.0,0.05,114.3,Kubernetes
1810,2022,Financial Analyst,292084.0,0.05,114.3,A/B Testing
1810,2022,Financial Analyst,292084.0,0.05,114.3,Power BI
1810,2022,Financial Analyst,292084.0,0.05,114.3,LLMs/GenAI
1811,2021,Product Manager,200821.0,0.98,109.2,Cold Calling
1811,2021,Product Manager,200821.0,0.98,109.2,Power BI
1811,2021,Product Manager,200821.0,0.98,109.2,Copy-Paste Reporting
1811,2021,Product Manager,200821.0,0.98,109.2,Basic SEO
1812,2025,SEO Specialist,113849.0,0.98,110.7,R
1812,2025,SEO Specialist,113849.0,0.98,110.7,Legacy VBA
1812,2025,SEO Specialist,113849.0,0.98,110.7,MLOps
1812,2025,SEO Specialist,113849.0,0.98,110.7,Power BI
1813,2020,Financial Analyst,208635.0,0.98,104.3,SQL
1813,2020,Financial Analyst,208635.0,0.98,104.3,Legacy VBA
1813,2020,Financial Analyst,208635.0,0.98,104.3,Cloud (AWS/GCP)
1813,2020,Financial Analyst,208635.0,0.98,104.3,Tableau
1813,2020,Financial Analyst,208635.0,0.98,104.3,Statistics
1813,2020,Financial Analyst,208635.0,0.98,104.3,Crystal Reports
1814,2025,Digital Marketer,123899.0,0.98,154.7,Copy-Paste Reporting
1814,2025,Digital Marketer,123899.0,0.98,154.7,COBOL
1814,2025,Digital Marketer,123899.0,0.98,154.7,Python
1814,2025,Digital Marketer,123899.0,0.98,154.7,Vector Databases
1815,2022,SEO Specialist,124746.0,0.959,130.0,Airflow
1815,2022,SEO Specialist,124746.0,0.959,130.0,Data Entry
1815,2022,SEO Specialist,124746.0,0.959,130.0,Vector Databases
1815,2022,SEO Specialist,124746.0,0.959,130.0,MLOps
1816,2019,Software Developer,228340.0,0.75,108.8,Cloud (AWS/GCP)
1816,2019,Software Developer,228340.0,0.75,108.8,Legacy VBA
1816,2019,Software Developer,228340.0,0.75,108.8,Kubernetes
1816,2019,Software Developer,228340.0,0.75,108.8,SQL
1816,2019,Software Developer,228340.0,0.75,108.8,Excel (Basic)
1816,2019,Software Developer,228340.0,0.75,108.8,Spark/PySpark
1817,2023,HR Analyst,119849.0,0.498,136.0,MLOps
1817,2023,HR Analyst,119849.0,0.498,136.0,Excel (Basic)
1817,2023,HR Analyst,119849.0,0.498,136.0,SQL
1817,2023,HR Analyst,119849.0,0.498,136.0,Tableau
1818,2019,SEO Specialist,176954.0,0.831,94.5,Power BI
1818,2019,SEO Specialist,176954.0,0.831,94.5,Manual Testing
1818,2019,SEO Specialist,176954.0,0.831,94.5,R
1818,2019,SEO Specialist,176954.0,0.831,94.5,Prompt Engineering
1819,2025,Data Analyst,122755.0,0.98,122.6,COBOL
1819,2025,Data Analyst,122755.0,0.98,122.6,Machine Learning
1819,2025,Data Analyst,122755.0,0.98,122.6,Manual Testing
1819,2025,Data Analyst,122755.0,0.98,122.6,Crystal Reports
1819,2025,Data Analyst,122755.0,0.98,122.6,MS Access
1820,2025,SEO Specialist,223207.0,0.98,161.8,Data Entry
1820,2025,SEO Specialist,223207.0,0.98,161.8,Spark/PySpark
1820,2025,SEO Specialist,223207.0,0.98,161.8,Prompt Engineering
1820,2025,SEO Specialist,223207.0,0.98,161.8,Manual Testing
1820,2025,SEO Specialist,223207.0,0.98,161.8,MLOps
1821,2023,Content Strategist,224547.0,0.93,131.8,Vector Databases
1821,2023,Content Strategist,224547.0,0.93,131.8,Tableau
1821,2023,Content Strategist,224547.0,0.93,131.8,Data Entry
1821,2023,Content Strategist,224547.0,0.93,131.8,R
1821,2023,Content Strategist,224547.0,0.93,131.8,A/B Testing
1822,2025,Business Analyst,198573.0,0.141,135.3,Airflow
1822,2025,Business Analyst,198573.0,0.141,135.3,R
1822,2025,Business Analyst,198573.0,0.141,135.3,SQL
1822,2025,Business Analyst,198573.0,0.141,135.3,Tableau
1823,2020,SEO Specialist,123442.0,0.98,107.6,Kubernetes
1823,2020,SEO Specialist,123442.0,0.98,107.6,SQL
1823,2020,SEO Specialist,123442.0,0.98,107.6,Cold Calling
1823,2020,SEO Specialist,123442.0,0.98,107.6,Deep Learning
1823,2020,SEO Specialist,123442.0,0.98,107.6,Manual Testing
1823,2020,SEO Specialist,123442.0,0.98,107.6,COBOL
1824,2024,IT Support Specialist,178486.0,0.98,112.2,SQL
1824,2024,IT Support Specialist,178486.0,0.98,112.2,R
1824,2024,IT Support Specialist,178486.0,0.98,112.2,Spark/PySpark
1824,2024,IT Support Specialist,178486.0,0.98,112.2,Manual Testing
1824,2024,IT Support Specialist,178486.0,0.98,112.2,Excel (Basic)
1824,2024,IT Support Specialist,178486.0,0.98,112.2,Power BI
1825,2024,Data Engineer,178133.0,0.88,141.3,Statistics
1825,2024,Data Engineer,178133.0,0.88,141.3,MS Access
1825,2024,Data Engineer,178133.0,0.88,141.3,Machine Learning
1825,2024,Data Engineer,178133.0,0.88,141.3,COBOL
1826,2021,Supply Chain Analyst,181118.0,0.98,111.3,Legacy VBA
1826,2021,Supply Chain Analyst,181118.0,0.98,111.3,Data Entry
1826,2021,Supply Chain Analyst,181118.0,0.98,111.3,COBOL
1826,2021,Supply Chain Analyst,181118.0,0.98,111.3,Airflow
1827,2024,Statistician,105588.0,0.98,121.7,MS Access
1827,2024,Statistician,105588.0,0.98,121.7,Manual Testing
1827,2024,Statistician,105588.0,0.98,121.7,MLOps
1827,2024,Statistician,105588.0,0.98,121.7,Legacy VBA
1827,2024,Statistician,105588.0,0.98,121.7,Tableau
1827,2024,Statistician,105588.0,0.98,121.7,Excel (Basic)
1828,2024,Machine Learning Engineer,182253.0,0.98,128.9,Cold Calling
1828,2024,Machine Learning Engineer,182253.0,0.98,128.9,MS Access
1828,2024,Machine Learning Engineer,182253.0,0.98,128.9,MLOps
1828,2024,Machine Learning Engineer,182253.0,0.98,128.9,Copy-Paste Reporting
1829,2021,BI Developer,354738.0,0.142,117.4,dbt
1829,2021,BI Developer,354738.0,0.142,117.4,Spark/PySpark
1829,2021,BI Developer,354738.0,0.142,117.4,Vector Databases
1829,2021,BI Developer,354738.0,0.142,117.4,Manual Testing
1829,2021,BI Developer,354738.0,0.142,117.4,Prompt Engineering
1829,2021,BI Developer,354738.0,0.142,117.4,LLMs/GenAI
1830,2024,Data Engineer,369679.0,0.784,125.1,Basic SEO
1830,2024,Data Engineer,369679.0,0.784,125.1,Airflow
1830,2024,Data Engineer,369679.0,0.784,125.1,dbt
1830,2024,Data Engineer,369679.0,0.784,125.1,R
1830,2024,Data Engineer,369679.0,0.784,125.1,Excel (Basic)
1830,2024,Data Engineer,369679.0,0.784,125.1,Cloud (AWS/GCP)
1831,2020,Statistician,124019.0,0.266,101.8,MS Access
1831,2020,Statistician,124019.0,0.266,101.8,Statistics
1831,2020,Statistician,124019.0,0.266,101.8,LLMs/GenAI
1831,2020,Statistician,124019.0,0.266,101.8,MLOps
1831,2020,Statistician,124019.0,0.266,101.8,SQL
1832,2023,BI Developer,225243.0,0.98,129.1,MLOps
1832,2023,BI Developer,225243.0,0.98,129.1,A/B Testing
1832,2023,BI Developer,225243.0,0.98,129.1,Manual Testing
1832,2023,BI Developer,225243.0,0.98,129.1,COBOL
1833,2019,Excel Analyst,218957.0,0.98,89.0,Vector Databases
1833,2019,Excel Analyst,218957.0,0.98,89.0,Copy-Paste Reporting
1833,2019,Excel Analyst,218957.0,0.98,89.0,Python
1833,2019,Excel Analyst,218957.0,0.98,89.0,Data Entry
1833,2019,Excel Analyst,218957.0,0.98,89.0,Statistics
1833,2019,Excel Analyst,218957.0,0.98,89.0,A/B Testing
1834,2022,SEO Specialist,139362.0,0.98,116.5,Cold Calling
1834,2022,SEO Specialist,139362.0,0.98,116.5,Statistics
1834,2022,SEO Specialist,139362.0,0.98,116.5,Legacy VBA
1834,2022,SEO Specialist,139362.0,0.98,116.5,Prompt Engineering
1834,2022,SEO Specialist,139362.0,0.98,116.5,Basic SEO
1835,2019,SQL Developer,147077.0,0.749,97.6,Basic SEO
1835,2019,SQL Developer,147077.0,0.749,97.6,Cloud (AWS/GCP)
1835,2019,SQL Developer,147077.0,0.749,97.6,Statistics
1836,2020,Business Analyst,157958.0,0.213,97.7,Kubernetes
1836,2020,Business Analyst,157958.0,0.213,97.7,COBOL
1836,2020,Business Analyst,157958.0,0.213,97.7,Machine Learning
1836,2020,Business Analyst,157958.0,0.213,97.7,Deep Learning
1837,2020,Software Developer,234716.0,0.401,103.8,Tableau
1837,2020,Software Developer,234716.0,0.401,103.8,Cloud (AWS/GCP)
1837,2020,Software Developer,234716.0,0.401,103.8,MLOps
1837,2020,Software Developer,234716.0,0.401,103.8,Basic SEO
1837,2020,Software Developer,234716.0,0.401,103.8,dbt
1838,2024,BI Developer,230330.0,0.614,133.7,Statistics
1838,2024,BI Developer,230330.0,0.614,133.7,MS Access
1838,2024,BI Developer,230330.0,0.614,133.7,A/B Testing
1838,2024,BI Developer,230330.0,0.614,133.7,Cloud (AWS/GCP)
1838,2024,BI Developer,230330.0,0.614,133.7,Airflow
1838,2024,BI Developer,230330.0,0.614,133.7,Power BI
1839,2021,Business Analyst,67796.0,0.98,108.7,Crystal Reports
1839,2021,Business Analyst,67796.0,0.98,108.7,Copy-Paste Reporting
1839,2021,Business Analyst,67796.0,0.98,108.7,Data Entry
1839,2021,Business Analyst,67796.0,0.98,108.7,COBOL
1840,2025,Data Scientist,138113.0,0.98,135.9,SQL
1840,2025,Data Scientist,138113.0,0.98,135.9,Manual Testing
1840,2025,Data Scientist,138113.0,0.98,135.9,A/B Testing
1840,2025,Data Scientist,138113.0,0.98,135.9,Cloud (AWS/GCP)
1840,2025,Data Scientist,138113.0,0.98,135.9,Crystal Reports
1840,2025,Data Scientist,138113.0,0.98,135.9,Excel (Basic)
1841,2023,Business Analyst,265550.0,0.05,121.2,Kubernetes
1841,2023,Business Analyst,265550.0,0.05,121.2,Vector Databases
1841,2023,Business Analyst,265550.0,0.05,121.2,Spark/PySpark
1842,2023,Content Strategist,226607.0,0.534,141.5,Spark/PySpark
1842,2023,Content Strategist,226607.0,0.534,141.5,MLOps
1842,2023,Content Strategist,226607.0,0.534,141.5,R
1842,2023,Content Strategist,226607.0,0.534,141.5,COBOL
1843,2025,QA Engineer,220384.0,0.98,99.0,COBOL
1843,2025,QA Engineer,220384.0,0.98,99.0,Cold Calling
1843,2025,QA Engineer,220384.0,0.98,99.0,Tableau
1843,2025,QA Engineer,220384.0,0.98,99.0,R
1843,2025,QA Engineer,220384.0,0.98,99.0,Copy-Paste Reporting
1843,2025,QA Engineer,220384.0,0.98,99.0,Kubernetes
1844,2020,Data Engineer,233790.0,0.98,101.6,MS Access
1844,2020,Data Engineer,233790.0,0.98,101.6,Legacy VBA
1844,2020,Data Engineer,233790.0,0.98,101.6,Kubernetes
1844,2020,Data Engineer,233790.0,0.98,101.6,R
1844,2020,Data Engineer,233790.0,0.98,101.6,Data Entry
1845,2023,QA Engineer,245387.0,0.496,123.6,LLMs/GenAI
1845,2023,QA Engineer,245387.0,0.496,123.6,A/B Testing
1845,2023,QA Engineer,245387.0,0.496,123.6,Spark/PySpark
1845,2023,QA Engineer,245387.0,0.496,123.6,Prompt Engineering
1845,2023,QA Engineer,245387.0,0.496,123.6,Manual Testing
1846,2019,Operations Analyst,221754.0,0.818,98.2,Copy-Paste Reporting
1846,2019,Operations Analyst,221754.0,0.818,98.2,Python
1846,2019,Operations Analyst,221754.0,0.818,98.2,Machine Learning
1846,2019,Operations Analyst,221754.0,0.818,98.2,Spark/PySpark
1847,2021,HR Analyst,96737.0,0.98,130.0,Airflow
1847,2021,HR Analyst,96737.0,0.98,130.0,Spark/PySpark
1847,2021,HR Analyst,96737.0,0.98,130.0,Data Entry
1848,2025,Machine Learning Engineer,326784.0,0.05,142.3,Python
1848,2025,Machine Learning Engineer,326784.0,0.05,142.3,MLOps
1848,2025,Machine Learning Engineer,326784.0,0.05,142.3,Statistics
1848,2025,Machine Learning Engineer,326784.0,0.05,142.3,Machine Learning
1849,2024,HR Analyst,169061.0,0.98,146.4,Prompt Engineering
1849,2024,HR Analyst,169061.0,0.98,146.4,Copy-Paste Reporting
1849,2024,HR Analyst,169061.0,0.98,146.4,A/B Testing
1850,2022,Software Developer,254862.0,0.98,125.3,Statistics
1850,2022,Software Developer,254862.0,0.98,125.3,Copy-Paste Reporting
1850,2022,Software Developer,254862.0,0.98,125.3,Crystal Reports
1850,2022,Software Developer,254862.0,0.98,125.3,Airflow
1851,2024,IT Support Specialist,136998.0,0.98,109.9,Spark/PySpark
1851,2024,IT Support Specialist,136998.0,0.98,109.9,Vector Databases
1851,2024,IT Support Specialist,136998.0,0.98,109.9,Copy-Paste Reporting
1852,2024,Operations Analyst,150568.0,0.543,143.4,Deep Learning
1852,2024,Operations Analyst,150568.0,0.543,143.4,A/B Testing
1852,2024,Operations Analyst,150568.0,0.543,143.4,dbt
1852,2024,Operations Analyst,150568.0,0.543,143.4,COBOL
1853,2024,SEO Specialist,81377.0,0.956,117.0,Spark/PySpark
1853,2024,SEO Specialist,81377.0,0.956,117.0,dbt
1853,2024,SEO Specialist,81377.0,0.956,117.0,Manual Testing
1854,2025,HR Analyst,88400.0,0.749,112.4,Machine Learning
1854,2025,HR Analyst,88400.0,0.749,112.4,SQL
1854,2025,HR Analyst,88400.0,0.749,112.4,MS Access
1855,2019,Content Strategist,142877.0,0.442,100.2,LLMs/GenAI
1855,2019,Content Strategist,142877.0,0.442,100.2,dbt
1855,2019,Content Strategist,142877.0,0.442,100.2,Crystal Reports
1855,2019,Content Strategist,142877.0,0.442,100.2,R
1855,2019,Content Strategist,142877.0,0.442,100.2,Tableau
1855,2019,Content Strategist,142877.0,0.442,100.2,Vector Databases
1856,2020,Digital Marketer,226669.0,0.98,108.7,LLMs/GenAI
1856,2020,Digital Marketer,226669.0,0.98,108.7,COBOL
1856,2020,Digital Marketer,226669.0,0.98,108.7,Copy-Paste Reporting
1856,2020,Digital Marketer,226669.0,0.98,108.7,Vector Databases
1856,2020,Digital Marketer,226669.0,0.98,108.7,Statistics
1856,2020,Digital Marketer,226669.0,0.98,108.7,Tableau
1857,2024,DevOps Engineer,294990.0,0.98,157.1,SQL
1857,2024,DevOps Engineer,294990.0,0.98,157.1,Spark/PySpark
1857,2024,DevOps Engineer,294990.0,0.98,157.1,Copy-Paste Reporting
1857,2024,DevOps Engineer,294990.0,0.98,157.1,Excel (Basic)
1858,2021,Data Engineer,323359.0,0.98,110.0,SQL
1858,2021,Data Engineer,323359.0,0.98,110.0,Legacy VBA
1858,2021,Data Engineer,323359.0,0.98,110.0,R
1858,2021,Data Engineer,323359.0,0.98,110.0,Airflow
1858,2021,Data Engineer,323359.0,0.98,110.0,MS Access
1858,2021,Data Engineer,323359.0,0.98,110.0,Cloud (AWS/GCP)
1859,2023,BI Developer,230390.0,0.681,112.6,Deep Learning
1859,2023,BI Developer,230390.0,0.681,112.6,Tableau
1859,2023,BI Developer,230390.0,0.681,112.6,Legacy VBA
1859,2023,BI Developer,230390.0,0.681,112.6,dbt
1860,2025,Operations Analyst,168291.0,0.46,122.4,Basic SEO
1860,2025,Operations Analyst,168291.0,0.46,122.4,Python
1860,2025,Operations Analyst,168291.0,0.46,122.4,MLOps
1860,2025,Operations Analyst,168291.0,0.46,122.4,LLMs/GenAI
1861,2023,Financial Analyst,237201.0,0.98,129.3,Cloud (AWS/GCP)
1861,2023,Financial Analyst,237201.0,0.98,129.3,MS Access
1861,2023,Financial Analyst,237201.0,0.98,129.3,Power BI
1861,2023,Financial Analyst,237201.0,0.98,129.3,COBOL
1862,2025,Financial Analyst,129605.0,0.795,130.2,Airflow
1862,2025,Financial Analyst,129605.0,0.795,130.2,LLMs/GenAI
1862,2025,Financial Analyst,129605.0,0.795,130.2,MLOps
1862,2025,Financial Analyst,129605.0,0.795,130.2,Data Entry
1863,2020,Financial Analyst,258768.0,0.503,114.4,Kubernetes
1863,2020,Financial Analyst,258768.0,0.503,114.4,Power BI
1863,2020,Financial Analyst,258768.0,0.503,114.4,Cloud (AWS/GCP)
1863,2020,Financial Analyst,258768.0,0.503,114.4,Statistics
1863,2020,Financial Analyst,258768.0,0.503,114.4,MS Access
1864,2024,Product Manager,379120.0,0.05,152.0,Prompt Engineering
1864,2024,Product Manager,379120.0,0.05,152.0,Airflow
1864,2024,Product Manager,379120.0,0.05,152.0,Python
1864,2024,Product Manager,379120.0,0.05,152.0,Excel (Basic)
1864,2024,Product Manager,379120.0,0.05,152.0,MLOps
1864,2024,Product Manager,379120.0,0.05,152.0,Kubernetes
1865,2023,Digital Marketer,247690.0,0.98,136.5,Manual Testing
1865,2023,Digital Marketer,247690.0,0.98,136.5,Basic SEO
1865,2023,Digital Marketer,247690.0,0.98,136.5,Excel (Basic)
1865,2023,Digital Marketer,247690.0,0.98,136.5,Tableau
1865,2023,Digital Marketer,247690.0,0.98,136.5,Python
1865,2023,Digital Marketer,247690.0,0.98,136.5,LLMs/GenAI
1866,2022,Data Scientist,121361.0,0.98,120.4,Legacy VBA
1866,2022,Data Scientist,121361.0,0.98,120.4,Manual Testing
1866,2022,Data Scientist,121361.0,0.98,120.4,Tableau
1866,2022,Data Scientist,121361.0,0.98,120.4,Cold Calling
1867,2022,Product Manager,138435.0,0.269,109.0,Spark/PySpark
1867,2022,Product Manager,138435.0,0.269,109.0,Excel (Basic)
1867,2022,Product Manager,138435.0,0.269,109.0,R
1867,2022,Product Manager,138435.0,0.269,109.0,A/B Testing
1867,2022,Product Manager,138435.0,0.269,109.0,Airflow
1868,2019,Supply Chain Analyst,93232.0,0.98,104.9,MS Access
1868,2019,Supply Chain Analyst,93232.0,0.98,104.9,COBOL
1868,2019,Supply Chain Analyst,93232.0,0.98,104.9,Copy-Paste Reporting
1868,2019,Supply Chain Analyst,93232.0,0.98,104.9,Machine Learning
1868,2019,Supply Chain Analyst,93232.0,0.98,104.9,R
1868,2019,Supply Chain Analyst,93232.0,0.98,104.9,dbt
1869,2019,Statistician,250493.0,0.98,93.6,A/B Testing
1869,2019,Statistician,250493.0,0.98,93.6,Copy-Paste Reporting
1869,2019,Statistician,250493.0,0.98,93.6,Basic SEO
1869,2019,Statistician,250493.0,0.98,93.6,Excel (Basic)
1869,2019,Statistician,250493.0,0.98,93.6,Tableau
1869,2019,Statistician,250493.0,0.98,93.6,Vector Databases
1870,2024,Product Manager,208707.0,0.882,156.4,Airflow
1870,2024,Product Manager,208707.0,0.882,156.4,Data Entry
1870,2024,Product Manager,208707.0,0.882,156.4,R
1870,2024,Product Manager,208707.0,0.882,156.4,SQL
1871,2025,Business Analyst,148772.0,0.98,151.6,Airflow
1871,2025,Business Analyst,148772.0,0.98,151.6,SQL
1871,2025,Business Analyst,148772.0,0.98,151.6,Data Entry
1871,2025,Business Analyst,148772.0,0.98,151.6,Deep Learning
1871,2025,Business Analyst,148772.0,0.98,151.6,Basic SEO
1872,2025,Financial Analyst,155198.0,0.98,109.0,Vector Databases
1872,2025,Financial Analyst,155198.0,0.98,109.0,Basic SEO
1872,2025,Financial Analyst,155198.0,0.98,109.0,Copy-Paste Reporting
1873,2020,Product Manager,270373.0,0.98,113.2,Data Entry
1873,2020,Product Manager,270373.0,0.98,113.2,Excel (Basic)
1873,2020,Product Manager,270373.0,0.98,113.2,LLMs/GenAI
1873,2020,Product Manager,270373.0,0.98,113.2,Cold Calling
1874,2023,Product Manager,228030.0,0.98,128.5,dbt
1874,2023,Product Manager,228030.0,0.98,128.5,Statistics
1874,2023,Product Manager,228030.0,0.98,128.5,Kubernetes
1874,2023,Product Manager,228030.0,0.98,128.5,Data Entry
1874,2023,Product Manager,228030.0,0.98,128.5,Copy-Paste Reporting
1875,2020,Business Analyst,237917.0,0.98,111.5,Statistics
1875,2020,Business Analyst,237917.0,0.98,111.5,Deep Learning
1875,2020,Business Analyst,237917.0,0.98,111.5,dbt
1875,2020,Business Analyst,237917.0,0.98,111.5,Legacy VBA
1875,2020,Business Analyst,237917.0,0.98,111.5,Excel (Basic)
1875,2020,Business Analyst,237917.0,0.98,111.5,Copy-Paste Reporting
1876,2019,Data Engineer,289362.0,0.67,104.8,Cloud (AWS/GCP)
1876,2019,Data Engineer,289362.0,0.67,104.8,dbt
1876,2019,Data Engineer,289362.0,0.67,104.8,LLMs/GenAI
1876,2019,Data Engineer,289362.0,0.67,104.8,Copy-Paste Reporting
1877,2024,IT Support Specialist,131958.0,0.98,118.6,Cloud (AWS/GCP)
1877,2024,IT Support Specialist,131958.0,0.98,118.6,Manual Testing
1877,2024,IT Support Specialist,131958.0,0.98,118.6,Cold Calling
1878,2019,Machine Learning Engineer,161824.0,0.05,101.5,Spark/PySpark
1878,2019,Machine Learning Engineer,161824.0,0.05,101.5,LLMs/GenAI
1878,2019,Machine Learning Engineer,161824.0,0.05,101.5,Machine Learning
1879,2024,Business Analyst,183540.0,0.98,122.3,Airflow
1879,2024,Business Analyst,183540.0,0.98,122.3,dbt
1879,2024,Business Analyst,183540.0,0.98,122.3,Manual Testing
1879,2024,Business Analyst,183540.0,0.98,122.3,MS Access
1879,2024,Business Analyst,183540.0,0.98,122.3,Cold Calling
1879,2024,Business Analyst,183540.0,0.98,122.3,Basic SEO
1880,2023,SQL Developer,222577.0,0.67,107.4,R
1880,2023,SQL Developer,222577.0,0.67,107.4,Python
1880,2023,SQL Developer,222577.0,0.67,107.4,Legacy VBA
1880,2023,SQL Developer,222577.0,0.67,107.4,LLMs/GenAI
1881,2024,AI Engineer,522130.25,0.05,135.3,LLMs/GenAI
1881,2024,AI Engineer,522130.25,0.05,135.3,Cloud (AWS/GCP)
1881,2024,AI Engineer,522130.25,0.05,135.3,Deep Learning
1881,2024,AI Engineer,522130.25,0.05,135.3,Prompt Engineering
1881,2024,AI Engineer,522130.25,0.05,135.3,Python
1882,2024,Software Developer,273083.0,0.98,150.4,Excel (Basic)
1882,2024,Software Developer,273083.0,0.98,150.4,Legacy VBA
1882,2024,Software Developer,273083.0,0.98,150.4,MLOps
1883,2020,Accountant,112223.0,0.98,116.2,Basic SEO
1883,2020,Accountant,112223.0,0.98,116.2,Excel (Basic)
1883,2020,Accountant,112223.0,0.98,116.2,dbt
1884,2021,DevOps Engineer,198365.0,0.98,111.3,Crystal Reports
1884,2021,DevOps Engineer,198365.0,0.98,111.3,Legacy VBA
1884,2021,DevOps Engineer,198365.0,0.98,111.3,Excel (Basic)
1884,2021,DevOps Engineer,198365.0,0.98,111.3,Manual Testing
1885,2025,Operations Analyst,242570.0,0.294,116.1,Airflow
1885,2025,Operations Analyst,242570.0,0.294,116.1,Tableau
1885,2025,Operations Analyst,242570.0,0.294,116.1,Cloud (AWS/GCP)
1886,2020,QA Engineer,190516.0,0.835,105.2,SQL
1886,2020,QA Engineer,190516.0,0.835,105.2,Prompt Engineering
1886,2020,QA Engineer,190516.0,0.835,105.2,Cold Calling
1886,2020,QA Engineer,190516.0,0.835,105.2,Spark/PySpark
1886,2020,QA Engineer,190516.0,0.835,105.2,dbt
1887,2021,Data Scientist,236842.0,0.05,113.3,Machine Learning
1887,2021,Data Scientist,236842.0,0.05,113.3,Power BI
1887,2021,Data Scientist,236842.0,0.05,113.3,Cloud (AWS/GCP)
1887,2021,Data Scientist,236842.0,0.05,113.3,Vector Databases
1887,2021,Data Scientist,236842.0,0.05,113.3,Manual Testing
1887,2021,Data Scientist,236842.0,0.05,113.3,LLMs/GenAI
1888,2023,Digital Marketer,143392.0,0.79,117.9,Tableau
1888,2023,Digital Marketer,143392.0,0.79,117.9,MS Access
1888,2023,Digital Marketer,143392.0,0.79,117.9,Deep Learning
1889,2025,Financial Analyst,113136.0,0.977,154.5,Spark/PySpark
1889,2025,Financial Analyst,113136.0,0.977,154.5,Copy-Paste Reporting
1889,2025,Financial Analyst,113136.0,0.977,154.5,Prompt Engineering
1889,2025,Financial Analyst,113136.0,0.977,154.5,A/B Testing
1890,2019,Cloud Architect,204432.0,0.98,106.7,Airflow
1890,2019,Cloud Architect,204432.0,0.98,106.7,Crystal Reports
1890,2019,Cloud Architect,204432.0,0.98,106.7,Copy-Paste Reporting
1891,2020,Business Analyst,86287.0,0.98,103.3,SQL
1891,2020,Business Analyst,86287.0,0.98,103.3,Statistics
1891,2020,Business Analyst,86287.0,0.98,103.3,Excel (Basic)
1891,2020,Business Analyst,86287.0,0.98,103.3,Cold Calling
1891,2020,Business Analyst,86287.0,0.98,103.3,Data Entry
1892,2022,AI Engineer,388544.0,0.98,118.9,Excel (Basic)
1892,2022,AI Engineer,388544.0,0.98,118.9,Legacy VBA
1892,2022,AI Engineer,388544.0,0.98,118.9,Cold Calling
1892,2022,AI Engineer,388544.0,0.98,118.9,Vector Databases
1892,2022,AI Engineer,388544.0,0.98,118.9,COBOL
1892,2022,AI Engineer,388544.0,0.98,118.9,Prompt Engineering
1893,2020,Excel Analyst,122155.0,0.98,103.1,Basic SEO
1893,2020,Excel Analyst,122155.0,0.98,103.1,COBOL
1893,2020,Excel Analyst,122155.0,0.98,103.1,Kubernetes
1893,2020,Excel Analyst,122155.0,0.98,103.1,Tableau
1894,2019,Business Analyst,236906.0,0.05,98.3,Machine Learning
1894,2019,Business Analyst,236906.0,0.05,98.3,dbt
1894,2019,Business Analyst,236906.0,0.05,98.3,Python
1895,2024,QA Engineer,355415.0,0.676,103.4,SQL
1895,2024,QA Engineer,355415.0,0.676,103.4,Kubernetes
1895,2024,QA Engineer,355415.0,0.676,103.4,Cold Calling
1895,2024,QA Engineer,355415.0,0.676,103.4,Deep Learning
1895,2024,QA Engineer,355415.0,0.676,103.4,Statistics
1895,2024,QA Engineer,355415.0,0.676,103.4,LLMs/GenAI
1896,2019,SEO Specialist,91154.0,0.508,97.5,Tableau
1896,2019,SEO Specialist,91154.0,0.508,97.5,Cloud (AWS/GCP)
1896,2019,SEO Specialist,91154.0,0.508,97.5,Spark/PySpark
1896,2019,SEO Specialist,91154.0,0.508,97.5,Excel (Basic)
1896,2019,SEO Specialist,91154.0,0.508,97.5,Python
1897,2019,Cloud Architect,141034.0,0.05,100.3,A/B Testing
1897,2019,Cloud Architect,141034.0,0.05,100.3,Machine Learning
1897,2019,Cloud Architect,141034.0,0.05,100.3,Power BI
1897,2019,Cloud Architect,141034.0,0.05,100.3,Tableau
1898,2019,IT Support Specialist,68767.0,0.98,94.8,Basic SEO
1898,2019,IT Support Specialist,68767.0,0.98,94.8,Copy-Paste Reporting
1898,2019,IT Support Specialist,68767.0,0.98,94.8,Prompt Engineering
1899,2023,Statistician,309487.0,0.776,128.6,LLMs/GenAI
1899,2023,Statistician,309487.0,0.776,128.6,Cloud (AWS/GCP)
1899,2023,Statistician,309487.0,0.776,128.6,Crystal Reports
1899,2023,Statistician,309487.0,0.776,128.6,dbt
1899,2023,Statistician,309487.0,0.776,128.6,Python
1899,2023,Statistician,309487.0,0.776,128.6,MS Access
1900,2020,DevOps Engineer,283171.0,0.98,105.4,Power BI
1900,2020,DevOps Engineer,283171.0,0.98,105.4,Crystal Reports
1900,2020,DevOps Engineer,283171.0,0.98,105.4,Copy-Paste Reporting
1900,2020,DevOps Engineer,283171.0,0.98,105.4,Manual Testing
1900,2020,DevOps Engineer,283171.0,0.98,105.4,Kubernetes
1900,2020,DevOps Engineer,283171.0,0.98,105.4,Statistics
1901,2019,SEO Specialist,75247.0,0.98,100.3,Manual Testing
1901,2019,SEO Specialist,75247.0,0.98,100.3,SQL
1901,2019,SEO Specialist,75247.0,0.98,100.3,LLMs/GenAI
1901,2019,SEO Specialist,75247.0,0.98,100.3,Basic SEO
1902,2022,Statistician,255249.0,0.145,102.8,Deep Learning
1902,2022,Statistician,255249.0,0.145,102.8,Vector Databases
1902,2022,Statistician,255249.0,0.145,102.8,Excel (Basic)
1902,2022,Statistician,255249.0,0.145,102.8,A/B Testing
1903,2020,Operations Analyst,176453.0,0.244,102.4,Kubernetes
1903,2020,Operations Analyst,176453.0,0.244,102.4,SQL
1903,2020,Operations Analyst,176453.0,0.244,102.4,Power BI
1904,2021,Cloud Architect,343078.0,0.213,108.5,Machine Learning
1904,2021,Cloud Architect,343078.0,0.213,108.5,Tableau
1904,2021,Cloud Architect,343078.0,0.213,108.5,Excel (Basic)
1905,2022,Machine Learning Engineer,264218.0,0.827,132.6,Excel (Basic)
1905,2022,Machine Learning Engineer,264218.0,0.827,132.6,Airflow
1905,2022,Machine Learning Engineer,264218.0,0.827,132.6,R
1905,2022,Machine Learning Engineer,264218.0,0.827,132.6,Cold Calling
1905,2022,Machine Learning Engineer,264218.0,0.827,132.6,Deep Learning
1906,2023,Operations Analyst,196641.0,0.98,138.1,Airflow
1906,2023,Operations Analyst,196641.0,0.98,138.1,Legacy VBA
1906,2023,Operations Analyst,196641.0,0.98,138.1,Crystal Reports
1906,2023,Operations Analyst,196641.0,0.98,138.1,Deep Learning
1906,2023,Operations Analyst,196641.0,0.98,138.1,MLOps
1907,2019,Statistician,211579.0,0.683,97.8,COBOL
1907,2019,Statistician,211579.0,0.683,97.8,Excel (Basic)
1907,2019,Statistician,211579.0,0.683,97.8,Prompt Engineering
1908,2023,Digital Marketer,232818.0,0.98,128.6,Data Entry
1908,2023,Digital Marketer,232818.0,0.98,128.6,Airflow
1908,2023,Digital Marketer,232818.0,0.98,128.6,Copy-Paste Reporting
1908,2023,Digital Marketer,232818.0,0.98,128.6,Deep Learning
1908,2023,Digital Marketer,232818.0,0.98,128.6,dbt
1908,2023,Digital Marketer,232818.0,0.98,128.6,Tableau
1909,2024,Machine Learning Engineer,362203.0,0.05,123.2,Cloud (AWS/GCP)
1909,2024,Machine Learning Engineer,362203.0,0.05,123.2,Power BI
1909,2024,Machine Learning Engineer,362203.0,0.05,123.2,SQL
1909,2024,Machine Learning Engineer,362203.0,0.05,123.2,Spark/PySpark
1909,2024,Machine Learning Engineer,362203.0,0.05,123.2,dbt
1910,2019,Digital Marketer,170122.0,0.98,99.7,Airflow
1910,2019,Digital Marketer,170122.0,0.98,99.7,Basic SEO
1910,2019,Digital Marketer,170122.0,0.98,99.7,LLMs/GenAI
1910,2019,Digital Marketer,170122.0,0.98,99.7,Cold Calling
1911,2020,SQL Developer,212373.0,0.98,102.3,Excel (Basic)
1911,2020,SQL Developer,212373.0,0.98,102.3,Cloud (AWS/GCP)
1911,2020,SQL Developer,212373.0,0.98,102.3,Manual Testing
1911,2020,SQL Developer,212373.0,0.98,102.3,Tableau
1911,2020,SQL Developer,212373.0,0.98,102.3,COBOL
1912,2024,Statistician,155985.0,0.05,134.4,dbt
1912,2024,Statistician,155985.0,0.05,134.4,Tableau
1912,2024,Statistician,155985.0,0.05,134.4,Machine Learning
1913,2025,SEO Specialist,138596.0,0.98,110.5,Machine Learning
1913,2025,SEO Specialist,138596.0,0.98,110.5,Basic SEO
1913,2025,SEO Specialist,138596.0,0.98,110.5,LLMs/GenAI
1913,2025,SEO Specialist,138596.0,0.98,110.5,Legacy VBA
1913,2025,SEO Specialist,138596.0,0.98,110.5,Cold Calling
1913,2025,SEO Specialist,138596.0,0.98,110.5,MS Access
1914,2025,Supply Chain Analyst,165692.0,0.79,149.1,Airflow
1914,2025,Supply Chain Analyst,165692.0,0.79,149.1,Vector Databases
1914,2025,Supply Chain Analyst,165692.0,0.79,149.1,Legacy VBA
1915,2023,Financial Analyst,365412.0,0.05,119.3,Spark/PySpark
1915,2023,Financial Analyst,365412.0,0.05,119.3,Cloud (AWS/GCP)
1915,2023,Financial Analyst,365412.0,0.05,119.3,Deep Learning
1915,2023,Financial Analyst,365412.0,0.05,119.3,Tableau
1915,2023,Financial Analyst,365412.0,0.05,119.3,Python
1915,2023,Financial Analyst,365412.0,0.05,119.3,R
1916,2023,AI Engineer,522130.25,0.05,127.1,Kubernetes
1916,2023,AI Engineer,522130.25,0.05,127.1,Prompt Engineering
1916,2023,AI Engineer,522130.25,0.05,127.1,R
1916,2023,AI Engineer,522130.25,0.05,127.1,Spark/PySpark
1916,2023,AI Engineer,522130.25,0.05,127.1,LLMs/GenAI
1916,2023,AI Engineer,522130.25,0.05,127.1,Cloud (AWS/GCP)
1917,2021,Content Strategist,305145.0,0.05,105.0,A/B Testing
1917,2021,Content Strategist,305145.0,0.05,105.0,Vector Databases
1917,2021,Content Strategist,305145.0,0.05,105.0,Tableau
1917,2021,Content Strategist,305145.0,0.05,105.0,Python
1917,2021,Content Strategist,305145.0,0.05,105.0,R
1917,2021,Content Strategist,305145.0,0.05,105.0,LLMs/GenAI
1918,2019,Statistician,351134.0,0.152,93.2,MLOps
1918,2019,Statistician,351134.0,0.152,93.2,Statistics
1918,2019,Statistician,351134.0,0.152,93.2,Legacy VBA
1918,2019,Statistician,351134.0,0.152,93.2,Deep Learning
1918,2019,Statistician,351134.0,0.152,93.2,LLMs/GenAI
1918,2019,Statistician,351134.0,0.152,93.2,dbt
1919,2019,AI Engineer,357221.0,0.05,102.9,LLMs/GenAI
1919,2019,AI Engineer,357221.0,0.05,102.9,A/B Testing
1919,2019,AI Engineer,357221.0,0.05,102.9,Statistics
1920,2023,Statistician,117692.0,0.98,135.4,Tableau
1920,2023,Statistician,117692.0,0.98,135.4,MS Access
1920,2023,Statistician,117692.0,0.98,135.4,Cold Calling
1920,2023,Statistician,117692.0,0.98,135.4,SQL
1921,2024,Digital Marketer,104350.0,0.98,109.5,Airflow
1921,2024,Digital Marketer,104350.0,0.98,109.5,Crystal Reports
1921,2024,Digital Marketer,104350.0,0.98,109.5,Cloud (AWS/GCP)
1921,2024,Digital Marketer,104350.0,0.98,109.5,Kubernetes
1921,2024,Digital Marketer,104350.0,0.98,109.5,COBOL
1922,2023,QA Engineer,75475.0,0.98,96.3,Statistics
1922,2023,QA Engineer,75475.0,0.98,96.3,R
1922,2023,QA Engineer,75475.0,0.98,96.3,Data Entry
1923,2022,AI Engineer,386262.0,0.943,135.0,MS Access
1923,2022,AI Engineer,386262.0,0.943,135.0,SQL
1923,2022,AI Engineer,386262.0,0.943,135.0,Vector Databases
1923,2022,AI Engineer,386262.0,0.943,135.0,Cloud (AWS/GCP)
1923,2022,AI Engineer,386262.0,0.943,135.0,Cold Calling
1924,2023,Supply Chain Analyst,135955.0,0.98,132.8,Manual Testing
1924,2023,Supply Chain Analyst,135955.0,0.98,132.8,Power BI
1924,2023,Supply Chain Analyst,135955.0,0.98,132.8,Crystal Reports
1925,2025,Accountant,178172.0,0.98,115.1,MS Access
1925,2025,Accountant,178172.0,0.98,115.1,Kubernetes
1925,2025,Accountant,178172.0,0.98,115.1,Manual Testing
1925,2025,Accountant,178172.0,0.98,115.1,Power BI
1926,2022,Content Strategist,218483.0,0.05,108.5,Python
1926,2022,Content Strategist,218483.0,0.05,108.5,Spark/PySpark
1926,2022,Content Strategist,218483.0,0.05,108.5,R
1926,2022,Content Strategist,218483.0,0.05,108.5,MLOps
1926,2022,Content Strategist,218483.0,0.05,108.5,Cloud (AWS/GCP)
1926,2022,Content Strategist,218483.0,0.05,108.5,SQL
1927,2021,Financial Analyst,121945.0,0.911,113.4,Python
1927,2021,Financial Analyst,121945.0,0.911,113.4,A/B Testing
1927,2021,Financial Analyst,121945.0,0.911,113.4,Excel (Basic)
1927,2021,Financial Analyst,121945.0,0.911,113.4,COBOL
1928,2021,SEO Specialist,183740.0,0.734,134.2,Manual Testing
1928,2021,SEO Specialist,183740.0,0.734,134.2,Machine Learning
1928,2021,SEO Specialist,183740.0,0.734,134.2,Power BI
1928,2021,SEO Specialist,183740.0,0.734,134.2,Spark/PySpark
1929,2022,Digital Marketer,99284.0,0.773,130.5,Power BI
1929,2022,Digital Marketer,99284.0,0.773,130.5,Python
1929,2022,Digital Marketer,99284.0,0.773,130.5,Manual Testing
1930,2019,AI Engineer,136086.0,0.98,100.5,Vector Databases
1930,2019,AI Engineer,136086.0,0.98,100.5,Legacy VBA
1930,2019,AI Engineer,136086.0,0.98,100.5,Cold Calling
1930,2019,AI Engineer,136086.0,0.98,100.5,Manual Testing
1931,2020,SQL Developer,177756.0,0.61,101.9,Statistics
1931,2020,SQL Developer,177756.0,0.61,101.9,MS Access
1931,2020,SQL Developer,177756.0,0.61,101.9,Power BI
1931,2020,SQL Developer,177756.0,0.61,101.9,Python
1932,2020,Business Analyst,143274.0,0.736,109.8,SQL
1932,2020,Business Analyst,143274.0,0.736,109.8,MLOps
1932,2020,Business Analyst,143274.0,0.736,109.8,Cold Calling
1933,2019,BI Developer,222191.0,0.872,102.6,Spark/PySpark
1933,2019,BI Developer,222191.0,0.872,102.6,Kubernetes
1933,2019,BI Developer,222191.0,0.872,102.6,Cloud (AWS/GCP)
1933,2019,BI Developer,222191.0,0.872,102.6,Manual Testing
1933,2019,BI Developer,222191.0,0.872,102.6,COBOL
1933,2019,BI Developer,222191.0,0.872,102.6,Power BI
1934,2019,SQL Developer,164453.0,0.98,98.8,SQL
1934,2019,SQL Developer,164453.0,0.98,98.8,Deep Learning
1934,2019,SQL Developer,164453.0,0.98,98.8,Statistics
1934,2019,SQL Developer,164453.0,0.98,98.8,Cold Calling
1934,2019,SQL Developer,164453.0,0.98,98.8,MS Access
1934,2019,SQL Developer,164453.0,0.98,98.8,COBOL
1935,2024,Data Scientist,273347.0,0.6,159.2,R
1935,2024,Data Scientist,273347.0,0.6,159.2,MS Access
1935,2024,Data Scientist,273347.0,0.6,159.2,Python
1936,2022,SEO Specialist,105496.0,0.386,119.7,Tableau
1936,2022,SEO Specialist,105496.0,0.386,119.7,Kubernetes
1936,2022,SEO Specialist,105496.0,0.386,119.7,Power BI
1937,2019,Excel Analyst,146115.0,0.98,105.5,Data Entry
1937,2019,Excel Analyst,146115.0,0.98,105.5,SQL
1937,2019,Excel Analyst,146115.0,0.98,105.5,Kubernetes
1937,2019,Excel Analyst,146115.0,0.98,105.5,R
1937,2019,Excel Analyst,146115.0,0.98,105.5,Power BI
1937,2019,Excel Analyst,146115.0,0.98,105.5,Manual Testing
1938,2023,Excel Analyst,210159.0,0.98,119.5,Prompt Engineering
1938,2023,Excel Analyst,210159.0,0.98,119.5,A/B Testing
1938,2023,Excel Analyst,210159.0,0.98,119.5,SQL
1938,2023,Excel Analyst,210159.0,0.98,119.5,Excel (Basic)
1938,2023,Excel Analyst,210159.0,0.98,119.5,Copy-Paste Reporting
1938,2023,Excel Analyst,210159.0,0.98,119.5,Crystal Reports
1939,2019,Cloud Architect,236773.0,0.98,95.9,COBOL
1939,2019,Cloud Architect,236773.0,0.98,95.9,Legacy VBA
1939,2019,Cloud Architect,236773.0,0.98,95.9,Machine Learning
1939,2019,Cloud Architect,236773.0,0.98,95.9,Cloud (AWS/GCP)
1939,2019,Cloud Architect,236773.0,0.98,95.9,Manual Testing
1940,2023,Supply Chain Analyst,158730.0,0.413,111.2,Airflow
1940,2023,Supply Chain Analyst,158730.0,0.413,111.2,Crystal Reports
1940,2023,Supply Chain Analyst,158730.0,0.413,111.2,SQL
1940,2023,Supply Chain Analyst,158730.0,0.413,111.2,Machine Learning
1940,2023,Supply Chain Analyst,158730.0,0.413,111.2,Vector Databases
1941,2022,Data Scientist,290096.0,0.943,119.9,dbt
1941,2022,Data Scientist,290096.0,0.943,119.9,Power BI
1941,2022,Data Scientist,290096.0,0.943,119.9,MLOps
1941,2022,Data Scientist,290096.0,0.943,119.9,Airflow
1941,2022,Data Scientist,290096.0,0.943,119.9,Basic SEO
1941,2022,Data Scientist,290096.0,0.943,119.9,Crystal Reports
1942,2019,Content Strategist,230984.0,0.372,91.6,Manual Testing
1942,2019,Content Strategist,230984.0,0.372,91.6,Machine Learning
1942,2019,Content Strategist,230984.0,0.372,91.6,SQL
1942,2019,Content Strategist,230984.0,0.372,91.6,Statistics
1942,2019,Content Strategist,230984.0,0.372,91.6,Python
1943,2023,HR Analyst,302394.0,0.221,120.5,A/B Testing
1943,2023,HR Analyst,302394.0,0.221,120.5,Excel (Basic)
1943,2023,HR Analyst,302394.0,0.221,120.5,Kubernetes
1943,2023,HR Analyst,302394.0,0.221,120.5,LLMs/GenAI
1943,2023,HR Analyst,302394.0,0.221,120.5,Machine Learning
1944,2022,Software Developer,254168.0,0.98,113.3,Power BI
1944,2022,Software Developer,254168.0,0.98,113.3,Statistics
1944,2022,Software Developer,254168.0,0.98,113.3,Copy-Paste Reporting
1944,2022,Software Developer,254168.0,0.98,113.3,Machine Learning
1944,2022,Software Developer,254168.0,0.98,113.3,MLOps
1944,2022,Software Developer,254168.0,0.98,113.3,COBOL
1945,2019,AI Engineer,261634.0,0.665,100.9,Cold Calling
1945,2019,AI Engineer,261634.0,0.665,100.9,Tableau
1945,2019,AI Engineer,261634.0,0.665,100.9,MLOps
1945,2019,AI Engineer,261634.0,0.665,100.9,R
1945,2019,AI Engineer,261634.0,0.665,100.9,Python
1945,2019,AI Engineer,261634.0,0.665,100.9,Excel (Basic)
1946,2021,Cloud Architect,190049.0,0.05,128.4,Power BI
1946,2021,Cloud Architect,190049.0,0.05,128.4,Spark/PySpark
1946,2021,Cloud Architect,190049.0,0.05,128.4,Airflow
1947,2021,Statistician,194857.0,0.98,111.6,Cold Calling
1947,2021,Statistician,194857.0,0.98,111.6,Power BI
1947,2021,Statistician,194857.0,0.98,111.6,MLOps
1947,2021,Statistician,194857.0,0.98,111.6,Crystal Reports
1948,2019,Software Developer,205917.0,0.935,89.4,Airflow
1948,2019,Software Developer,205917.0,0.935,89.4,Machine Learning
1948,2019,Software Developer,205917.0,0.935,89.4,Python
1948,2019,Software Developer,205917.0,0.935,89.4,Crystal Reports
1948,2019,Software Developer,205917.0,0.935,89.4,Legacy VBA
1949,2025,BI Developer,121336.0,0.98,184.5,LLMs/GenAI
1949,2025,BI Developer,121336.0,0.98,184.5,Cold Calling
1949,2025,BI Developer,121336.0,0.98,184.5,COBOL
1949,2025,BI Developer,121336.0,0.98,184.5,Tableau
1949,2025,BI Developer,121336.0,0.98,184.5,Power BI
1950,2022,Operations Analyst,203309.0,0.98,114.9,Cold Calling
1950,2022,Operations Analyst,203309.0,0.98,114.9,MLOps
1950,2022,Operations Analyst,203309.0,0.98,114.9,Manual Testing
1950,2022,Operations Analyst,203309.0,0.98,114.9,Deep Learning
1951,2019,Data Scientist,146215.0,0.806,103.1,Vector Databases
1951,2019,Data Scientist,146215.0,0.806,103.1,Copy-Paste Reporting
1951,2019,Data Scientist,146215.0,0.806,103.1,A/B Testing
1952,2021,SEO Specialist,155757.0,0.98,97.2,Cold Calling
1952,2021,SEO Specialist,155757.0,0.98,97.2,R
1952,2021,SEO Specialist,155757.0,0.98,97.2,Python
1953,2023,Content Strategist,219057.0,0.864,129.6,dbt
1953,2023,Content Strategist,219057.0,0.864,129.6,Copy-Paste Reporting
1953,2023,Content Strategist,219057.0,0.864,129.6,Deep Learning
1953,2023,Content Strategist,219057.0,0.864,129.6,LLMs/GenAI
1954,2021,IT Support Specialist,64961.0,0.98,117.2,Crystal Reports
1954,2021,IT Support Specialist,64961.0,0.98,117.2,Power BI
1954,2021,IT Support Specialist,64961.0,0.98,117.2,COBOL
1954,2021,IT Support Specialist,64961.0,0.98,117.2,Kubernetes
1955,2024,QA Engineer,128263.0,0.131,93.6,Machine Learning
1955,2024,QA Engineer,128263.0,0.131,93.6,dbt
1955,2024,QA Engineer,128263.0,0.131,93.6,A/B Testing
1955,2024,QA Engineer,128263.0,0.131,93.6,Kubernetes
1956,2025,Digital Marketer,111368.0,0.98,153.7,Crystal Reports
1956,2025,Digital Marketer,111368.0,0.98,153.7,Excel (Basic)
1956,2025,Digital Marketer,111368.0,0.98,153.7,MS Access
1956,2025,Digital Marketer,111368.0,0.98,153.7,SQL
1956,2025,Digital Marketer,111368.0,0.98,153.7,Copy-Paste Reporting
1957,2019,IT Support Specialist,281132.0,0.05,96.8,Kubernetes
1957,2019,IT Support Specialist,281132.0,0.05,96.8,A/B Testing
1957,2019,IT Support Specialist,281132.0,0.05,96.8,LLMs/GenAI
1957,2019,IT Support Specialist,281132.0,0.05,96.8,Prompt Engineering
1957,2019,IT Support Specialist,281132.0,0.05,96.8,Spark/PySpark
1958,2023,Operations Analyst,156141.0,0.98,104.7,Vector Databases
1958,2023,Operations Analyst,156141.0,0.98,104.7,COBOL
1958,2023,Operations Analyst,156141.0,0.98,104.7,Cold Calling
1958,2023,Operations Analyst,156141.0,0.98,104.7,Kubernetes
1958,2023,Operations Analyst,156141.0,0.98,104.7,Machine Learning
1959,2022,Statistician,285855.0,0.086,102.1,MLOps
1959,2022,Statistician,285855.0,0.086,102.1,MS Access
1959,2022,Statistician,285855.0,0.086,102.1,Spark/PySpark
1959,2022,Statistician,285855.0,0.086,102.1,dbt
1959,2022,Statistician,285855.0,0.086,102.1,Deep Learning
1959,2022,Statistician,285855.0,0.086,102.1,Cloud (AWS/GCP)
1960,2020,Data Engineer,260870.0,0.98,112.6,Legacy VBA
1960,2020,Data Engineer,260870.0,0.98,112.6,Manual Testing
1960,2020,Data Engineer,260870.0,0.98,112.6,MS Access
1960,2020,Data Engineer,260870.0,0.98,112.6,Deep Learning
1960,2020,Data Engineer,260870.0,0.98,112.6,Tableau
1960,2020,Data Engineer,260870.0,0.98,112.6,COBOL
1961,2022,SQL Developer,155681.0,0.627,114.9,LLMs/GenAI
1961,2022,SQL Developer,155681.0,0.627,114.9,Python
1961,2022,SQL Developer,155681.0,0.627,114.9,dbt
1961,2022,SQL Developer,155681.0,0.627,114.9,R
1961,2022,SQL Developer,155681.0,0.627,114.9,Cold Calling
1961,2022,SQL Developer,155681.0,0.627,114.9,SQL
1962,2025,Data Scientist,243830.0,0.98,156.8,COBOL
1962,2025,Data Scientist,243830.0,0.98,156.8,Copy-Paste Reporting
1962,2025,Data Scientist,243830.0,0.98,156.8,Deep Learning
1963,2022,Excel Analyst,72906.0,0.98,109.0,Machine Learning
1963,2022,Excel Analyst,72906.0,0.98,109.0,SQL
1963,2022,Excel Analyst,72906.0,0.98,109.0,Manual Testing
1963,2022,Excel Analyst,72906.0,0.98,109.0,COBOL
1964,2021,Product Manager,328996.0,0.98,107.8,Manual Testing
1964,2021,Product Manager,328996.0,0.98,107.8,Airflow
1964,2021,Product Manager,328996.0,0.98,107.8,MLOps
1964,2021,Product Manager,328996.0,0.98,107.8,Copy-Paste Reporting
1964,2021,Product Manager,328996.0,0.98,107.8,Prompt Engineering
1965,2025,Operations Analyst,128848.0,0.314,164.8,Tableau
1965,2025,Operations Analyst,128848.0,0.314,164.8,Statistics
1965,2025,Operations Analyst,128848.0,0.314,164.8,A/B Testing
1965,2025,Operations Analyst,128848.0,0.314,164.8,Prompt Engineering
1965,2025,Operations Analyst,128848.0,0.314,164.8,COBOL
1965,2025,Operations Analyst,128848.0,0.314,164.8,Deep Learning
1966,2021,BI Developer,205006.0,0.553,113.6,Kubernetes
1966,2021,BI Developer,205006.0,0.553,113.6,Power BI
1966,2021,BI Developer,205006.0,0.553,113.6,Machine Learning
1966,2021,BI Developer,205006.0,0.553,113.6,Basic SEO
1966,2021,BI Developer,205006.0,0.553,113.6,R
1967,2023,DevOps Engineer,111562.0,0.98,111.9,Tableau
1967,2023,DevOps Engineer,111562.0,0.98,111.9,Crystal Reports
1967,2023,DevOps Engineer,111562.0,0.98,111.9,COBOL
1967,2023,DevOps Engineer,111562.0,0.98,111.9,R
1968,2024,Supply Chain Analyst,148994.0,0.22,163.3,Spark/PySpark
1968,2024,Supply Chain Analyst,148994.0,0.22,163.3,R
1968,2024,Supply Chain Analyst,148994.0,0.22,163.3,Tableau
1969,2023,Supply Chain Analyst,154261.0,0.98,131.1,Excel (Basic)
1969,2023,Supply Chain Analyst,154261.0,0.98,131.1,A/B Testing
1969,2023,Supply Chain Analyst,154261.0,0.98,131.1,Basic SEO
1969,2023,Supply Chain Analyst,154261.0,0.98,131.1,Cold Calling
1969,2023,Supply Chain Analyst,154261.0,0.98,131.1,Spark/PySpark
1969,2023,Supply Chain Analyst,154261.0,0.98,131.1,Crystal Reports
1970,2021,Cloud Architect,331346.0,0.98,107.0,Cloud (AWS/GCP)
1970,2021,Cloud Architect,331346.0,0.98,107.0,Kubernetes
1970,2021,Cloud Architect,331346.0,0.98,107.0,Tableau
1970,2021,Cloud Architect,331346.0,0.98,107.0,Legacy VBA
1970,2021,Cloud Architect,331346.0,0.98,107.0,Spark/PySpark
1970,2021,Cloud Architect,331346.0,0.98,107.0,Basic SEO
1971,2019,Data Scientist,354428.0,0.207,106.3,LLMs/GenAI
1971,2019,Data Scientist,354428.0,0.207,106.3,Kubernetes
1971,2019,Data Scientist,354428.0,0.207,106.3,Spark/PySpark
1971,2019,Data Scientist,354428.0,0.207,106.3,dbt
1971,2019,Data Scientist,354428.0,0.207,106.3,Basic SEO
1972,2020,Financial Analyst,194269.0,0.898,99.0,Airflow
1972,2020,Financial Analyst,194269.0,0.898,99.0,Excel (Basic)
1972,2020,Financial Analyst,194269.0,0.898,99.0,COBOL
1972,2020,Financial Analyst,194269.0,0.898,99.0,Cloud (AWS/GCP)
1973,2019,HR Analyst,229889.0,0.98,103.2,Basic SEO
1973,2019,HR Analyst,229889.0,0.98,103.2,LLMs/GenAI
1973,2019,HR Analyst,229889.0,0.98,103.2,Excel (Basic)
1973,2019,HR Analyst,229889.0,0.98,103.2,dbt
1973,2019,HR Analyst,229889.0,0.98,103.2,Copy-Paste Reporting
1973,2019,HR Analyst,229889.0,0.98,103.2,A/B Testing
1974,2019,Operations Analyst,247404.0,0.568,100.8,Spark/PySpark
1974,2019,Operations Analyst,247404.0,0.568,100.8,Cloud (AWS/GCP)
1974,2019,Operations Analyst,247404.0,0.568,100.8,Machine Learning
1974,2019,Operations Analyst,247404.0,0.568,100.8,Basic SEO
1975,2020,Excel Analyst,84708.0,0.98,92.9,Crystal Reports
1975,2020,Excel Analyst,84708.0,0.98,92.9,A/B Testing
1975,2020,Excel Analyst,84708.0,0.98,92.9,SQL
1976,2022,Machine Learning Engineer,171861.0,0.185,131.4,Crystal Reports
1976,2022,Machine Learning Engineer,171861.0,0.185,131.4,SQL
1976,2022,Machine Learning Engineer,171861.0,0.185,131.4,Cloud (AWS/GCP)
1976,2022,Machine Learning Engineer,171861.0,0.185,131.4,Python
1976,2022,Machine Learning Engineer,171861.0,0.185,131.4,R
1976,2022,Machine Learning Engineer,171861.0,0.185,131.4,Deep Learning
1977,2020,DevOps Engineer,223563.0,0.627,100.1,MS Access
1977,2020,DevOps Engineer,223563.0,0.627,100.1,Airflow
1977,2020,DevOps Engineer,223563.0,0.627,100.1,R
1978,2021,HR Analyst,97869.0,0.723,100.9,COBOL
1978,2021,HR Analyst,97869.0,0.723,100.9,Statistics
1978,2021,HR Analyst,97869.0,0.723,100.9,Kubernetes
1979,2025,SEO Specialist,119342.0,0.98,158.7,Power BI
1979,2025,SEO Specialist,119342.0,0.98,158.7,Copy-Paste Reporting
1979,2025,SEO Specialist,119342.0,0.98,158.7,Excel (Basic)
1979,2025,SEO Specialist,119342.0,0.98,158.7,MLOps
1979,2025,SEO Specialist,119342.0,0.98,158.7,Basic SEO
1980,2019,Business Analyst,107971.0,0.957,111.2,Basic SEO
1980,2019,Business Analyst,107971.0,0.957,111.2,Cold Calling
1980,2019,Business Analyst,107971.0,0.957,111.2,SQL
1980,2019,Business Analyst,107971.0,0.957,111.2,LLMs/GenAI
1980,2019,Business Analyst,107971.0,0.957,111.2,Python
1980,2019,Business Analyst,107971.0,0.957,111.2,Vector Databases
1981,2021,Cloud Architect,338320.0,0.403,104.9,MLOps
1981,2021,Cloud Architect,338320.0,0.403,104.9,Python
1981,2021,Cloud Architect,338320.0,0.403,104.9,Crystal Reports
1982,2022,Supply Chain Analyst,192227.0,0.8,122.0,Deep Learning
1982,2022,Supply Chain Analyst,192227.0,0.8,122.0,Python
1982,2022,Supply Chain Analyst,192227.0,0.8,122.0,Data Entry
1983,2021,AI Engineer,159613.0,0.155,97.7,Python
1983,2021,AI Engineer,159613.0,0.155,97.7,COBOL
1983,2021,AI Engineer,159613.0,0.155,97.7,Tableau
1983,2021,AI Engineer,159613.0,0.155,97.7,R
1983,2021,AI Engineer,159613.0,0.155,97.7,MLOps
1984,2023,Financial Analyst,152686.0,0.674,122.8,A/B Testing
1984,2023,Financial Analyst,152686.0,0.674,122.8,Manual Testing
1984,2023,Financial Analyst,152686.0,0.674,122.8,Python
1985,2023,SQL Developer,224887.0,0.144,112.0,Prompt Engineering
1985,2023,SQL Developer,224887.0,0.144,112.0,R
1985,2023,SQL Developer,224887.0,0.144,112.0,Spark/PySpark
1985,2023,SQL Developer,224887.0,0.144,112.0,SQL
1986,2023,Financial Analyst,278520.0,0.956,132.6,Manual Testing
1986,2023,Financial Analyst,278520.0,0.956,132.6,Tableau
1986,2023,Financial Analyst,278520.0,0.956,132.6,COBOL
1986,2023,Financial Analyst,278520.0,0.956,132.6,Python
1986,2023,Financial Analyst,278520.0,0.956,132.6,A/B Testing
1986,2023,Financial Analyst,278520.0,0.956,132.6,Airflow
1987,2023,SEO Specialist,170031.0,0.98,106.8,A/B Testing
1987,2023,SEO Specialist,170031.0,0.98,106.8,Legacy VBA
1987,2023,SEO Specialist,170031.0,0.98,106.8,Basic SEO
1987,2023,SEO Specialist,170031.0,0.98,106.8,Data Entry
1987,2023,SEO Specialist,170031.0,0.98,106.8,Statistics
1987,2023,SEO Specialist,170031.0,0.98,106.8,Manual Testing
1988,2019,DevOps Engineer,303026.0,0.98,93.1,Tableau
1988,2019,DevOps Engineer,303026.0,0.98,93.1,Copy-Paste Reporting
1988,2019,DevOps Engineer,303026.0,0.98,93.1,Deep Learning
1988,2019,DevOps Engineer,303026.0,0.98,93.1,Excel (Basic)
1988,2019,DevOps Engineer,303026.0,0.98,93.1,SQL
1989,2023,Excel Analyst,105290.0,0.98,110.4,Power BI
1989,2023,Excel Analyst,105290.0,0.98,110.4,Crystal Reports
1989,2023,Excel Analyst,105290.0,0.98,110.4,Cold Calling
1989,2023,Excel Analyst,105290.0,0.98,110.4,Vector Databases
1990,2024,Content Strategist,285569.0,0.98,125.5,Python
1990,2024,Content Strategist,285569.0,0.98,125.5,Prompt Engineering
1990,2024,Content Strategist,285569.0,0.98,125.5,Deep Learning
1990,2024,Content Strategist,285569.0,0.98,125.5,R
1990,2024,Content Strategist,285569.0,0.98,125.5,Copy-Paste Reporting
1990,2024,Content Strategist,285569.0,0.98,125.5,Excel (Basic)
1991,2020,Data Scientist,281321.0,0.315,106.3,Cloud (AWS/GCP)
1991,2020,Data Scientist,281321.0,0.315,106.3,Tableau
1991,2020,Data Scientist,281321.0,0.315,106.3,Statistics
1991,2020,Data Scientist,281321.0,0.315,106.3,Prompt Engineering
1991,2020,Data Scientist,281321.0,0.315,106.3,Crystal Reports
1992,2024,Data Engineer,303106.0,0.338,140.5,COBOL
1992,2024,Data Engineer,303106.0,0.338,140.5,Deep Learning
1992,2024,Data Engineer,303106.0,0.338,140.5,Cloud (AWS/GCP)
1992,2024,Data Engineer,303106.0,0.338,140.5,R
1993,2025,HR Analyst,147991.0,0.98,137.4,Manual Testing
1993,2025,HR Analyst,147991.0,0.98,137.4,Crystal Reports
1993,2025,HR Analyst,147991.0,0.98,137.4,Excel (Basic)
1994,2020,QA Engineer,176989.0,0.685,111.0,Manual Testing
1994,2020,QA Engineer,176989.0,0.685,111.0,Statistics
1994,2020,QA Engineer,176989.0,0.685,111.0,MLOps
1994,2020,QA Engineer,176989.0,0.685,111.0,A/B Testing
1995,2022,Business Analyst,188138.0,0.597,134.4,Cloud (AWS/GCP)
1995,2022,Business Analyst,188138.0,0.597,134.4,Basic SEO
1995,2022,Business Analyst,188138.0,0.597,134.4,R
1995,2022,Business Analyst,188138.0,0.597,134.4,Vector Databases
1996,2021,Digital Marketer,79841.0,0.98,106.7,Python
1996,2021,Digital Marketer,79841.0,0.98,106.7,Copy-Paste Reporting
1996,2021,Digital Marketer,79841.0,0.98,106.7,Excel (Basic)
1996,2021,Digital Marketer,79841.0,0.98,106.7,Spark/PySpark
1997,2025,DevOps Engineer,303417.0,0.398,152.6,MS Access
1997,2025,DevOps Engineer,303417.0,0.398,152.6,Machine Learning
1997,2025,DevOps Engineer,303417.0,0.398,152.6,Deep Learning
1998,2020,Operations Analyst,170093.0,0.05,112.9,Tableau
1998,2020,Operations Analyst,170093.0,0.05,112.9,LLMs/GenAI
1998,2020,Operations Analyst,170093.0,0.05,112.9,dbt
1999,2021,Digital Marketer,141867.0,0.945,111.5,MS Access
1999,2021,Digital Marketer,141867.0,0.945,111.5,COBOL
1999,2021,Digital Marketer,141867.0,0.945,111.5,Kubernetes
1999,2021,Digital Marketer,141867.0,0.945,111.5,Python
1999,2021,Digital Marketer,141867.0,0.945,111.5,Machine Learning
2000,2023,HR Analyst,263192.0,0.674,141.9,Crystal Reports
2000,2023,HR Analyst,263192.0,0.674,141.9,Tableau
2000,2023,HR Analyst,263192.0,0.674,141.9,Airflow
2000,2023,HR Analyst,263192.0,0.674,141.9,Deep Learning
2000,2023,HR Analyst,263192.0,0.674,141.9,Spark/PySpark
