year,experience_ord,role_encoded,num_skills,skill_count,avg_skill_trend_score,demand_index,salary_vs_median,salary_cagr_5yr,future_proof,salary_usd,automation_risk,job_role,experience_level,risk_label
2024,1,15,4,4,5.48,150.3,1.398,0.0728,0,153092.0,0.98,Machine Learning Engineer,Entry,Critical Risk
2023,5,8,3,3,8.63,127.0,1.323,0.0881,1,338275.0,0.05,Data Scientist,Principal,Low Risk
2019,2,19,4,4,5.1,97.7,0.682,0.0467,0,101396.0,0.98,SEO Specialist,Mid,Critical Risk
2025,4,2,4,4,7.12,115.2,1.143,0.0454,0,262957.0,0.736,BI Developer,Lead,High Risk
2019,3,9,3,3,5.43,91.4,0.892,0.061,0,173459.0,0.573,DevOps Engineer,Senior,High Risk
2022,5,8,5,5,6.48,127.4,1.355,0.0881,0,346456.0,0.555,Data Scientist,Principal,High Risk
2025,1,0,6,6,6.35,140.6,1.735,0.0761,0,189953.0,0.98,AI Engineer,Entry,Critical Risk
2024,1,22,4,4,8.25,152.4,1.195,0.0662,1,130917.0,0.05,Statistician,Entry,Low Risk
2024,5,16,3,3,6.93,144.5,0.88,0.0783,0,225090.0,0.758,Operations Analyst,Principal,Critical Risk
2022,1,22,5,5,6.5,108.8,1.0,0.0662,0,109512.0,0.767,Statistician,Entry,Critical Risk
2020,5,11,6,6,7.5,101.9,0.976,-0.0074,0,249756.0,0.601,Excel Analyst,Principal,High Risk
2025,1,3,6,6,4.87,137.6,0.932,0.072,0,102092.0,0.98,Business Analyst,Entry,Critical Risk
2023,1,6,5,5,8.7,101.5,1.241,0.0674,1,135931.0,0.05,Data Analyst,Entry,Low Risk
2024,3,17,3,3,3.93,152.9,1.028,0.0733,0,199884.0,0.98,Product Manager,Senior,Critical Risk
2023,2,1,4,4,6.4,124.6,0.78,0.0589,0,116021.0,0.98,Accountant,Mid,Critical Risk
2022,1,6,4,4,7.6,113.9,1.005,0.0674,1,110082.0,0.231,Data Analyst,Entry,Low Risk
2022,5,8,6,6,7.15,136.6,1.437,0.0881,1,367433.0,0.142,Data Scientist,Principal,Low Risk
2023,2,17,5,5,8.38,124.6,1.477,0.0733,1,219724.0,0.05,Product Manager,Mid,Low Risk
2023,2,19,3,3,4.13,106.2,0.689,0.0467,0,102504.0,0.98,SEO Specialist,Mid,Critical Risk
2019,3,3,4,4,6.5,104.9,0.798,0.072,0,155103.0,0.68,Business Analyst,Senior,High Risk
2024,5,12,6,6,5.08,126.0,1.016,0.0709,0,259841.0,0.98,Financial Analyst,Principal,Critical Risk
2022,4,18,3,3,6.23,121.8,0.807,0.0194,0,185637.0,0.899,QA Engineer,Lead,Critical Risk
2019,2,11,6,6,8.38,101.8,1.07,-0.0074,1,159139.0,0.15,Excel Analyst,Mid,Low Risk
2019,5,14,3,3,4.03,107.7,0.572,0.0167,0,146174.0,0.98,IT Support Specialist,Principal,Critical Risk
2022,4,10,3,3,8.83,122.5,0.876,0.0445,1,201437.0,0.122,Digital Marketer,Lead,Low Risk
2021,3,14,6,6,7.08,107.2,1.0,0.0167,0,194527.0,0.923,IT Support Specialist,Senior,Critical Risk
2019,3,17,6,6,6.72,98.9,1.423,0.0733,0,276708.0,0.9,Product Manager,Senior,Critical Risk
2019,1,1,3,3,4.87,97.4,0.598,0.0589,0,65535.0,0.98,Accountant,Entry,Critical Risk
2019,5,18,5,5,5.88,104.6,0.976,0.0194,0,249757.0,0.98,QA Engineer,Principal,Critical Risk
2022,3,7,3,3,6.53,138.5,1.076,0.1045,0,209172.0,0.469,Data Engineer,Senior,Moderate Risk
2019,5,8,5,5,8.9,96.5,1.515,0.0881,1,387485.0,0.05,Data Scientist,Principal,Low Risk
2025,3,19,3,3,3.83,122.6,0.522,0.0467,0,101516.0,0.98,SEO Specialist,Senior,Critical Risk
2024,2,15,3,3,5.8,123.6,1.243,0.0728,0,184855.0,0.553,Machine Learning Engineer,Mid,High Risk
2023,3,20,6,6,6.17,87.7,1.163,0.0651,0,226197.0,0.98,SQL Developer,Senior,Critical Risk
2021,3,7,6,6,7.38,114.1,1.504,0.1045,1,292443.0,0.156,Data Engineer,Senior,Low Risk
2025,5,9,6,6,6.93,125.5,1.663,0.061,0,425335.0,0.907,DevOps Engineer,Principal,Critical Risk
2020,1,23,6,6,5.8,101.2,1.005,0.0549,0,110065.0,0.98,Supply Chain Analyst,Entry,Critical Risk
2019,3,2,5,5,5.86,112.3,0.992,0.0454,0,192917.0,0.942,BI Developer,Senior,Critical Risk
2025,2,10,5,5,4.56,125.2,0.802,0.0445,0,119213.0,0.98,Digital Marketer,Mid,Critical Risk
2024,4,20,3,3,6.4,120.8,0.877,0.0651,0,201662.0,0.929,SQL Developer,Lead,Critical Risk
2022,5,23,3,3,7.13,141.9,0.961,0.0549,1,245830.0,0.328,Supply Chain Analyst,Principal,Moderate Risk
2021,1,3,5,5,4.6,134.6,0.749,0.072,0,81978.0,0.98,Business Analyst,Entry,Critical Risk
2019,5,21,3,3,6.27,100.5,0.913,0.044,0,233547.0,0.593,Software Developer,Principal,High Risk
2025,2,19,3,3,4.6,131.2,0.644,0.0467,0,95807.0,0.98,SEO Specialist,Mid,Critical Risk
2025,3,15,6,6,7.13,118.9,1.629,0.0728,1,316860.0,0.224,Machine Learning Engineer,Senior,Low Risk
2024,2,21,5,5,7.1,122.7,1.266,0.044,0,188312.0,0.442,Software Developer,Mid,Moderate Risk
2022,5,12,6,6,7.2,126.9,1.219,0.0709,0,311732.0,0.518,Financial Analyst,Principal,High Risk
2021,5,5,4,4,5.2,108.9,0.768,0.0492,0,196480.0,0.98,Content Strategist,Principal,Critical Risk
2019,2,3,3,3,5.63,93.8,0.637,0.072,0,94799.0,0.98,Business Analyst,Mid,Critical Risk
2024,4,16,4,4,5.3,156.1,0.809,0.0783,0,186082.0,0.98,Operations Analyst,Lead,Critical Risk
2025,4,15,6,6,8.27,156.7,1.807,0.0728,1,415683.0,0.05,Machine Learning Engineer,Lead,Low Risk
2024,5,5,6,6,5.03,128.7,0.753,0.0492,0,192523.0,0.98,Content Strategist,Principal,Critical Risk
2020,4,17,4,4,3.65,103.8,0.976,0.0733,0,224604.0,0.98,Product Manager,Lead,Critical Risk
2022,2,13,3,3,6.47,118.1,0.741,0.015,0,110245.0,0.756,HR Analyst,Mid,Critical Risk
2021,1,19,4,4,6.62,110.1,0.797,0.0467,0,87299.0,0.905,SEO Specialist,Entry,Critical Risk
2022,5,4,3,3,6.43,127.2,1.26,0.0635,0,322306.0,0.62,Cloud Architect,Principal,High Risk
2025,1,12,6,6,7.48,139.8,1.233,0.0709,0,135048.0,0.517,Financial Analyst,Entry,High Risk
2024,5,19,4,4,8.12,131.1,0.91,0.0467,1,232845.0,0.313,SEO Specialist,Principal,Moderate Risk
2024,4,23,4,4,6.5,139.7,0.825,0.0549,0,189708.0,0.64,Supply Chain Analyst,Lead,High Risk
2024,1,6,6,6,8.73,146.3,1.553,0.0674,1,170111.0,0.05,Data Analyst,Entry,Low Risk
2021,3,21,3,3,6.27,109.4,0.964,0.044,0,187403.0,0.544,Software Developer,Senior,High Risk
2021,1,11,4,4,5.88,100.6,0.694,-0.0074,0,76043.0,0.98,Excel Analyst,Entry,Critical Risk
2020,1,10,6,6,5.6,103.8,0.987,0.0445,0,108069.0,0.98,Digital Marketer,Entry,Critical Risk
2024,1,16,3,3,7.33,143.1,0.801,0.0783,0,87769.0,0.432,Operations Analyst,Entry,Moderate Risk
2022,2,21,4,4,5.52,132.4,1.081,0.044,0,160707.0,0.98,Software Developer,Mid,Critical Risk
2023,5,15,6,6,6.43,109.3,1.73,0.0728,0,442476.0,0.903,Machine Learning Engineer,Principal,Critical Risk
2022,1,10,6,6,6.37,136.8,1.022,0.0445,0,111956.0,0.98,Digital Marketer,Entry,Critical Risk
2021,5,1,6,6,5.68,125.9,0.968,0.0589,0,247558.0,0.98,Accountant,Principal,Critical Risk
2019,4,22,6,6,6.27,102.6,1.156,0.0662,0,265911.0,0.892,Statistician,Lead,Critical Risk
2025,3,22,5,5,8.24,145.7,1.328,0.0662,1,258213.0,0.05,Statistician,Senior,Low Risk
2022,5,10,6,6,7.45,122.9,1.21,0.0445,1,309551.0,0.309,Digital Marketer,Principal,Moderate Risk
2020,5,0,5,5,6.92,112.8,1.513,0.0761,0,387016.0,0.186,AI Engineer,Principal,Low Risk
2021,3,0,4,4,6.68,120.6,1.377,0.0761,0,267770.0,0.283,AI Engineer,Senior,Moderate Risk
2024,2,2,5,5,3.68,114.8,0.774,0.0454,0,115159.0,0.98,BI Developer,Mid,Critical Risk
2019,3,20,4,4,6.7,97.6,0.85,0.0651,0,165281.0,0.562,SQL Developer,Senior,High Risk
2019,5,3,6,6,6.77,94.6,1.077,0.072,0,275444.0,0.592,Business Analyst,Principal,High Risk
2020,3,3,3,3,8.0,104.1,0.817,0.072,1,158988.0,0.05,Business Analyst,Senior,Low Risk
2024,2,3,5,5,6.98,127.6,1.112,0.072,0,165332.0,0.626,Business Analyst,Mid,High Risk
2023,2,1,6,6,5.4,122.7,0.915,0.0589,0,136119.0,0.98,Accountant,Mid,Critical Risk
2023,1,17,5,5,7.14,115.3,1.474,0.0733,1,161394.0,0.32,Product Manager,Entry,Moderate Risk
2019,4,18,5,5,5.98,102.5,0.943,0.0194,0,216912.0,0.98,QA Engineer,Lead,Critical Risk
2024,3,11,6,6,7.02,124.7,1.075,-0.0074,0,209078.0,0.98,Excel Analyst,Senior,Critical Risk
2019,2,3,5,5,7.04,108.8,0.898,0.072,0,133625.0,0.44,Business Analyst,Mid,Moderate Risk
2023,4,19,3,3,6.33,136.7,0.706,0.0467,0,162294.0,0.892,SEO Specialist,Lead,Critical Risk
2019,2,8,3,3,2.33,92.4,0.824,0.0881,0,122610.0,0.98,Data Scientist,Mid,Critical Risk
2019,4,2,5,5,5.12,96.5,0.849,0.0454,0,195203.0,0.98,BI Developer,Lead,Critical Risk
2019,3,10,5,5,6.16,95.4,0.957,0.0445,0,186169.0,0.98,Digital Marketer,Senior,Critical Risk
2022,4,0,6,6,7.62,126.8,1.792,0.0761,1,412099.0,0.05,AI Engineer,Lead,Low Risk
2025,5,6,3,3,8.5,157.5,0.982,0.0674,1,251277.0,0.093,Data Analyst,Principal,Low Risk
2022,4,13,5,5,6.78,121.2,0.853,0.015,0,196131.0,0.672,HR Analyst,Lead,High Risk
2019,5,13,5,5,8.18,105.8,1.013,0.015,1,259206.0,0.05,HR Analyst,Principal,Low Risk
2019,1,14,5,5,5.72,102.3,0.672,0.0167,0,73551.0,0.98,IT Support Specialist,Entry,Critical Risk
2022,4,11,6,6,6.53,99.6,0.989,-0.0074,0,227605.0,0.98,Excel Analyst,Lead,Critical Risk
2025,3,18,3,3,4.83,120.5,0.801,0.0194,0,155795.0,0.98,QA Engineer,Senior,Critical Risk
2024,2,10,6,6,5.88,143.4,1.029,0.0445,0,153055.0,0.98,Digital Marketer,Mid,Critical Risk
2021,2,20,4,4,5.08,103.3,0.725,0.0651,0,107839.0,0.98,SQL Developer,Mid,Critical Risk
2022,4,16,6,6,7.93,131.2,1.295,0.0783,1,297997.0,0.066,Operations Analyst,Lead,Low Risk
2022,5,15,4,4,4.75,112.5,1.231,0.0728,0,314874.0,0.98,Machine Learning Engineer,Principal,Critical Risk
2025,3,22,3,3,4.0,168.1,0.889,0.0662,0,172962.0,0.98,Statistician,Senior,Critical Risk
2022,4,4,3,3,3.93,136.8,1.126,0.0635,0,258972.0,0.98,Cloud Architect,Lead,Critical Risk
2020,1,17,3,3,6.4,108.7,1.05,0.0733,0,115011.0,0.468,Product Manager,Entry,Moderate Risk
2019,3,3,5,5,8.36,100.6,1.038,0.072,1,201951.0,0.05,Business Analyst,Senior,Low Risk
2024,2,2,6,6,5.45,124.3,1.053,0.0454,0,156575.0,0.98,BI Developer,Mid,Critical Risk
2024,4,22,6,6,7.38,162.8,1.406,0.0662,1,323326.0,0.238,Statistician,Lead,Low Risk
2023,4,0,5,5,6.68,124.0,1.508,0.0761,0,346832.0,0.754,AI Engineer,Lead,Critical Risk
2023,5,9,3,3,4.17,117.4,0.968,0.061,0,247605.0,0.98,DevOps Engineer,Principal,Critical Risk
2023,1,23,5,5,4.68,117.2,0.874,0.0549,0,95670.0,0.98,Supply Chain Analyst,Entry,Critical Risk
2020,3,1,3,3,6.03,112.8,0.711,0.0589,0,138224.0,0.79,Accountant,Senior,Critical Risk
2021,2,17,5,5,7.4,125.5,1.308,0.0733,1,194469.0,0.234,Product Manager,Mid,Low Risk
2021,5,5,5,5,4.62,124.5,0.751,0.0492,0,192013.0,0.98,Content Strategist,Principal,Critical Risk
2025,4,15,4,4,3.18,170.4,1.119,0.0728,0,257510.0,0.98,Machine Learning Engineer,Lead,Critical Risk
2025,3,19,3,3,7.87,138.6,0.813,0.0467,0,158074.0,0.459,SEO Specialist,Senior,Moderate Risk
2024,3,17,5,5,7.18,143.0,1.336,0.0733,0,259853.0,0.445,Product Manager,Senior,Moderate Risk
2023,5,4,6,6,6.35,111.0,1.634,0.0635,0,417931.0,0.98,Cloud Architect,Principal,Critical Risk
2019,4,0,4,4,7.57,97.6,1.282,0.0761,1,294949.0,0.05,AI Engineer,Lead,Low Risk
2024,5,16,4,4,5.32,127.4,0.832,0.0783,0,212772.0,0.98,Operations Analyst,Principal,Critical Risk
2022,1,22,6,6,6.2,123.9,1.153,0.0662,0,126214.0,0.869,Statistician,Entry,Critical Risk
2024,1,9,4,4,5.15,113.8,1.208,0.061,0,132251.0,0.98,DevOps Engineer,Entry,Critical Risk
2020,5,13,5,5,6.04,102.6,0.851,0.015,0,217614.0,0.875,HR Analyst,Principal,Critical Risk
2025,2,19,4,4,5.22,161.9,0.818,0.0467,0,121606.0,0.98,SEO Specialist,Mid,Critical Risk
2019,2,22,5,5,4.6,99.5,0.996,0.0662,0,148096.0,0.98,Statistician,Mid,Critical Risk
2019,2,9,3,3,9.13,98.0,1.284,0.061,1,191008.0,0.05,DevOps Engineer,Mid,Low Risk
2022,1,5,6,6,6.52,121.6,0.971,0.0492,0,106336.0,0.98,Content Strategist,Entry,Critical Risk
2023,5,3,3,3,5.97,126.6,0.844,0.072,0,215914.0,0.98,Business Analyst,Principal,Critical Risk
2024,4,15,3,3,6.83,124.1,1.396,0.0728,0,321130.0,0.384,Machine Learning Engineer,Lead,Moderate Risk
2021,5,1,6,6,5.27,113.5,0.827,0.0589,0,211623.0,0.98,Accountant,Principal,Critical Risk
2025,1,16,6,6,6.87,132.8,1.175,0.0783,0,128680.0,0.98,Operations Analyst,Entry,Critical Risk
2019,4,4,5,5,6.04,97.4,1.341,0.0635,0,308553.0,0.866,Cloud Architect,Lead,Critical Risk
2022,3,15,3,3,6.33,127.8,1.188,0.0728,0,230984.0,0.25,Machine Learning Engineer,Senior,Moderate Risk
2022,4,9,5,5,7.6,107.8,1.41,0.061,1,324302.0,0.144,DevOps Engineer,Lead,Low Risk
2022,1,11,5,5,6.18,108.6,0.806,-0.0074,0,88226.0,0.98,Excel Analyst,Entry,Critical Risk
2025,5,19,3,3,2.6,151.3,0.546,0.0467,0,139567.0,0.98,SEO Specialist,Principal,Critical Risk
2019,3,2,5,5,6.44,99.4,0.992,0.0454,0,192934.0,0.98,BI Developer,Senior,Critical Risk
2019,1,7,4,4,7.98,97.0,1.224,0.1045,1,134064.0,0.05,Data Engineer,Entry,Low Risk
2021,3,17,3,3,9.33,116.8,1.334,0.0733,1,259376.0,0.05,Product Manager,Senior,Low Risk
2019,1,23,6,6,7.03,99.3,0.977,0.0549,0,106989.0,0.428,Supply Chain Analyst,Entry,Moderate Risk
2019,4,9,6,6,7.42,103.6,1.327,0.061,1,305176.0,0.245,DevOps Engineer,Lead,Low Risk
2019,2,6,4,4,7.1,106.4,0.877,0.0674,0,130376.0,0.514,Data Analyst,Mid,High Risk
2022,4,17,6,6,4.58,137.9,1.094,0.0733,0,251599.0,0.98,Product Manager,Lead,Critical Risk
2019,1,21,6,6,6.35,100.3,1.231,0.044,0,134828.0,0.545,Software Developer,Entry,High Risk
2022,1,0,5,5,4.88,125.4,1.493,0.0761,0,163491.0,0.98,AI Engineer,Entry,Critical Risk
2021,4,8,6,6,6.72,125.8,1.319,0.0881,0,303504.0,0.569,Data Scientist,Lead,High Risk
2020,2,4,3,3,6.13,110.8,1.125,0.0635,0,167375.0,0.656,Cloud Architect,Mid,High Risk
2024,2,13,4,4,7.3,107.4,0.917,0.015,0,136331.0,0.54,HR Analyst,Mid,High Risk
2025,1,13,6,6,3.18,175.0,0.598,0.015,0,65496.0,0.98,HR Analyst,Entry,Critical Risk
2023,5,13,4,4,6.4,113.2,0.872,0.015,0,223120.0,0.98,HR Analyst,Principal,Critical Risk
2021,1,12,3,3,8.8,107.1,0.897,0.0709,1,98189.0,0.05,Financial Analyst,Entry,Low Risk
2025,1,0,6,6,5.05,166.1,1.491,0.0761,0,163280.0,0.98,AI Engineer,Entry,Critical Risk
2023,2,13,6,6,8.62,149.1,1.269,0.015,1,188727.0,0.05,HR Analyst,Mid,Low Risk
2019,2,5,6,6,6.7,94.7,0.903,0.0492,0,134300.0,0.895,Content Strategist,Mid,Critical Risk
2021,4,21,3,3,3.9,100.4,0.933,0.044,0,214516.0,0.98,Software Developer,Lead,Critical Risk
2019,4,19,4,4,5.9,96.0,0.782,0.0467,0,179995.0,0.98,SEO Specialist,Lead,Critical Risk
2021,4,0,3,3,7.77,114.1,1.278,0.0761,1,294042.0,0.05,AI Engineer,Lead,Low Risk
2021,5,7,5,5,9.18,111.0,1.647,0.1045,1,421150.0,0.05,Data Engineer,Principal,Low Risk
2025,2,10,4,4,5.15,117.5,0.881,0.0445,0,131051.0,0.98,Digital Marketer,Mid,Critical Risk
2025,5,19,4,4,7.2,126.6,0.959,0.0467,0,245225.0,0.768,SEO Specialist,Principal,Critical Risk
2024,2,1,6,6,5.33,122.9,0.86,0.0589,0,127847.0,0.98,Accountant,Mid,Critical Risk
2024,2,14,5,5,5.84,125.7,0.736,0.0167,0,109427.0,0.98,IT Support Specialist,Mid,Critical Risk
2023,4,14,6,6,6.82,93.0,1.085,0.0167,0,249482.0,0.98,IT Support Specialist,Lead,Critical Risk
2022,5,9,3,3,6.8,116.4,1.247,0.061,0,318896.0,0.627,DevOps Engineer,Principal,High Risk
2022,2,5,4,4,7.22,110.4,0.812,0.0492,0,120835.0,0.616,Content Strategist,Mid,High Risk
2022,3,5,3,3,8.87,108.4,0.839,0.0492,1,163127.0,0.05,Content Strategist,Senior,Low Risk
2019,3,16,3,3,6.57,108.4,0.689,0.0783,0,133917.0,0.678,Operations Analyst,Senior,High Risk
2020,4,16,3,3,8.8,111.6,0.965,0.0783,1,222066.0,0.05,Operations Analyst,Lead,Low Risk
2020,5,19,3,3,6.53,112.6,0.687,0.0467,0,175661.0,0.969,SEO Specialist,Principal,Critical Risk
2019,4,11,3,3,6.47,99.0,0.635,-0.0074,0,146069.0,0.98,Excel Analyst,Lead,Critical Risk
2019,5,13,4,4,7.28,104.6,0.778,0.015,0,199021.0,0.479,HR Analyst,Principal,Moderate Risk
2023,2,18,5,5,6.78,106.4,1.181,0.0194,0,175647.0,0.538,QA Engineer,Mid,High Risk
2022,4,3,3,3,6.47,113.4,0.913,0.072,0,210026.0,0.39,Business Analyst,Lead,Moderate Risk
2024,1,23,4,4,8.52,146.5,1.132,0.0549,1,123930.0,0.05,Supply Chain Analyst,Entry,Low Risk
2020,4,23,4,4,5.12,101.2,0.779,0.0549,0,179292.0,0.98,Supply Chain Analyst,Lead,Critical Risk
2020,2,3,5,5,6.46,108.3,0.765,0.072,0,113849.0,0.638,Business Analyst,Mid,High Risk
2025,2,13,3,3,3.83,128.9,0.697,0.015,0,103704.0,0.98,HR Analyst,Mid,Critical Risk
2025,4,9,6,6,6.38,170.2,1.609,0.061,0,370060.0,0.58,DevOps Engineer,Lead,High Risk
2023,1,22,6,6,6.73,108.3,1.284,0.0662,0,140649.0,0.697,Statistician,Entry,High Risk
2021,3,23,6,6,6.5,118.8,1.105,0.0549,0,214835.0,0.631,Supply Chain Analyst,Senior,High Risk
2021,4,1,3,3,3.67,114.5,0.547,0.0589,0,125802.0,0.98,Accountant,Lead,Critical Risk
2025,2,17,6,6,7.7,127.7,1.676,0.0733,1,249292.0,0.308,Product Manager,Mid,Moderate Risk
2023,5,3,5,5,6.26,109.2,1.044,0.072,0,267010.0,0.931,Business Analyst,Principal,Critical Risk
2021,3,21,3,3,7.07,111.1,1.071,0.044,0,208287.0,0.44,Software Developer,Senior,Moderate Risk
2022,1,19,6,6,5.13,112.3,0.837,0.0467,0,91656.0,0.98,SEO Specialist,Entry,Critical Risk
2025,4,8,3,3,1.4,167.2,0.911,0.0881,0,209521.0,0.98,Data Scientist,Lead,Critical Risk
2024,1,9,5,5,4.68,120.6,1.309,0.061,0,143369.0,0.98,DevOps Engineer,Entry,Critical Risk
2021,2,5,4,4,6.52,110.4,0.742,0.0492,0,110380.0,0.553,Content Strategist,Mid,High Risk
2023,4,9,3,3,8.63,149.7,1.3,0.061,1,299098.0,0.05,DevOps Engineer,Lead,Low Risk
2024,5,10,3,3,6.4,111.5,0.855,0.0445,0,218665.0,0.98,Digital Marketer,Principal,Critical Risk
2022,5,23,4,4,6.6,134.8,0.885,0.0549,0,226432.0,0.792,Supply Chain Analyst,Principal,Critical Risk
2019,5,15,4,4,7.22,98.4,1.473,0.0728,1,376677.0,0.216,Machine Learning Engineer,Principal,Low Risk
2023,1,0,5,5,5.76,101.5,1.516,0.0761,0,166056.0,0.98,AI Engineer,Entry,Critical Risk
2024,5,2,4,4,4.0,150.4,0.863,0.0454,0,220747.0,0.98,BI Developer,Principal,Critical Risk
2023,1,3,5,5,4.66,134.4,0.762,0.072,0,83417.0,0.98,Business Analyst,Entry,Critical Risk
2019,5,10,6,6,5.22,88.9,0.791,0.0445,0,202304.0,0.98,Digital Marketer,Principal,Critical Risk
2024,2,3,6,6,6.3,145.7,1.124,0.072,0,167115.0,0.858,Business Analyst,Mid,Critical Risk
2021,3,17,5,5,8.14,111.3,1.398,0.0733,1,271893.0,0.05,Product Manager,Senior,Low Risk
2021,2,14,3,3,5.93,107.2,0.614,0.0167,0,91363.0,0.98,IT Support Specialist,Mid,Critical Risk
2020,3,2,4,4,6.78,102.4,0.959,0.0454,0,186458.0,0.681,BI Developer,Senior,High Risk
2021,1,10,6,6,6.85,110.0,1.073,0.0445,0,117551.0,0.744,Digital Marketer,Entry,High Risk
2023,4,13,3,3,5.93,115.0,0.694,0.015,0,159586.0,0.98,HR Analyst,Lead,Critical Risk
2021,3,17,3,3,6.83,113.9,1.079,0.0733,0,209937.0,0.245,Product Manager,Senior,Low Risk
2021,3,19,6,6,3.73,108.3,0.589,0.0467,0,114543.0,0.98,SEO Specialist,Senior,Critical Risk
2019,3,21,5,5,5.98,104.3,1.049,0.044,0,203984.0,0.98,Software Developer,Senior,Critical Risk
2019,1,3,6,6,4.87,109.4,0.894,0.072,0,97903.0,0.98,Business Analyst,Entry,Critical Risk
2023,2,4,5,5,5.98,118.7,1.361,0.0635,0,202381.0,0.723,Cloud Architect,Mid,High Risk
2023,4,0,5,5,6.32,139.6,1.511,0.0761,0,347627.0,0.72,AI Engineer,Lead,High Risk
2024,1,16,5,5,3.3,158.3,0.714,0.0783,0,78181.0,0.98,Operations Analyst,Entry,Critical Risk
2023,2,10,6,6,5.83,149.6,0.951,0.0445,0,141446.0,0.98,Digital Marketer,Mid,Critical Risk
2019,1,20,6,6,6.28,96.0,0.96,0.0651,0,105155.0,0.98,SQL Developer,Entry,Critical Risk
2022,1,17,4,4,6.22,128.5,1.181,0.0733,0,129341.0,0.621,Product Manager,Entry,High Risk
2021,4,2,5,5,1.74,115.1,0.647,0.0454,0,148744.0,0.98,BI Developer,Lead,Critical Risk
2021,4,1,5,5,5.58,113.6,0.779,0.0589,0,179209.0,0.98,Accountant,Lead,Critical Risk
2024,3,10,5,5,6.06,128.2,0.84,0.0445,0,163381.0,0.98,Digital Marketer,Senior,Critical Risk
2022,2,9,5,5,5.82,105.4,1.251,0.061,0,185990.0,0.98,DevOps Engineer,Mid,Critical Risk
2022,2,20,5,5,5.24,91.7,0.924,0.0651,0,137415.0,0.98,SQL Developer,Mid,Critical Risk
2019,5,23,3,3,8.6,108.3,0.883,0.0549,1,225724.0,0.05,Supply Chain Analyst,Principal,Low Risk
2019,2,23,4,4,6.3,98.8,0.724,0.0549,0,107702.0,0.845,Supply Chain Analyst,Mid,Critical Risk
2021,3,4,4,4,4.8,122.0,1.207,0.0635,0,234781.0,0.98,Cloud Architect,Senior,Critical Risk
2020,2,18,6,6,6.87,111.9,1.233,0.0194,0,183345.0,0.736,QA Engineer,Mid,High Risk
2019,3,4,6,6,8.3,94.5,1.623,0.0635,1,315682.0,0.05,Cloud Architect,Senior,Low Risk
2024,3,14,5,5,3.6,94.7,0.679,0.0167,0,132060.0,0.98,IT Support Specialist,Senior,Critical Risk
2023,4,13,5,5,7.48,146.5,1.13,0.015,0,259891.0,0.536,HR Analyst,Lead,High Risk
2022,2,4,6,6,7.38,123.3,1.625,0.0635,1,241694.0,0.249,Cloud Architect,Mid,Low Risk
2023,3,6,3,3,6.2,120.8,0.751,0.0674,0,146002.0,0.829,Data Analyst,Senior,Critical Risk
2022,5,23,5,5,7.26,97.3,1.069,0.0549,0,273495.0,0.47,Supply Chain Analyst,Principal,Moderate Risk
2024,3,1,6,6,4.75,133.7,0.836,0.0589,0,162676.0,0.98,Accountant,Senior,Critical Risk
2023,5,8,5,5,6.82,122.9,1.453,0.0881,0,371516.0,0.549,Data Scientist,Principal,High Risk
2023,5,20,4,4,6.38,101.4,0.949,0.0651,0,242620.0,0.98,SQL Developer,Principal,Critical Risk
2020,5,16,6,6,7.12,110.2,1.111,0.0783,0,284195.0,0.403,Operations Analyst,Principal,Moderate Risk
2019,4,19,6,6,5.75,102.4,0.76,0.0467,0,174929.0,0.98,SEO Specialist,Lead,Critical Risk
2022,1,9,3,3,8.73,117.1,1.21,0.061,1,132564.0,0.05,DevOps Engineer,Entry,Low Risk
2025,4,7,6,6,4.13,166.7,1.224,0.1045,0,281543.0,0.98,Data Engineer,Lead,Critical Risk
2020,3,13,6,6,6.25,106.4,0.902,0.015,0,175417.0,0.98,HR Analyst,Senior,Critical Risk
2022,5,23,6,6,6.28,112.7,1.079,0.0549,0,275914.0,0.98,Supply Chain Analyst,Principal,Critical Risk
2024,1,15,3,3,8.63,119.7,1.494,0.0728,1,163630.0,0.05,Machine Learning Engineer,Entry,Low Risk
2019,5,14,3,3,7.8,105.2,0.605,0.0167,0,154775.0,0.424,IT Support Specialist,Principal,Moderate Risk
2025,2,3,4,4,4.42,138.9,0.777,0.072,0,115503.0,0.98,Business Analyst,Mid,Critical Risk
2025,3,23,4,4,6.5,138.8,0.865,0.0549,0,168227.0,0.792,Supply Chain Analyst,Senior,Critical Risk
2019,5,19,6,6,6.25,101.1,0.864,0.0467,0,220890.0,0.98,SEO Specialist,Principal,Critical Risk
2022,2,18,4,4,6.05,118.5,0.821,0.0194,0,122066.0,0.98,QA Engineer,Mid,Critical Risk
2021,2,16,6,6,7.78,109.7,1.008,0.0783,1,149961.0,0.103,Operations Analyst,Mid,Low Risk
2021,1,13,3,3,3.9,107.5,0.535,0.015,0,58632.0,0.98,HR Analyst,Entry,Critical Risk
2021,5,21,3,3,3.9,109.0,0.915,0.044,0,234009.0,0.98,Software Developer,Principal,Critical Risk
2024,2,19,5,5,7.64,146.4,1.061,0.0467,0,157841.0,0.63,SEO Specialist,Mid,High Risk
2025,2,10,6,6,7.1,137.3,1.075,0.0445,0,159942.0,0.7,Digital Marketer,Mid,High Risk
2024,3,9,6,6,6.07,150.8,1.375,0.061,0,267402.0,0.791,DevOps Engineer,Senior,Critical Risk
2021,4,4,4,4,7.05,120.2,1.41,0.0635,1,324286.0,0.259,Cloud Architect,Lead,Moderate Risk
2023,4,12,4,4,7.08,146.2,0.959,0.0709,0,220602.0,0.458,Financial Analyst,Lead,Moderate Risk
2022,3,19,6,6,6.73,118.4,1.078,0.0467,0,209567.0,0.98,SEO Specialist,Senior,Critical Risk
2022,5,2,3,3,4.37,134.5,0.841,0.0454,0,215159.0,0.98,BI Developer,Principal,Critical Risk
2024,1,3,4,4,7.2,121.9,1.114,0.072,0,121978.0,0.473,Business Analyst,Entry,Moderate Risk
2022,1,9,6,6,4.75,111.3,1.11,0.061,0,121594.0,0.98,DevOps Engineer,Entry,Critical Risk
2019,3,5,3,3,4.23,95.1,0.491,0.0492,0,95483.0,0.98,Content Strategist,Senior,Critical Risk
2025,1,2,4,4,6.88,140.3,1.056,0.0454,0,115668.0,0.672,BI Developer,Entry,High Risk
2021,4,22,6,6,5.28,113.4,1.001,0.0662,0,230316.0,0.98,Statistician,Lead,Critical Risk
2025,1,8,6,6,6.93,154.8,1.442,0.0881,0,157889.0,0.483,Data Scientist,Entry,Moderate Risk
2019,4,10,3,3,8.57,105.7,0.844,0.0445,1,194150.0,0.107,Digital Marketer,Lead,Low Risk
2025,5,16,3,3,6.4,174.8,0.953,0.0783,0,243849.0,0.819,Operations Analyst,Principal,Critical Risk
2023,1,23,3,3,6.9,141.6,0.808,0.0549,0,88440.0,0.554,Supply Chain Analyst,Entry,High Risk
2024,1,21,4,4,3.75,148.7,0.872,0.044,0,95484.0,0.98,Software Developer,Entry,Critical Risk
2023,4,4,5,5,7.52,107.4,1.581,0.0635,1,363716.0,0.253,Cloud Architect,Lead,Moderate Risk
2023,5,1,3,3,3.6,150.8,0.692,0.0589,0,176962.0,0.98,Accountant,Principal,Critical Risk
2022,3,11,6,6,5.82,116.1,0.924,-0.0074,0,179768.0,0.98,Excel Analyst,Senior,Critical Risk
2021,1,11,4,4,3.0,102.5,0.528,-0.0074,0,57784.0,0.98,Excel Analyst,Entry,Critical Risk
2022,3,4,3,3,8.67,128.5,1.405,0.0635,1,273188.0,0.05,Cloud Architect,Senior,Low Risk
2019,1,7,6,6,6.9,101.0,1.219,0.1045,0,133445.0,0.683,Data Engineer,Entry,High Risk
2023,5,8,6,6,8.23,138.8,1.561,0.0881,1,399337.0,0.05,Data Scientist,Principal,Low Risk
2020,5,12,4,4,8.38,106.9,1.11,0.0709,1,283860.0,0.05,Financial Analyst,Principal,Low Risk
2020,3,18,6,6,6.22,106.6,1.152,0.0194,0,224001.0,0.98,QA Engineer,Senior,Critical Risk
2023,4,20,5,5,6.3,100.9,0.956,0.0651,0,219922.0,0.98,SQL Developer,Lead,Critical Risk
2025,4,4,4,4,5.72,125.2,1.436,0.0635,0,330263.0,0.851,Cloud Architect,Lead,Critical Risk
2021,4,2,6,6,6.27,115.9,1.086,0.0454,0,249868.0,0.768,BI Developer,Lead,Critical Risk
2022,1,9,4,4,4.92,141.8,1.026,0.061,0,112343.0,0.98,DevOps Engineer,Entry,Critical Risk
2022,2,16,3,3,1.73,122.4,0.56,0.0783,0,83220.0,0.98,Operations Analyst,Mid,Critical Risk
2024,2,10,5,5,4.3,129.3,0.75,0.0445,0,111585.0,0.98,Digital Marketer,Mid,Critical Risk
2022,4,1,6,6,4.85,130.9,0.932,0.0589,0,214441.0,0.98,Accountant,Lead,Critical Risk
2019,2,15,3,3,2.33,97.8,1.002,0.0728,0,148994.0,0.98,Machine Learning Engineer,Mid,Critical Risk
2025,4,4,3,3,8.1,154.2,1.473,0.0635,1,338811.0,0.05,Cloud Architect,Lead,Low Risk
2023,5,12,5,5,4.52,128.9,0.766,0.0709,0,195899.0,0.98,Financial Analyst,Principal,Critical Risk
2020,1,9,5,5,6.22,99.6,1.197,0.061,0,131091.0,0.895,DevOps Engineer,Entry,Critical Risk
2021,4,4,6,6,6.18,120.8,1.457,0.0635,0,335091.0,0.827,Cloud Architect,Lead,Critical Risk
2019,1,0,5,5,4.7,98.9,1.328,0.0761,0,145383.0,0.98,AI Engineer,Entry,Critical Risk
2024,5,11,4,4,7.72,91.0,0.85,-0.0074,0,217440.0,0.495,Excel Analyst,Principal,Moderate Risk
2022,2,13,6,6,5.63,121.3,0.812,0.015,0,120699.0,0.98,HR Analyst,Mid,Critical Risk
2019,2,16,3,3,4.57,96.8,0.675,0.0783,0,100445.0,0.98,Operations Analyst,Mid,Critical Risk
2020,3,9,3,3,3.7,104.1,0.908,0.061,0,176566.0,0.98,DevOps Engineer,Senior,Critical Risk
2024,5,4,6,6,5.53,125.7,1.567,0.0635,0,400800.0,0.98,Cloud Architect,Principal,Critical Risk
2024,3,16,3,3,6.57,118.3,0.861,0.0783,0,167527.0,0.78,Operations Analyst,Senior,Critical Risk
2021,2,15,6,6,5.22,108.7,1.217,0.0728,0,180988.0,0.98,Machine Learning Engineer,Mid,Critical Risk
2024,2,19,6,6,7.87,121.7,1.201,0.0467,0,178608.0,0.441,SEO Specialist,Mid,Moderate Risk
2021,4,6,6,6,5.52,115.3,0.783,0.0674,0,180029.0,0.98,Data Analyst,Lead,Critical Risk
2024,4,14,3,3,3.83,109.7,0.553,0.0167,0,127222.0,0.98,IT Support Specialist,Lead,Critical Risk
2021,5,11,6,6,3.8,97.3,0.602,-0.0074,0,154095.0,0.98,Excel Analyst,Principal,Critical Risk
2023,3,15,3,3,3.93,138.8,1.051,0.0728,0,204410.0,0.98,Machine Learning Engineer,Senior,Critical Risk
2022,2,15,6,6,8.53,112.2,1.786,0.0728,1,265624.0,0.05,Machine Learning Engineer,Mid,Low Risk
2024,3,12,4,4,5.3,148.0,0.925,0.0709,0,179979.0,0.98,Financial Analyst,Senior,Critical Risk
2025,5,3,5,5,5.98,133.0,1.103,0.072,0,282177.0,0.98,Business Analyst,Principal,Critical Risk
2023,5,22,6,6,5.27,116.2,1.232,0.0662,0,315143.0,0.98,Statistician,Principal,Critical Risk
2024,2,4,4,4,5.22,132.9,1.306,0.0635,0,194203.0,0.98,Cloud Architect,Mid,Critical Risk
2019,1,13,5,5,6.98,105.8,0.92,0.015,0,100786.0,0.592,HR Analyst,Entry,High Risk
2025,1,17,3,3,5.07,124.2,1.111,0.0733,0,121623.0,0.609,Product Manager,Entry,High Risk
2022,4,20,5,5,5.74,101.5,0.952,0.0651,0,219012.0,0.98,SQL Developer,Lead,Critical Risk
2021,1,23,6,6,6.43,124.0,1.121,0.0549,0,122724.0,0.98,Supply Chain Analyst,Entry,Critical Risk
2022,2,20,5,5,5.96,118.3,1.109,0.0651,0,164954.0,0.98,SQL Developer,Mid,Critical Risk
2020,4,3,6,6,6.52,110.0,1.065,0.072,0,245017.0,0.98,Business Analyst,Lead,Critical Risk
2020,2,12,3,3,6.67,111.3,0.917,0.0709,0,136378.0,0.616,Financial Analyst,Mid,High Risk
2025,2,18,4,4,5.0,87.7,0.952,0.0194,0,141546.0,0.98,QA Engineer,Mid,Critical Risk
2021,3,9,4,4,5.32,115.5,1.155,0.061,0,224572.0,0.98,DevOps Engineer,Senior,Critical Risk
2019,2,1,4,4,5.05,105.4,0.644,0.0589,0,95767.0,0.98,Accountant,Mid,Critical Risk
2022,1,20,3,3,4.4,98.0,0.608,0.0651,0,66623.0,0.98,SQL Developer,Entry,Critical Risk
2022,2,4,3,3,5.87,121.2,1.211,0.0635,0,180125.0,0.469,Cloud Architect,Mid,Moderate Risk
2023,1,0,4,4,5.12,109.9,1.336,0.0761,0,146261.0,0.98,AI Engineer,Entry,Critical Risk
2025,4,11,4,4,5.2,106.5,0.747,-0.0074,0,171909.0,0.98,Excel Analyst,Lead,Critical Risk
2019,3,9,6,6,7.32,97.5,1.371,0.061,1,266555.0,0.163,DevOps Engineer,Senior,Low Risk
2019,3,6,3,3,5.53,101.2,0.615,0.0674,0,119693.0,0.651,Data Analyst,Senior,High Risk
2024,4,5,3,3,3.6,122.0,0.518,0.0492,0,119242.0,0.98,Content Strategist,Lead,Critical Risk
2019,1,0,4,4,6.62,109.2,1.304,0.0761,0,142751.0,0.127,AI Engineer,Entry,Low Risk
2025,1,13,4,4,8.67,115.5,1.054,0.015,1,115399.0,0.05,HR Analyst,Entry,Low Risk
2023,1,1,3,3,6.57,134.9,0.8,0.0589,0,87634.0,0.98,Accountant,Entry,Critical Risk
2020,3,10,5,5,6.36,118.0,0.955,0.0445,0,185645.0,0.98,Digital Marketer,Senior,Critical Risk
2024,1,15,5,5,6.08,143.1,1.518,0.0728,0,166229.0,0.719,Machine Learning Engineer,Entry,High Risk
2022,5,14,6,6,5.45,116.4,1.0,0.0167,0,255768.0,0.98,IT Support Specialist,Principal,Critical Risk
2023,1,23,3,3,6.57,118.8,0.911,0.0549,0,99738.0,0.97,Supply Chain Analyst,Entry,Critical Risk
2022,4,9,3,3,3.17,135.4,0.924,0.061,0,212659.0,0.98,DevOps Engineer,Lead,Critical Risk
2022,3,11,5,5,6.56,94.4,0.92,-0.0074,0,178991.0,0.98,Excel Analyst,Senior,Critical Risk
2024,2,3,3,3,8.07,149.9,0.863,0.072,1,128408.0,0.109,Business Analyst,Mid,Low Risk
2025,3,0,6,6,6.93,154.1,1.736,0.0761,0,337588.0,0.53,AI Engineer,Senior,High Risk
2020,3,14,4,4,2.97,87.3,0.404,0.0167,0,78497.0,0.98,IT Support Specialist,Senior,Critical Risk
2019,1,18,5,5,4.9,103.9,0.791,0.0194,0,86580.0,0.98,QA Engineer,Entry,Critical Risk
2024,3,21,4,4,8.35,145.3,1.289,0.044,1,250752.0,0.05,Software Developer,Senior,Low Risk
2019,2,3,5,5,6.28,107.5,0.924,0.072,0,137481.0,0.725,Business Analyst,Mid,High Risk
2024,1,21,3,3,6.17,122.0,1.076,0.044,0,117871.0,0.778,Software Developer,Entry,Critical Risk
2021,4,4,6,6,7.7,104.9,1.688,0.0635,1,388386.0,0.05,Cloud Architect,Lead,Low Risk
2019,4,2,6,6,7.12,98.6,1.067,0.0454,0,245365.0,0.57,BI Developer,Lead,High Risk
2021,1,15,3,3,4.17,107.7,1.172,0.0728,0,128294.0,0.98,Machine Learning Engineer,Entry,Critical Risk
2019,2,16,3,3,6.47,104.6,0.776,0.0783,0,115362.0,0.772,Operations Analyst,Mid,Critical Risk
2020,4,6,4,4,6.62,106.7,0.875,0.0674,0,201275.0,0.486,Data Analyst,Lead,Moderate Risk
2019,2,11,5,5,4.84,103.2,0.736,-0.0074,0,109467.0,0.98,Excel Analyst,Mid,Critical Risk
2019,1,6,4,4,3.58,106.6,0.764,0.0674,0,83622.0,0.98,Data Analyst,Entry,Critical Risk
2019,1,14,6,6,5.08,96.6,0.677,0.0167,0,74112.0,0.98,IT Support Specialist,Entry,Critical Risk
2020,2,9,5,5,7.38,105.2,1.33,0.061,1,197792.0,0.261,DevOps Engineer,Mid,Moderate Risk
2022,5,18,3,3,8.1,105.7,0.966,0.0194,1,247195.0,0.345,QA Engineer,Principal,Moderate Risk
2024,2,5,6,6,4.67,127.1,0.816,0.0492,0,121301.0,0.98,Content Strategist,Mid,Critical Risk
2023,3,5,4,4,7.32,111.4,0.93,0.0492,0,180881.0,0.572,Content Strategist,Senior,High Risk
2025,1,22,5,5,6.52,129.9,1.246,0.0662,0,136465.0,0.854,Statistician,Entry,Critical Risk
2020,5,22,6,6,5.82,96.8,1.152,0.0662,0,294698.0,0.98,Statistician,Principal,Critical Risk
2024,3,16,5,5,4.98,151.7,0.864,0.0783,0,167989.0,0.98,Operations Analyst,Senior,Critical Risk
2022,3,19,3,3,8.97,116.7,0.953,0.0467,1,185352.0,0.138,SEO Specialist,Senior,Low Risk
2019,4,5,4,4,5.18,108.4,0.743,0.0492,0,170847.0,0.98,Content Strategist,Lead,Critical Risk
2025,1,4,4,4,4.97,163.4,1.357,0.0635,0,148643.0,0.98,Cloud Architect,Entry,Critical Risk
2019,4,9,5,5,7.8,103.3,1.418,0.061,1,326186.0,0.057,DevOps Engineer,Lead,Low Risk
2025,4,13,5,5,5.32,141.6,0.834,0.015,0,191758.0,0.98,HR Analyst,Lead,Critical Risk
2024,3,16,3,3,4.27,155.0,0.604,0.0783,0,117528.0,0.98,Operations Analyst,Senior,Critical Risk
2025,1,12,5,5,3.46,114.9,0.799,0.0709,0,87553.0,0.98,Financial Analyst,Entry,Critical Risk
2022,3,7,5,5,6.48,130.0,1.462,0.1045,0,284263.0,0.98,Data Engineer,Senior,Critical Risk
2024,3,17,5,5,7.36,108.6,1.453,0.0733,1,282603.0,0.338,Product Manager,Senior,Moderate Risk
2019,1,17,6,6,6.28,98.2,1.254,0.0733,0,137368.0,0.808,Product Manager,Entry,Critical Risk
2022,4,15,4,4,4.72,112.8,1.247,0.0728,0,286828.0,0.98,Machine Learning Engineer,Lead,Critical Risk
2019,3,4,5,5,7.02,99.8,1.418,0.0635,1,275861.0,0.15,Cloud Architect,Senior,Low Risk
2019,5,4,3,3,6.37,93.6,1.269,0.0635,0,324585.0,0.612,Cloud Architect,Principal,High Risk
2022,1,2,4,4,6.15,119.9,0.903,0.0454,0,98909.0,0.81,BI Developer,Entry,Critical Risk
2024,3,19,4,4,7.38,141.7,0.869,0.0467,0,168971.0,0.63,SEO Specialist,Senior,High Risk
2022,1,7,6,6,5.35,110.4,1.32,0.1045,0,144591.0,0.98,Data Engineer,Entry,Critical Risk
2019,2,20,6,6,6.07,102.2,1.018,0.0651,0,151383.0,0.98,SQL Developer,Mid,Critical Risk
2021,5,8,5,5,8.7,108.0,1.531,0.0881,1,391656.0,0.05,Data Scientist,Principal,Low Risk
2022,2,22,3,3,4.17,125.8,0.792,0.0662,0,117805.0,0.98,Statistician,Mid,Critical Risk
2019,3,23,4,4,6.62,103.7,0.791,0.0549,0,153788.0,0.592,Supply Chain Analyst,Senior,High Risk
2022,4,19,6,6,7.52,113.1,1.125,0.0467,0,258698.0,0.497,SEO Specialist,Lead,Moderate Risk
2023,5,12,6,6,6.45,129.9,1.357,0.0709,0,347121.0,0.98,Financial Analyst,Principal,Critical Risk
2024,2,18,5,5,5.8,112.1,1.007,0.0194,0,149768.0,0.98,QA Engineer,Mid,Critical Risk
2023,3,4,3,3,1.93,134.6,1.091,0.0635,0,212175.0,0.98,Cloud Architect,Senior,Critical Risk
2025,1,18,4,4,3.92,108.7,0.81,0.0194,0,88745.0,0.98,QA Engineer,Entry,Critical Risk
2023,4,9,6,6,6.85,128.5,1.501,0.061,0,345161.0,0.447,DevOps Engineer,Lead,Moderate Risk
2023,4,1,5,5,5.84,146.7,0.897,0.0589,0,206225.0,0.98,Accountant,Lead,Critical Risk
2021,3,6,5,5,3.04,107.0,0.662,0.0674,0,128724.0,0.98,Data Analyst,Senior,Critical Risk
2025,2,11,5,5,4.48,93.3,0.716,-0.0074,0,106453.0,0.98,Excel Analyst,Mid,Critical Risk
2022,4,20,5,5,6.28,101.1,1.104,0.0651,0,253964.0,0.891,SQL Developer,Lead,Critical Risk
2024,4,5,3,3,7.1,116.3,0.798,0.0492,0,183465.0,0.734,Content Strategist,Lead,High Risk
2019,1,11,5,5,6.1,101.6,0.792,-0.0074,0,86679.0,0.98,Excel Analyst,Entry,Critical Risk
2022,1,13,5,5,5.72,122.5,0.87,0.015,0,95231.0,0.98,HR Analyst,Entry,Critical Risk
2023,3,9,3,3,8.67,115.9,1.185,0.061,1,230439.0,0.05,DevOps Engineer,Senior,Low Risk
2025,2,12,4,4,6.32,116.7,0.894,0.0709,0,133011.0,0.98,Financial Analyst,Mid,Critical Risk
2025,1,23,4,4,5.38,126.4,0.853,0.0549,0,93387.0,0.98,Supply Chain Analyst,Entry,Critical Risk
2025,3,0,5,5,7.1,143.3,1.617,0.0761,0,314577.0,0.375,AI Engineer,Senior,Moderate Risk
2023,5,21,5,5,4.42,120.3,1.02,0.044,0,260828.0,0.98,Software Developer,Principal,Critical Risk
2019,3,4,5,5,5.96,89.2,1.292,0.0635,0,251215.0,0.98,Cloud Architect,Senior,Critical Risk
2020,5,3,4,4,5.07,120.2,0.745,0.072,0,190530.0,0.98,Business Analyst,Principal,Critical Risk
2021,4,18,4,4,5.32,119.0,0.882,0.0194,0,202790.0,0.98,QA Engineer,Lead,Critical Risk
2024,3,10,4,4,5.32,112.2,0.807,0.0445,0,157008.0,0.98,Digital Marketer,Senior,Critical Risk
2022,3,7,5,5,6.04,123.9,1.388,0.1045,0,269992.0,0.98,Data Engineer,Senior,Critical Risk
2022,3,4,5,5,6.9,138.9,1.517,0.0635,0,295094.0,0.718,Cloud Architect,Senior,High Risk
2023,5,12,4,4,4.97,127.5,0.905,0.0709,0,231509.0,0.98,Financial Analyst,Principal,Critical Risk
2021,1,18,4,4,6.98,97.4,0.944,0.0194,0,103413.0,0.638,QA Engineer,Entry,High Risk
2025,2,16,5,5,7.8,137.7,1.305,0.0783,0,194037.0,0.477,Operations Analyst,Mid,Moderate Risk
2020,5,2,3,3,6.43,103.4,0.796,0.0454,0,203710.0,0.702,BI Developer,Principal,High Risk
2022,4,18,3,3,5.73,109.2,0.737,0.0194,0,169438.0,0.98,QA Engineer,Lead,Critical Risk
2019,5,4,3,3,4.0,95.1,1.109,0.0635,0,283591.0,0.98,Cloud Architect,Principal,Critical Risk
2021,2,0,5,5,8.14,121.8,1.8,0.0761,1,267728.0,0.05,AI Engineer,Mid,Low Risk
2022,5,17,5,5,6.98,117.3,1.369,0.0733,0,350082.0,0.426,Product Manager,Principal,Moderate Risk
2020,4,2,4,4,7.15,109.5,0.931,0.0454,0,214166.0,0.547,BI Developer,Lead,High Risk
2020,3,15,5,5,4.56,103.0,1.114,0.0728,0,216561.0,0.98,Machine Learning Engineer,Senior,Critical Risk
2025,1,6,6,6,6.72,128.0,1.124,0.0674,0,123081.0,0.647,Data Analyst,Entry,High Risk
2024,1,23,3,3,6.0,141.8,0.826,0.0549,0,90485.0,0.822,Supply Chain Analyst,Entry,Critical Risk
2024,4,7,3,3,6.5,115.5,1.27,0.1045,0,292178.0,0.356,Data Engineer,Lead,Moderate Risk
2020,2,1,4,4,7.0,96.6,0.807,0.0589,0,120002.0,0.785,Accountant,Mid,Critical Risk
2023,2,10,4,4,7.32,137.9,1.046,0.0445,0,155597.0,0.623,Digital Marketer,Mid,High Risk
2024,2,10,3,3,6.43,140.7,0.785,0.0445,0,116782.0,0.842,Digital Marketer,Mid,Critical Risk
2022,3,0,3,3,4.6,108.6,1.3,0.0761,0,252897.0,0.98,AI Engineer,Senior,Critical Risk
2021,3,9,3,3,4.17,98.3,0.961,0.061,0,186923.0,0.98,DevOps Engineer,Senior,Critical Risk
2020,2,23,6,6,6.72,105.9,1.175,0.0549,0,174774.0,0.704,Supply Chain Analyst,Mid,High Risk
2022,4,21,6,6,6.33,127.1,1.365,0.044,0,313994.0,0.961,Software Developer,Lead,Critical Risk
2019,1,2,6,6,4.48,111.1,0.89,0.0454,0,97514.0,0.98,BI Developer,Entry,Critical Risk
2021,1,1,6,6,8.52,116.7,1.273,0.0589,1,139356.0,0.05,Accountant,Entry,Low Risk
2019,5,16,4,4,4.97,108.2,0.821,0.0783,0,209998.0,0.98,Operations Analyst,Principal,Critical Risk
2024,1,1,6,6,5.3,154.8,1.001,0.0589,0,109638.0,0.98,Accountant,Entry,Critical Risk
2023,1,1,6,6,6.55,116.6,1.299,0.0589,0,142204.0,0.98,Accountant,Entry,Critical Risk
2021,5,3,6,6,6.28,116.8,1.001,0.072,0,256021.0,0.98,Business Analyst,Principal,Critical Risk
2022,4,8,3,3,3.7,102.7,0.857,0.0881,0,197162.0,0.98,Data Scientist,Lead,Critical Risk
2022,1,18,3,3,4.43,110.8,0.854,0.0194,0,93484.0,0.98,QA Engineer,Entry,Critical Risk
2023,3,13,4,4,5.03,124.4,0.742,0.015,0,144307.0,0.98,HR Analyst,Senior,Critical Risk
2019,4,11,6,6,5.08,108.4,0.785,-0.0074,0,180513.0,0.98,Excel Analyst,Lead,Critical Risk
2024,1,11,5,5,6.86,87.0,0.963,-0.0074,0,105454.0,0.904,Excel Analyst,Entry,Critical Risk
2020,2,10,5,5,5.76,106.8,0.784,0.0445,0,116566.0,0.98,Digital Marketer,Mid,Critical Risk
2025,3,20,3,3,2.17,110.3,0.591,0.0651,0,114996.0,0.98,SQL Developer,Senior,Critical Risk
2025,4,14,4,4,6.68,81.2,0.757,0.0167,0,174128.0,0.883,IT Support Specialist,Lead,Critical Risk
2022,4,12,4,4,5.72,120.7,0.929,0.0709,0,213628.0,0.98,Financial Analyst,Lead,Critical Risk
2023,3,1,6,6,5.08,152.6,0.784,0.0589,0,152553.0,0.98,Accountant,Senior,Critical Risk
2021,2,14,5,5,4.26,110.2,0.626,0.0167,0,93108.0,0.98,IT Support Specialist,Mid,Critical Risk
2023,2,13,5,5,4.62,147.7,0.798,0.015,0,118660.0,0.98,HR Analyst,Mid,Critical Risk
2020,5,5,5,5,4.24,111.0,0.596,0.0492,0,152372.0,0.98,Content Strategist,Principal,Critical Risk
2024,3,19,3,3,8.47,103.5,0.777,0.0467,1,151095.0,0.315,SEO Specialist,Senior,Moderate Risk
2019,3,20,5,5,4.84,89.2,0.869,0.0651,0,168939.0,0.98,SQL Developer,Senior,Critical Risk
2025,1,19,3,3,1.93,156.3,0.502,0.0467,0,54986.0,0.98,SEO Specialist,Entry,Critical Risk
2025,5,11,5,5,5.72,138.9,0.834,-0.0074,0,213262.0,0.98,Excel Analyst,Principal,Critical Risk
2024,5,4,5,5,4.38,152.8,1.328,0.0635,0,339732.0,0.98,Cloud Architect,Principal,Critical Risk
2024,3,16,4,4,5.5,137.4,0.828,0.0783,0,161020.0,0.98,Operations Analyst,Senior,Critical Risk
2024,2,8,3,3,8.27,126.6,1.144,0.0881,1,170125.0,0.05,Data Scientist,Mid,Low Risk
2021,2,7,3,3,6.13,122.7,1.057,0.1045,0,157207.0,0.551,Data Engineer,Mid,High Risk
2019,3,7,5,5,5.54,99.9,1.131,0.1045,0,219929.0,0.644,Data Engineer,Senior,High Risk
2024,5,4,3,3,6.3,133.6,1.489,0.0635,0,380738.0,0.347,Cloud Architect,Principal,Moderate Risk
2023,1,21,4,4,7.35,111.4,1.3,0.044,0,142364.0,0.361,Software Developer,Entry,Moderate Risk
2025,5,1,3,3,6.7,137.8,0.905,0.0589,0,231348.0,0.98,Accountant,Principal,Critical Risk
2024,5,1,5,5,6.46,145.8,1.007,0.0589,0,257458.0,0.821,Accountant,Principal,Critical Risk
2019,3,5,6,6,7.53,90.1,1.069,0.0492,0,207832.0,0.462,Content Strategist,Senior,Moderate Risk
2019,5,2,3,3,4.0,94.0,0.689,0.0454,0,176203.0,0.98,BI Developer,Principal,Critical Risk
2025,4,23,6,6,4.42,119.5,0.982,0.0549,0,225812.0,0.98,Supply Chain Analyst,Lead,Critical Risk
2024,1,4,3,3,6.37,138.6,1.47,0.0635,0,160932.0,0.33,Cloud Architect,Entry,Moderate Risk
2023,3,11,6,6,6.33,113.4,0.863,-0.0074,0,167769.0,0.98,Excel Analyst,Senior,Critical Risk
2023,5,6,3,3,3.97,123.1,0.77,0.0674,0,197049.0,0.98,Data Analyst,Principal,Critical Risk
2023,3,15,3,3,6.3,129.2,1.217,0.0728,0,236680.0,0.603,Machine Learning Engineer,Senior,High Risk
2025,1,23,4,4,4.9,147.1,0.878,0.0549,0,96172.0,0.98,Supply Chain Analyst,Entry,Critical Risk
2023,2,0,3,3,5.4,111.8,1.304,0.0761,0,193871.0,0.869,AI Engineer,Mid,Critical Risk
2019,5,12,3,3,6.67,102.7,0.801,0.0709,0,204749.0,0.566,Financial Analyst,Principal,High Risk
2024,2,9,4,4,5.98,109.7,1.247,0.061,0,185483.0,0.968,DevOps Engineer,Mid,Critical Risk
2019,5,2,6,6,4.93,92.6,1.006,0.0454,0,257368.0,0.98,BI Developer,Principal,Critical Risk
2020,5,17,5,5,5.9,107.7,1.241,0.0733,0,317334.0,0.98,Product Manager,Principal,Critical Risk
2019,3,20,5,5,3.88,106.0,0.692,0.0651,0,134497.0,0.98,SQL Developer,Senior,Critical Risk
2023,3,9,3,3,6.17,112.2,1.143,0.061,0,222287.0,0.419,DevOps Engineer,Senior,Moderate Risk
2024,4,13,4,4,5.15,132.3,0.752,0.015,0,173030.0,0.98,HR Analyst,Lead,Critical Risk
2021,4,0,4,4,4.1,101.5,1.279,0.0761,0,294184.0,0.98,AI Engineer,Lead,Critical Risk
2025,5,7,3,3,6.83,159.6,1.38,0.1045,0,353045.0,0.434,Data Engineer,Principal,Moderate Risk
2024,5,6,4,4,7.88,151.8,1.081,0.0674,1,276549.0,0.05,Data Analyst,Principal,Low Risk
2020,4,9,5,5,8.16,116.4,1.351,0.061,1,310812.0,0.05,DevOps Engineer,Lead,Low Risk
2019,2,23,4,4,5.72,101.5,0.76,0.0549,0,112971.0,0.98,Supply Chain Analyst,Mid,Critical Risk
2020,4,17,4,4,6.7,104.8,1.189,0.0733,0,273418.0,0.582,Product Manager,Lead,High Risk
2020,2,3,6,6,6.03,99.6,0.991,0.072,0,147420.0,0.98,Business Analyst,Mid,Critical Risk
2023,3,13,4,4,5.4,132.3,0.758,0.015,0,147346.0,0.98,HR Analyst,Senior,Critical Risk
2025,5,8,4,4,6.88,159.2,1.254,0.0881,0,320738.0,0.47,Data Scientist,Principal,Moderate Risk
2022,5,10,4,4,8.7,116.2,1.132,0.0445,1,289479.0,0.05,Digital Marketer,Principal,Low Risk
2021,2,20,5,5,3.72,102.2,0.749,0.0651,0,111358.0,0.98,SQL Developer,Mid,Critical Risk
2025,1,4,6,6,6.72,119.5,1.731,0.0635,0,189555.0,0.747,Cloud Architect,Entry,High Risk
2020,5,12,3,3,7.23,102.4,0.945,0.0709,0,241821.0,0.385,Financial Analyst,Principal,Moderate Risk
2020,4,5,3,3,2.4,107.1,0.478,0.0492,0,109909.0,0.98,Content Strategist,Lead,Critical Risk
2019,4,20,6,6,6.82,104.6,1.085,0.0651,0,249525.0,0.721,SQL Developer,Lead,High Risk
2020,5,1,5,5,6.26,113.4,0.885,0.0589,0,226297.0,0.98,Accountant,Principal,Critical Risk
2020,1,15,6,6,6.78,116.4,1.571,0.0728,0,172048.0,0.631,Machine Learning Engineer,Entry,High Risk
2023,5,3,3,3,6.03,138.9,0.817,0.072,0,209045.0,0.775,Business Analyst,Principal,Critical Risk
2023,4,6,5,5,5.6,111.7,0.843,0.0674,0,193915.0,0.98,Data Analyst,Lead,Critical Risk
2025,4,10,3,3,8.2,142.2,0.871,0.0445,1,200316.0,0.302,Digital Marketer,Lead,Moderate Risk
2020,3,8,6,6,5.17,104.9,1.162,0.0881,0,225939.0,0.98,Data Scientist,Senior,Critical Risk
2019,1,5,5,5,7.22,98.8,0.917,0.0492,0,100414.0,0.738,Content Strategist,Entry,High Risk
2021,4,19,5,5,5.56,118.7,0.689,0.0467,0,158580.0,0.98,SEO Specialist,Lead,Critical Risk
2023,2,10,6,6,6.55,138.3,1.039,0.0445,0,154564.0,0.915,Digital Marketer,Mid,Critical Risk
2025,1,23,4,4,8.22,155.9,0.98,0.0549,1,107365.0,0.102,Supply Chain Analyst,Entry,Low Risk
2025,5,19,6,6,6.18,173.7,1.123,0.0467,0,287156.0,0.98,SEO Specialist,Principal,Critical Risk
2022,1,8,5,5,6.22,142.4,1.275,0.0881,0,139587.0,0.724,Data Scientist,Entry,High Risk
2022,5,1,3,3,4.93,128.0,0.757,0.0589,0,193736.0,0.98,Accountant,Principal,Critical Risk
2022,2,6,4,4,5.35,123.4,0.765,0.0674,0,113746.0,0.98,Data Analyst,Mid,Critical Risk
2020,2,1,4,4,7.4,111.3,1.036,0.0589,0,154048.0,0.855,Accountant,Mid,Critical Risk
2025,3,21,4,4,5.28,111.9,1.025,0.044,0,199441.0,0.98,Software Developer,Senior,Critical Risk
2019,3,19,5,5,6.26,108.3,0.77,0.0467,0,149847.0,0.98,SEO Specialist,Senior,Critical Risk
2022,5,21,4,4,7.8,110.4,1.188,0.044,1,303833.0,0.05,Software Developer,Principal,Low Risk
2021,1,4,5,5,5.56,118.7,1.284,0.0635,0,140645.0,0.832,Cloud Architect,Entry,Critical Risk
2025,4,4,3,3,8.17,119.3,1.488,0.0635,1,342313.0,0.05,Cloud Architect,Lead,Low Risk
2024,2,11,5,5,5.68,93.7,0.737,-0.0074,0,109645.0,0.98,Excel Analyst,Mid,Critical Risk
2021,4,8,4,4,8.5,120.0,1.278,0.0881,1,294017.0,0.05,Data Scientist,Lead,Low Risk
2021,2,2,4,4,4.9,109.3,0.898,0.0454,0,133584.0,0.98,BI Developer,Mid,Critical Risk
2020,5,11,3,3,6.7,97.8,0.801,-0.0074,0,204845.0,0.952,Excel Analyst,Principal,Critical Risk
2022,1,1,6,6,6.65,118.0,1.013,0.0589,0,110890.0,0.973,Accountant,Entry,Critical Risk
2025,3,5,4,4,6.6,141.6,0.927,0.0492,0,180230.0,0.563,Content Strategist,Senior,High Risk
2023,5,3,4,4,6.58,136.7,0.959,0.072,0,245310.0,0.74,Business Analyst,Principal,High Risk
2024,1,6,3,3,6.97,156.1,0.972,0.0674,0,106448.0,0.576,Data Analyst,Entry,High Risk
2020,3,19,6,6,7.65,100.0,1.096,0.0467,0,213094.0,0.378,SEO Specialist,Senior,Moderate Risk
2024,3,9,6,6,5.88,148.4,1.376,0.061,0,267620.0,0.98,DevOps Engineer,Senior,Critical Risk
2024,2,22,6,6,5.17,150.7,1.094,0.0662,0,162669.0,0.98,Statistician,Mid,Critical Risk
2020,4,18,5,5,6.5,104.6,1.02,0.0194,0,234578.0,0.571,QA Engineer,Lead,High Risk
2019,1,21,4,4,5.0,99.6,0.902,0.044,0,98790.0,0.98,Software Developer,Entry,Critical Risk
2024,3,4,5,5,7.22,147.1,1.584,0.0635,0,307978.0,0.67,Cloud Architect,Senior,High Risk
2023,5,20,4,4,7.35,121.0,1.102,0.0651,0,281979.0,0.676,SQL Developer,Principal,High Risk
2022,4,17,5,5,5.72,120.4,1.277,0.0733,0,293671.0,0.98,Product Manager,Lead,Critical Risk
2021,5,18,3,3,9.3,108.0,1.205,0.0194,1,308098.0,0.05,QA Engineer,Principal,Low Risk
2021,3,13,6,6,5.42,108.8,0.864,0.015,0,168103.0,0.98,HR Analyst,Senior,Critical Risk
2022,2,18,4,4,5.15,120.8,0.847,0.0194,0,125941.0,0.98,QA Engineer,Mid,Critical Risk
2024,1,17,6,6,7.08,103.3,1.596,0.0733,0,174761.0,0.551,Product Manager,Entry,High Risk
2022,1,5,4,4,6.85,107.0,0.9,0.0492,0,98511.0,0.769,Content Strategist,Entry,Critical Risk
2024,4,0,4,4,7.45,161.9,1.533,0.0761,1,352698.0,0.244,AI Engineer,Lead,Low Risk
2021,4,10,6,6,5.52,110.1,0.924,0.0445,0,212557.0,0.98,Digital Marketer,Lead,Critical Risk
2024,5,13,5,5,6.5,116.0,0.967,0.015,0,247368.0,0.565,HR Analyst,Principal,High Risk
2021,4,9,5,5,4.62,106.2,1.06,0.061,0,243886.0,0.98,DevOps Engineer,Lead,Critical Risk
2021,5,10,6,6,5.35,104.5,0.838,0.0445,0,214441.0,0.98,Digital Marketer,Principal,Critical Risk
2019,3,19,6,6,5.18,104.6,0.753,0.0467,0,146417.0,0.98,SEO Specialist,Senior,Critical Risk
2022,3,11,4,4,3.47,113.9,0.518,-0.0074,0,100796.0,0.98,Excel Analyst,Senior,Critical Risk
2024,3,22,6,6,9.07,129.7,1.699,0.0662,1,330418.0,0.05,Statistician,Senior,Low Risk
2023,3,14,4,4,9.1,125.4,1.067,0.0167,1,207480.0,0.062,IT Support Specialist,Senior,Low Risk
2019,1,2,4,4,5.2,92.2,0.784,0.0454,0,85834.0,0.98,BI Developer,Entry,Critical Risk
2020,4,6,6,6,6.27,102.7,0.955,0.0674,0,219779.0,0.899,Data Analyst,Lead,Critical Risk
2019,1,4,5,5,6.5,102.3,1.342,0.0635,0,146967.0,0.409,Cloud Architect,Entry,Moderate Risk
2025,4,22,4,4,6.35,162.1,0.941,0.0662,0,216395.0,0.752,Statistician,Lead,Critical Risk
2019,4,20,4,4,6.55,101.0,0.783,0.0651,0,180002.0,0.706,SQL Developer,Lead,High Risk
2020,1,13,3,3,5.67,105.3,0.712,0.015,0,78005.0,0.98,HR Analyst,Entry,Critical Risk
2021,2,3,6,6,8.1,112.8,1.356,0.072,1,201644.0,0.05,Business Analyst,Mid,Low Risk
2020,1,6,4,4,7.12,104.0,0.938,0.0674,0,102714.0,0.58,Data Analyst,Entry,High Risk
2019,5,23,3,3,6.43,102.2,0.795,0.0549,0,203439.0,0.722,Supply Chain Analyst,Principal,High Risk
2025,2,15,5,5,4.06,155.3,1.322,0.0728,0,196569.0,0.98,Machine Learning Engineer,Mid,Critical Risk
2022,2,17,5,5,7.18,127.3,1.401,0.0733,1,208420.0,0.337,Product Manager,Mid,Moderate Risk
2023,5,0,4,4,6.7,133.6,1.526,0.0761,0,390379.0,0.275,AI Engineer,Principal,Moderate Risk
2025,5,1,4,4,7.0,142.1,0.95,0.0589,0,243100.0,0.926,Accountant,Principal,Critical Risk
2022,5,6,3,3,4.3,137.4,0.7,0.0674,0,179058.0,0.98,Data Analyst,Principal,Critical Risk
2020,1,4,4,4,4.82,106.1,1.169,0.0635,0,128074.0,0.98,Cloud Architect,Entry,Critical Risk
2023,3,0,3,3,6.3,110.3,1.287,0.0761,0,250299.0,0.576,AI Engineer,Senior,High Risk
2025,2,7,3,3,8.3,115.4,1.293,0.1045,1,192297.0,0.106,Data Engineer,Mid,Low Risk
2024,4,21,5,5,6.3,119.3,1.253,0.044,0,288319.0,0.882,Software Developer,Lead,Critical Risk
2020,4,13,3,3,5.93,116.0,0.652,0.015,0,149908.0,0.722,HR Analyst,Lead,High Risk
2022,1,9,3,3,4.77,120.5,1.041,0.061,0,113968.0,0.98,DevOps Engineer,Entry,Critical Risk
2020,1,5,6,6,5.2,108.6,0.727,0.0492,0,79635.0,0.98,Content Strategist,Entry,Critical Risk
2020,5,19,5,5,5.64,99.4,0.749,0.0467,0,191531.0,0.98,SEO Specialist,Principal,Critical Risk
2020,4,19,4,4,6.5,109.4,0.673,0.0467,0,154862.0,0.846,SEO Specialist,Lead,Critical Risk
2023,3,4,5,5,5.92,125.1,1.306,0.0635,0,253951.0,0.721,Cloud Architect,Senior,High Risk
2023,3,17,6,6,6.75,108.8,1.443,0.0733,0,280582.0,0.578,Product Manager,Senior,High Risk
2020,1,0,4,4,5.3,112.5,1.377,0.0761,0,150817.0,0.98,AI Engineer,Entry,Critical Risk
2024,5,22,4,4,8.8,116.9,1.313,0.0662,1,335900.0,0.05,Statistician,Principal,Low Risk
2021,5,9,5,5,6.12,128.3,1.327,0.061,0,339458.0,0.556,DevOps Engineer,Principal,High Risk
2020,1,17,4,4,3.92,111.2,0.939,0.0733,0,102835.0,0.98,Product Manager,Entry,Critical Risk
2019,3,1,6,6,6.95,98.5,1.117,0.0589,0,217284.0,0.98,Accountant,Senior,Critical Risk
2022,1,18,3,3,3.67,87.6,0.67,0.0194,0,73404.0,0.98,QA Engineer,Entry,Critical Risk
2023,3,3,4,4,6.75,113.5,0.959,0.072,0,186594.0,0.64,Business Analyst,Senior,High Risk
2024,4,17,3,3,8.47,155.8,1.159,0.0733,1,266646.0,0.05,Product Manager,Lead,Low Risk
2020,3,7,3,3,7.37,100.3,1.055,0.1045,1,205090.0,0.05,Data Engineer,Senior,Low Risk
2023,2,18,4,4,4.97,94.6,0.79,0.0194,0,117503.0,0.98,QA Engineer,Mid,Critical Risk
2023,5,17,3,3,5.97,116.3,1.1,0.0733,0,281305.0,0.748,Product Manager,Principal,High Risk
2023,1,8,5,5,6.18,115.1,1.369,0.0881,0,149976.0,0.98,Data Scientist,Entry,Critical Risk
2021,3,2,4,4,7.1,105.8,0.987,0.0454,0,191881.0,0.68,BI Developer,Senior,High Risk
2021,1,7,4,4,3.88,115.9,1.043,0.1045,0,114237.0,0.98,Data Engineer,Entry,Critical Risk
2019,1,4,6,6,6.1,105.9,1.439,0.0635,0,157621.0,0.555,Cloud Architect,Entry,High Risk
2023,5,22,4,4,5.12,132.7,0.897,0.0662,0,229336.0,0.98,Statistician,Principal,Critical Risk
2024,1,5,3,3,6.33,142.5,0.766,0.0492,0,83924.0,0.633,Content Strategist,Entry,High Risk
2021,4,3,6,6,5.07,105.0,1.02,0.072,0,234647.0,0.98,Business Analyst,Lead,Critical Risk
2025,4,13,3,3,5.8,144.4,0.809,0.015,0,186162.0,0.98,HR Analyst,Lead,Critical Risk
2019,2,2,3,3,8.57,101.8,0.938,0.0454,1,139569.0,0.05,BI Developer,Mid,Low Risk
2022,2,21,5,5,7.22,119.8,1.281,0.044,0,190570.0,0.584,Software Developer,Mid,High Risk
2019,3,13,5,5,7.1,103.4,0.883,0.015,0,171699.0,0.643,HR Analyst,Senior,High Risk
2024,5,21,6,6,6.73,121.6,1.399,0.044,0,357799.0,0.681,Software Developer,Principal,High Risk
2023,2,7,4,4,5.2,125.3,1.232,0.1045,0,183185.0,0.98,Data Engineer,Mid,Critical Risk
2023,4,7,4,4,6.7,112.3,1.353,0.1045,0,311137.0,0.344,Data Engineer,Lead,Moderate Risk
2021,1,7,6,6,4.98,110.6,1.263,0.1045,0,138291.0,0.98,Data Engineer,Entry,Critical Risk
2020,2,15,5,5,5.16,104.3,1.16,0.0728,0,172585.0,0.98,Machine Learning Engineer,Mid,Critical Risk
2024,2,10,6,6,6.18,129.0,1.057,0.0445,0,157256.0,0.98,Digital Marketer,Mid,Critical Risk
2020,2,20,3,3,8.07,108.5,0.864,0.0651,1,128429.0,0.219,SQL Developer,Mid,Low Risk
2020,1,20,6,6,7.0,103.6,1.021,0.0651,0,111767.0,0.67,SQL Developer,Entry,High Risk
2023,4,17,3,3,8.17,124.8,1.175,0.0733,1,270200.0,0.05,Product Manager,Lead,Low Risk
2019,5,11,3,3,7.3,94.7,0.621,-0.0074,0,158799.0,0.482,Excel Analyst,Principal,Moderate Risk
2019,3,20,5,5,6.34,108.6,0.908,0.0651,0,176660.0,0.98,SQL Developer,Senior,Critical Risk
2023,5,3,6,6,6.92,145.9,1.322,0.072,0,338057.0,0.565,Business Analyst,Principal,High Risk
2024,2,19,5,5,6.38,156.0,0.947,0.0467,0,140809.0,0.98,SEO Specialist,Mid,Critical Risk
2022,3,8,3,3,6.63,120.4,1.178,0.0881,0,229174.0,0.46,Data Scientist,Senior,Moderate Risk
2021,5,8,4,4,6.38,110.8,1.128,0.0881,0,288505.0,0.469,Data Scientist,Principal,Moderate Risk
2021,2,12,4,4,5.28,112.7,0.786,0.0709,0,116954.0,0.98,Financial Analyst,Mid,Critical Risk
2024,3,14,4,4,5.62,102.4,0.705,0.0167,0,137030.0,0.98,IT Support Specialist,Senior,Critical Risk
2022,4,10,6,6,6.22,126.5,0.883,0.0445,0,203012.0,0.98,Digital Marketer,Lead,Critical Risk
2019,5,1,5,5,4.46,92.0,0.665,0.0589,0,170210.0,0.98,Accountant,Principal,Critical Risk
2020,3,3,3,3,2.83,118.9,0.535,0.072,0,104037.0,0.98,Business Analyst,Senior,Critical Risk
2021,1,8,4,4,5.98,120.0,1.161,0.0881,0,127089.0,0.834,Data Scientist,Entry,Critical Risk
2024,5,1,6,6,7.12,123.0,1.323,0.0589,0,338393.0,0.826,Accountant,Principal,Critical Risk
2022,4,8,5,5,5.58,107.6,1.189,0.0881,0,273404.0,0.98,Data Scientist,Lead,Critical Risk
2023,5,18,3,3,4.9,125.0,0.816,0.0194,0,208801.0,0.98,QA Engineer,Principal,Critical Risk
2023,4,8,6,6,5.38,121.7,1.238,0.0881,0,284682.0,0.98,Data Scientist,Lead,Critical Risk
2020,5,1,6,6,5.22,105.3,0.89,0.0589,0,227713.0,0.98,Accountant,Principal,Critical Risk
2020,1,6,3,3,3.9,106.2,0.551,0.0674,0,60362.0,0.98,Data Analyst,Entry,Critical Risk
2022,1,18,4,4,5.25,90.1,0.865,0.0194,0,94717.0,0.98,QA Engineer,Entry,Critical Risk
2025,3,8,5,5,6.24,135.8,1.344,0.0881,0,261452.0,0.98,Data Scientist,Senior,Critical Risk
2024,5,12,4,4,5.35,154.2,0.93,0.0709,0,237990.0,0.98,Financial Analyst,Principal,Critical Risk
2025,2,3,6,6,6.9,162.2,1.129,0.072,0,167944.0,0.842,Business Analyst,Mid,Critical Risk
2021,3,12,3,3,4.67,107.1,0.733,0.0709,0,142593.0,0.98,Financial Analyst,Senior,Critical Risk
2025,1,9,3,3,6.0,136.1,1.089,0.061,0,119218.0,0.766,DevOps Engineer,Entry,Critical Risk
2020,5,12,3,3,1.4,97.2,0.604,0.0709,0,154470.0,0.98,Financial Analyst,Principal,Critical Risk
2025,1,4,3,3,8.27,139.8,1.514,0.0635,1,165762.0,0.05,Cloud Architect,Entry,Low Risk
2021,5,20,3,3,6.6,108.2,0.977,0.0651,0,249981.0,0.517,SQL Developer,Principal,High Risk
2019,5,14,4,4,6.78,96.4,0.729,0.0167,0,186344.0,0.725,IT Support Specialist,Principal,High Risk
2021,2,4,4,4,6.95,111.1,1.338,0.0635,0,198969.0,0.3,Cloud Architect,Mid,Moderate Risk
2025,1,5,3,3,1.93,161.1,0.504,0.0492,0,55153.0,0.98,Content Strategist,Entry,Critical Risk
2021,1,14,5,5,5.1,106.4,0.698,0.0167,0,76443.0,0.98,IT Support Specialist,Entry,Critical Risk
2021,2,20,5,5,5.74,97.1,0.958,0.0651,0,142504.0,0.98,SQL Developer,Mid,Critical Risk
2021,1,15,3,3,8.03,119.8,1.32,0.0728,1,144503.0,0.05,Machine Learning Engineer,Entry,Low Risk
2021,3,7,4,4,7.55,116.6,1.369,0.1045,1,266245.0,0.112,Data Engineer,Senior,Low Risk
2019,1,7,3,3,8.7,99.8,1.187,0.1045,1,130031.0,0.05,Data Engineer,Entry,Low Risk
2020,5,16,5,5,6.32,100.2,0.963,0.0783,0,246189.0,0.98,Operations Analyst,Principal,Critical Risk
2025,1,19,4,4,3.78,140.9,0.707,0.0467,0,77468.0,0.98,SEO Specialist,Entry,Critical Risk
2022,4,0,4,4,5.15,129.1,1.318,0.0761,0,303117.0,0.98,AI Engineer,Lead,Critical Risk
2022,3,2,6,6,7.5,116.6,1.383,0.0454,1,268974.0,0.168,BI Developer,Senior,Low Risk
2020,3,0,4,4,6.85,113.7,1.344,0.0761,0,261385.0,0.369,AI Engineer,Senior,Moderate Risk
2019,5,4,6,6,5.32,107.0,1.244,0.0635,0,318202.0,0.98,Cloud Architect,Principal,Critical Risk
2022,1,21,6,6,4.97,114.4,1.097,0.044,0,120090.0,0.98,Software Developer,Entry,Critical Risk
2024,1,23,3,3,4.63,130.2,0.66,0.0549,0,72312.0,0.98,Supply Chain Analyst,Entry,Critical Risk
2019,2,14,3,3,4.6,91.7,0.469,0.0167,0,69757.0,0.98,IT Support Specialist,Mid,Critical Risk
2025,3,21,3,3,6.73,159.8,1.114,0.044,0,216705.0,0.744,Software Developer,Senior,High Risk
2025,1,13,6,6,6.2,122.7,0.867,0.015,0,94977.0,0.947,HR Analyst,Entry,Critical Risk
2024,3,4,6,6,5.92,165.9,1.583,0.0635,0,307778.0,0.98,Cloud Architect,Senior,Critical Risk
2022,3,7,3,3,5.83,129.6,1.081,0.1045,0,210314.0,0.578,Data Engineer,Senior,High Risk
2021,3,15,6,6,4.05,116.5,1.146,0.0728,0,222950.0,0.98,Machine Learning Engineer,Senior,Critical Risk
2022,5,18,6,6,8.02,92.7,1.265,0.0194,1,323482.0,0.098,QA Engineer,Principal,Low Risk
2025,2,23,3,3,6.47,151.2,0.865,0.0549,0,128667.0,0.918,Supply Chain Analyst,Mid,Critical Risk
2022,4,23,4,4,2.88,119.6,0.632,0.0549,0,145417.0,0.98,Supply Chain Analyst,Lead,Critical Risk
2025,5,16,4,4,7.45,159.0,0.905,0.0783,1,231466.0,0.31,Operations Analyst,Principal,Moderate Risk
2022,2,9,3,3,3.97,126.1,0.921,0.061,0,137051.0,0.98,DevOps Engineer,Mid,Critical Risk
2024,3,5,5,5,6.26,118.5,0.915,0.0492,0,177862.0,0.953,Content Strategist,Senior,Critical Risk
2022,1,16,5,5,7.14,118.5,0.999,0.0783,0,109381.0,0.556,Operations Analyst,Entry,High Risk
2024,1,23,5,5,5.96,110.0,1.063,0.0549,0,116396.0,0.98,Supply Chain Analyst,Entry,Critical Risk
2022,4,5,6,6,6.98,121.2,1.201,0.0492,0,276336.0,0.588,Content Strategist,Lead,High Risk
2023,3,17,3,3,4.13,123.4,0.91,0.0733,0,177070.0,0.98,Product Manager,Senior,Critical Risk
2019,3,23,5,5,6.82,102.5,1.033,0.0549,0,200956.0,0.829,Supply Chain Analyst,Senior,Critical Risk
2021,5,7,5,5,6.6,118.3,1.384,0.1045,0,353874.0,0.654,Data Engineer,Principal,High Risk
2024,4,7,5,5,5.7,147.6,1.34,0.1045,0,308155.0,0.85,Data Engineer,Lead,Critical Risk
2025,3,3,4,4,5.05,152.9,0.691,0.072,0,134371.0,0.98,Business Analyst,Senior,Critical Risk
2020,4,23,5,5,4.82,98.6,0.831,0.0549,0,191051.0,0.98,Supply Chain Analyst,Lead,Critical Risk
2020,4,14,6,6,4.75,109.6,0.536,0.0167,0,123186.0,0.98,IT Support Specialist,Lead,Critical Risk
2022,2,22,3,3,6.03,119.9,0.958,0.0662,0,142554.0,0.408,Statistician,Mid,Moderate Risk
2021,1,5,5,5,4.24,123.9,0.633,0.0492,0,69335.0,0.98,Content Strategist,Entry,Critical Risk
2021,3,15,6,6,3.12,118.1,1.049,0.0728,0,204060.0,0.98,Machine Learning Engineer,Senior,Critical Risk
2020,3,5,3,3,4.73,104.2,0.59,0.0492,0,114693.0,0.98,Content Strategist,Senior,Critical Risk
2022,5,15,5,5,7.28,105.3,1.543,0.0728,1,394716.0,0.233,Machine Learning Engineer,Principal,Low Risk
2023,1,8,3,3,6.63,144.1,1.237,0.0881,0,135520.0,0.449,Data Scientist,Entry,Moderate Risk
2020,5,21,4,4,6.75,111.1,1.118,0.044,0,285828.0,0.589,Software Developer,Principal,High Risk
2024,3,14,5,5,7.7,99.6,1.135,0.0167,0,220747.0,0.673,IT Support Specialist,Senior,High Risk
2021,3,3,6,6,7.52,123.8,1.162,0.072,1,226051.0,0.172,Business Analyst,Senior,Low Risk
2019,5,7,3,3,5.83,105.3,1.007,0.1045,0,257521.0,0.694,Data Engineer,Principal,High Risk
2019,5,8,3,3,5.87,101.4,0.997,0.0881,0,254916.0,0.738,Data Scientist,Principal,High Risk
2019,4,23,5,5,5.98,102.8,0.79,0.0549,0,181630.0,0.919,Supply Chain Analyst,Lead,Critical Risk
2022,4,10,4,4,5.38,128.6,0.676,0.0445,0,155409.0,0.98,Digital Marketer,Lead,Critical Risk
2019,5,12,5,5,7.34,103.0,1.143,0.0709,0,292425.0,0.574,Financial Analyst,Principal,High Risk
2021,4,8,4,4,6.38,108.8,1.001,0.0881,0,230236.0,0.52,Data Scientist,Lead,High Risk
2024,1,21,3,3,3.77,125.1,0.889,0.044,0,97359.0,0.98,Software Developer,Entry,Critical Risk
2019,1,20,6,6,5.85,102.0,1.036,0.0651,0,113487.0,0.98,SQL Developer,Entry,Critical Risk
2025,1,14,3,3,4.13,81.4,0.609,0.0167,0,66729.0,0.98,IT Support Specialist,Entry,Critical Risk
2019,5,20,4,4,5.78,102.6,0.882,0.0651,0,225711.0,0.98,SQL Developer,Principal,Critical Risk
2020,1,10,3,3,3.87,100.1,0.591,0.0445,0,64741.0,0.98,Digital Marketer,Entry,Critical Risk
2020,1,13,6,6,6.07,110.7,1.059,0.015,0,115934.0,0.98,HR Analyst,Entry,Critical Risk
2025,2,1,6,6,3.82,121.0,0.848,0.0589,0,126119.0,0.98,Accountant,Mid,Critical Risk
2024,5,12,4,4,6.2,122.4,1.106,0.0709,0,282775.0,0.98,Financial Analyst,Principal,Critical Risk
2019,2,22,5,5,7.14,96.6,1.02,0.0662,1,151684.0,0.138,Statistician,Mid,Low Risk
2019,5,13,3,3,8.57,98.5,0.849,0.015,1,217077.0,0.05,HR Analyst,Principal,Low Risk
2019,5,16,6,6,5.27,100.0,0.864,0.0783,0,220931.0,0.98,Operations Analyst,Principal,Critical Risk
2022,2,11,4,4,5.28,114.5,0.684,-0.0074,0,101802.0,0.98,Excel Analyst,Mid,Critical Risk
2025,3,0,4,4,7.05,129.9,1.465,0.0761,1,284982.0,0.327,AI Engineer,Senior,Moderate Risk
2025,5,19,4,4,8.78,158.8,1.123,0.0467,1,287170.0,0.205,SEO Specialist,Principal,Low Risk
2024,4,10,3,3,6.7,127.4,0.843,0.0445,0,193977.0,0.855,Digital Marketer,Lead,Critical Risk
2022,3,22,3,3,6.9,135.1,0.96,0.0662,0,186658.0,0.447,Statistician,Senior,Moderate Risk
2020,1,2,3,3,6.53,91.4,0.961,0.0454,0,105203.0,0.606,BI Developer,Entry,High Risk
2023,4,4,4,4,7.08,118.1,1.486,0.0635,0,341919.0,0.524,Cloud Architect,Lead,High Risk
2024,2,18,3,3,6.8,133.6,0.915,0.0194,0,136048.0,0.65,QA Engineer,Mid,High Risk
2020,5,20,6,6,6.27,103.1,1.031,0.0651,0,263579.0,0.98,SQL Developer,Principal,Critical Risk
2021,3,20,3,3,8.6,113.0,1.003,0.0651,1,195036.0,0.223,SQL Developer,Senior,Low Risk
2022,2,18,5,5,3.76,111.3,0.836,0.0194,0,124305.0,0.98,QA Engineer,Mid,Critical Risk
2025,1,11,6,6,6.02,80.2,0.87,-0.0074,0,95282.0,0.98,Excel Analyst,Entry,Critical Risk
2022,2,17,6,6,5.32,124.1,1.248,0.0733,0,185661.0,0.98,Product Manager,Mid,Critical Risk
2019,4,3,6,6,6.87,98.4,0.937,0.072,0,215451.0,0.51,Business Analyst,Lead,High Risk
2019,1,19,4,4,7.05,95.7,0.808,0.0467,0,88525.0,0.945,SEO Specialist,Entry,Critical Risk
2019,3,10,3,3,6.1,93.3,0.615,0.0445,0,119559.0,0.951,Digital Marketer,Senior,Critical Risk
2022,3,2,3,3,6.1,126.3,0.823,0.0454,0,160109.0,0.741,BI Developer,Senior,High Risk
2021,3,18,4,4,3.78,115.9,0.81,0.0194,0,157605.0,0.98,QA Engineer,Senior,Critical Risk
2024,5,3,3,3,8.07,140.4,0.904,0.072,1,231175.0,0.137,Business Analyst,Principal,Low Risk
2021,2,9,4,4,8.12,94.1,1.28,0.061,1,190326.0,0.05,DevOps Engineer,Mid,Low Risk
2022,5,17,5,5,6.98,118.9,1.348,0.0733,0,344726.0,0.508,Product Manager,Principal,High Risk
2019,3,9,3,3,5.23,100.4,0.917,0.061,0,178376.0,0.697,DevOps Engineer,Senior,High Risk
2023,4,0,3,3,8.4,109.6,1.468,0.0761,1,337724.0,0.05,AI Engineer,Lead,Low Risk
2020,1,0,5,5,5.58,103.3,1.422,0.0761,0,155675.0,0.98,AI Engineer,Entry,Critical Risk
2024,3,6,4,4,7.98,149.9,0.917,0.0674,1,178367.0,0.125,Data Analyst,Senior,Low Risk
2019,2,0,4,4,5.35,97.2,1.185,0.0761,0,176280.0,0.98,AI Engineer,Mid,Critical Risk
2021,3,13,6,6,6.98,119.0,1.007,0.015,0,195916.0,0.765,HR Analyst,Senior,Critical Risk
2020,3,10,4,4,8.95,109.8,0.999,0.0445,1,194277.0,0.05,Digital Marketer,Senior,Low Risk
2020,5,16,4,4,2.0,97.8,0.565,0.0783,0,144489.0,0.98,Operations Analyst,Principal,Critical Risk
2020,1,15,4,4,8.65,107.4,1.56,0.0728,1,170861.0,0.05,Machine Learning Engineer,Entry,Low Risk
2024,3,3,5,5,8.44,160.1,1.209,0.072,1,235221.0,0.05,Business Analyst,Senior,Low Risk
2022,2,10,4,4,6.45,111.6,0.764,0.0445,0,113682.0,0.718,Digital Marketer,Mid,High Risk
2024,4,0,4,4,3.62,135.1,1.241,0.0761,0,285499.0,0.98,AI Engineer,Lead,Critical Risk
2019,4,17,3,3,8.67,98.4,1.072,0.0733,1,246596.0,0.05,Product Manager,Lead,Low Risk
2020,3,14,3,3,4.27,102.0,0.502,0.0167,0,97623.0,0.98,IT Support Specialist,Senior,Critical Risk
2020,2,22,6,6,6.0,110.6,1.066,0.0662,0,158567.0,0.98,Statistician,Mid,Critical Risk
2023,5,1,6,6,6.15,103.5,0.977,0.0589,0,249883.0,0.98,Accountant,Principal,Critical Risk
2021,3,9,3,3,6.1,130.9,0.92,0.061,0,178970.0,0.604,DevOps Engineer,Senior,High Risk
2022,3,14,6,6,4.68,95.9,0.793,0.0167,0,154154.0,0.98,IT Support Specialist,Senior,Critical Risk
2022,3,5,6,6,6.15,105.3,0.999,0.0492,0,194364.0,0.98,Content Strategist,Senior,Critical Risk
2022,5,16,4,4,6.58,124.3,0.85,0.0783,0,217454.0,0.756,Operations Analyst,Principal,Critical Risk
2025,5,0,6,6,6.42,133.4,1.793,0.0761,0,458627.0,0.711,AI Engineer,Principal,High Risk
2024,4,13,6,6,6.33,113.1,1.055,0.015,0,242724.0,0.98,HR Analyst,Lead,Critical Risk
2021,1,10,6,6,5.05,117.3,0.77,0.0445,0,84378.0,0.98,Digital Marketer,Entry,Critical Risk
2025,3,15,3,3,6.3,147.2,1.377,0.0728,0,267742.0,0.785,Machine Learning Engineer,Senior,Critical Risk
2020,4,4,4,4,8.62,107.2,1.489,0.0635,1,342447.0,0.05,Cloud Architect,Lead,Low Risk
2021,3,3,3,3,6.13,112.4,0.761,0.072,0,148044.0,0.782,Business Analyst,Senior,Critical Risk
2025,5,15,5,5,3.24,129.2,1.325,0.0728,0,338963.0,0.98,Machine Learning Engineer,Principal,Critical Risk
2024,3,16,5,5,7.62,129.8,1.137,0.0783,0,221101.0,0.526,Operations Analyst,Senior,High Risk
2022,3,18,4,4,6.98,94.8,0.905,0.0194,0,176072.0,0.887,QA Engineer,Senior,Critical Risk
2023,5,1,3,3,8.17,115.5,0.88,0.0589,0,225121.0,0.458,Accountant,Principal,Moderate Risk
2020,4,6,5,5,6.0,112.1,0.784,0.0674,0,180326.0,0.98,Data Analyst,Lead,Critical Risk
2021,3,2,4,4,4.95,105.1,0.868,0.0454,0,168818.0,0.98,BI Developer,Senior,Critical Risk
2020,1,7,3,3,6.2,108.4,1.009,0.1045,0,110489.0,0.597,Data Engineer,Entry,High Risk
2019,1,20,3,3,8.17,99.6,0.912,0.0651,1,99831.0,0.18,SQL Developer,Entry,Low Risk
2021,1,23,4,4,5.95,106.9,0.859,0.0549,0,94082.0,0.955,Supply Chain Analyst,Entry,Critical Risk
2019,3,7,5,5,4.58,100.9,1.15,0.1045,0,223647.0,0.98,Data Engineer,Senior,Critical Risk
2023,1,12,3,3,6.07,114.7,0.91,0.0709,0,99630.0,0.84,Financial Analyst,Entry,Critical Risk
2021,5,2,4,4,4.53,118.2,0.802,0.0454,0,205167.0,0.98,BI Developer,Principal,Critical Risk
2023,4,2,5,5,8.0,117.2,1.019,0.0454,1,234460.0,0.176,BI Developer,Lead,Low Risk
2025,1,4,4,4,5.08,132.2,1.354,0.0635,0,148310.0,0.98,Cloud Architect,Entry,Critical Risk
2024,1,3,3,3,8.13,150.1,0.802,0.072,1,87775.0,0.119,Business Analyst,Entry,Low Risk
2021,4,23,6,6,7.35,108.0,1.092,0.0549,0,251142.0,0.416,Supply Chain Analyst,Lead,Moderate Risk
2019,4,23,6,6,6.62,96.8,1.081,0.0549,0,248579.0,0.98,Supply Chain Analyst,Lead,Critical Risk
2024,1,12,5,5,5.76,115.2,1.008,0.0709,0,110439.0,0.98,Financial Analyst,Entry,Critical Risk
2025,4,18,5,5,4.26,105.8,0.907,0.0194,0,208586.0,0.98,QA Engineer,Lead,Critical Risk
2023,4,21,4,4,6.68,129.4,1.163,0.044,0,267489.0,0.755,Software Developer,Lead,Critical Risk
2020,2,13,3,3,6.5,102.5,0.71,0.015,0,105547.0,0.765,HR Analyst,Mid,Critical Risk
2020,5,21,5,5,4.98,107.3,1.141,0.044,0,291765.0,0.98,Software Developer,Principal,Critical Risk
2025,4,10,6,6,6.82,142.6,1.067,0.0445,0,245417.0,0.778,Digital Marketer,Lead,Critical Risk
2025,4,3,6,6,6.17,121.4,1.126,0.072,0,259023.0,0.893,Business Analyst,Lead,Critical Risk
2024,2,0,4,4,6.5,151.9,1.391,0.0761,0,206895.0,0.396,AI Engineer,Mid,Moderate Risk
2023,4,23,6,6,8.1,125.1,1.241,0.0549,1,285533.0,0.05,Supply Chain Analyst,Lead,Low Risk
2023,5,21,5,5,6.78,113.3,1.355,0.044,0,346668.0,0.692,Software Developer,Principal,High Risk
2025,5,17,6,6,5.35,119.3,1.416,0.0733,0,362112.0,0.98,Product Manager,Principal,Critical Risk
2020,2,11,3,3,3.97,94.0,0.53,-0.0074,0,78811.0,0.98,Excel Analyst,Mid,Critical Risk
2021,1,2,3,3,3.53,107.7,0.717,0.0454,0,78466.0,0.98,BI Developer,Entry,Critical Risk
2023,3,18,3,3,6.67,104.1,0.842,0.0194,0,163844.0,0.711,QA Engineer,Senior,High Risk
2023,4,15,5,5,4.1,113.8,1.217,0.0728,0,279984.0,0.98,Machine Learning Engineer,Lead,Critical Risk
2023,3,0,6,6,6.02,114.1,1.652,0.0761,0,321256.0,0.823,AI Engineer,Senior,Critical Risk
2021,4,12,3,3,2.1,110.5,0.555,0.0709,0,127617.0,0.98,Financial Analyst,Lead,Critical Risk
2021,1,22,6,6,7.55,106.8,1.325,0.0662,0,145049.0,0.405,Statistician,Entry,Moderate Risk
2021,5,18,6,6,5.98,111.1,0.983,0.0194,0,251309.0,0.98,QA Engineer,Principal,Critical Risk
2020,5,6,6,6,4.98,94.3,0.861,0.0674,0,220299.0,0.98,Data Analyst,Principal,Critical Risk
2023,5,18,4,4,8.43,96.0,1.146,0.0194,1,293044.0,0.253,QA Engineer,Principal,Moderate Risk
2024,4,0,3,3,3.67,134.0,1.24,0.0761,0,285178.0,0.98,AI Engineer,Lead,Critical Risk
2025,2,0,4,4,8.38,125.1,1.656,0.0761,1,246312.0,0.05,AI Engineer,Mid,Low Risk
2020,4,0,6,6,7.53,105.1,1.667,0.0761,1,383545.0,0.213,AI Engineer,Lead,Low Risk
2021,5,22,6,6,6.8,110.1,1.387,0.0662,0,354773.0,0.38,Statistician,Principal,Moderate Risk
2019,3,18,4,4,5.75,103.4,0.781,0.0194,0,151863.0,0.98,QA Engineer,Senior,Critical Risk
2019,5,5,6,6,6.73,102.3,1.047,0.0492,0,267856.0,0.83,Content Strategist,Principal,Critical Risk
2024,2,21,4,4,8.85,137.9,1.387,0.044,1,206245.0,0.05,Software Developer,Mid,Low Risk
2021,1,12,5,5,6.82,115.8,0.98,0.0709,0,107312.0,0.586,Financial Analyst,Entry,High Risk
2020,2,22,5,5,5.16,99.4,0.933,0.0662,0,138704.0,0.98,Statistician,Mid,Critical Risk
2024,1,23,6,6,5.45,141.6,1.144,0.0549,0,125236.0,0.98,Supply Chain Analyst,Entry,Critical Risk
2020,4,14,5,5,6.34,95.8,0.827,0.0167,0,190282.0,0.98,IT Support Specialist,Lead,Critical Risk
2025,4,2,3,3,6.07,168.4,1.034,0.0454,0,237902.0,0.98,BI Developer,Lead,Critical Risk
2022,4,10,3,3,4.87,119.1,0.717,0.0445,0,164878.0,0.98,Digital Marketer,Lead,Critical Risk
2019,4,9,5,5,6.02,101.3,1.11,0.061,0,255409.0,0.98,DevOps Engineer,Lead,Critical Risk
2020,4,13,6,6,6.82,106.1,1.107,0.015,0,254645.0,0.98,HR Analyst,Lead,Critical Risk
2020,2,5,5,5,5.38,109.0,0.707,0.0492,0,105171.0,0.98,Content Strategist,Mid,Critical Risk
2024,3,12,3,3,8.9,130.8,1.052,0.0709,1,204609.0,0.089,Financial Analyst,Senior,Low Risk
2022,2,12,4,4,8.32,129.1,1.112,0.0709,1,165351.0,0.055,Financial Analyst,Mid,Low Risk
2020,4,3,5,5,8.04,100.4,1.241,0.072,1,285403.0,0.05,Business Analyst,Lead,Low Risk
2024,4,5,3,3,6.2,123.4,0.67,0.0492,0,154052.0,0.888,Content Strategist,Lead,Critical Risk
2025,3,22,4,4,5.03,124.9,0.896,0.0662,0,174213.0,0.98,Statistician,Senior,Critical Risk
2025,2,0,6,6,7.47,147.1,1.878,0.0761,1,279343.0,0.05,AI Engineer,Mid,Low Risk
2020,5,9,3,3,5.7,103.8,1.067,0.061,0,272847.0,0.98,DevOps Engineer,Principal,Critical Risk
2024,2,21,5,5,8.62,154.8,1.594,0.044,1,237017.0,0.05,Software Developer,Mid,Low Risk
2022,5,9,3,3,6.27,119.9,1.137,0.061,0,290831.0,0.552,DevOps Engineer,Principal,High Risk
2022,3,23,3,3,7.13,107.8,0.899,0.0549,0,174936.0,0.355,Supply Chain Analyst,Senior,Moderate Risk
2022,4,4,5,5,6.86,112.0,1.475,0.0635,0,339243.0,0.428,Cloud Architect,Lead,Moderate Risk
2019,4,7,6,6,5.52,105.5,1.171,0.1045,0,269394.0,0.98,Data Engineer,Lead,Critical Risk
2020,4,4,6,6,7.63,105.8,1.675,0.0635,1,385260.0,0.339,Cloud Architect,Lead,Moderate Risk
2021,4,2,6,6,6.98,116.2,1.124,0.0454,0,258439.0,0.502,BI Developer,Lead,High Risk
2019,2,17,3,3,6.27,106.1,1.038,0.0733,0,154417.0,0.779,Product Manager,Mid,Critical Risk
2020,5,17,4,4,5.65,108.4,1.073,0.0733,0,274366.0,0.914,Product Manager,Principal,Critical Risk
2022,2,8,5,5,7.4,112.1,1.238,0.0881,1,184081.0,0.307,Data Scientist,Mid,Moderate Risk
2019,2,4,6,6,3.88,105.6,1.05,0.0635,0,156236.0,0.98,Cloud Architect,Mid,Critical Risk
2023,1,23,6,6,5.82,139.9,1.007,0.0549,0,110291.0,0.98,Supply Chain Analyst,Entry,Critical Risk
2025,3,13,3,3,5.6,123.7,0.571,0.015,0,111063.0,0.867,HR Analyst,Senior,Critical Risk
2021,2,2,3,3,6.43,112.6,0.913,0.0454,0,135720.0,0.98,BI Developer,Mid,Critical Risk
2022,2,0,6,6,4.22,117.2,1.321,0.0761,0,196546.0,0.98,AI Engineer,Mid,Critical Risk
2024,3,15,6,6,6.15,129.1,1.386,0.0728,0,269494.0,0.645,Machine Learning Engineer,Senior,High Risk
2025,3,18,6,6,7.47,135.6,1.398,0.0194,0,271896.0,0.701,QA Engineer,Senior,High Risk
2024,2,11,3,3,8.23,89.1,0.749,-0.0074,0,111406.0,0.494,Excel Analyst,Mid,Moderate Risk
2025,3,10,5,5,7.26,141.5,0.93,0.0445,0,180840.0,0.723,Digital Marketer,Senior,High Risk
2023,1,8,6,6,5.35,131.3,1.201,0.0881,0,131500.0,0.98,Data Scientist,Entry,Critical Risk
2021,5,22,3,3,4.4,110.0,0.821,0.0662,0,209867.0,0.98,Statistician,Principal,Critical Risk
2025,4,2,6,6,5.57,152.8,1.106,0.0454,0,254480.0,0.98,BI Developer,Lead,Critical Risk
2022,3,1,4,4,5.98,114.1,0.894,0.0589,0,173860.0,0.98,Accountant,Senior,Critical Risk
2024,4,15,3,3,8.57,115.9,1.372,0.0728,1,315497.0,0.05,Machine Learning Engineer,Lead,Low Risk
2022,4,14,5,5,3.74,126.6,0.577,0.0167,0,132774.0,0.98,IT Support Specialist,Lead,Critical Risk
2024,3,21,4,4,7.42,114.9,1.181,0.044,0,229695.0,0.55,Software Developer,Senior,High Risk
2020,2,6,4,4,3.32,117.6,0.53,0.0674,0,78821.0,0.98,Data Analyst,Mid,Critical Risk
2020,3,8,6,6,7.72,111.5,1.407,0.0881,1,273546.0,0.057,Data Scientist,Senior,Low Risk
2022,1,10,4,4,6.08,132.7,0.782,0.0445,0,85610.0,0.98,Digital Marketer,Entry,Critical Risk
2019,1,4,6,6,3.9,105.2,1.127,0.0635,0,123453.0,0.98,Cloud Architect,Entry,Critical Risk
2019,4,10,6,6,7.42,99.8,0.999,0.0445,0,229822.0,0.463,Digital Marketer,Lead,Moderate Risk
2023,3,8,3,3,3.9,124.7,0.858,0.0881,0,166804.0,0.98,Data Scientist,Senior,Critical Risk
2024,1,18,4,4,8.1,108.7,1.064,0.0194,1,116548.0,0.329,QA Engineer,Entry,Moderate Risk
2023,3,23,4,4,5.2,146.3,0.783,0.0549,0,152258.0,0.98,Supply Chain Analyst,Senior,Critical Risk
2025,3,23,4,4,5.6,150.2,0.953,0.0549,0,185255.0,0.98,Supply Chain Analyst,Senior,Critical Risk
2020,2,2,6,6,7.17,101.9,1.133,0.0454,0,168467.0,0.35,BI Developer,Mid,Moderate Risk
2019,3,6,4,4,5.43,106.9,0.737,0.0674,0,143417.0,0.98,Data Analyst,Senior,Critical Risk
2019,4,4,4,4,7.8,97.5,1.279,0.0635,1,294238.0,0.05,Cloud Architect,Lead,Low Risk
2021,1,9,4,4,3.38,116.2,0.943,0.061,0,103298.0,0.98,DevOps Engineer,Entry,Critical Risk
2024,4,3,3,3,1.67,152.8,0.582,0.072,0,133837.0,0.98,Business Analyst,Lead,Critical Risk
2025,1,19,4,4,5.0,163.1,0.726,0.0467,0,79503.0,0.98,SEO Specialist,Entry,Critical Risk
2020,3,17,6,6,6.58,107.3,1.415,0.0733,0,275240.0,0.94,Product Manager,Senior,Critical Risk
2019,4,20,4,4,5.15,102.4,0.797,0.0651,0,183322.0,0.98,SQL Developer,Lead,Critical Risk
2020,3,8,5,5,4.5,111.9,0.992,0.0881,0,192926.0,0.98,Data Scientist,Senior,Critical Risk
2022,2,11,6,6,6.17,108.7,0.855,-0.0074,0,127111.0,0.98,Excel Analyst,Mid,Critical Risk
2025,5,6,5,5,7.22,119.1,1.142,0.0674,0,292193.0,0.611,Data Analyst,Principal,High Risk
2025,2,3,5,5,5.12,176.2,0.766,0.072,0,113953.0,0.98,Business Analyst,Mid,Critical Risk
2024,3,17,5,5,5.74,133.8,1.164,0.0733,0,226413.0,0.98,Product Manager,Senior,Critical Risk
2020,5,19,5,5,4.14,118.1,0.634,0.0467,0,162277.0,0.98,SEO Specialist,Principal,Critical Risk
2019,5,3,4,4,8.05,97.0,0.896,0.072,1,229106.0,0.05,Business Analyst,Principal,Low Risk
2023,5,0,3,3,5.63,127.9,1.373,0.0761,0,351136.0,0.42,AI Engineer,Principal,Moderate Risk
2020,4,0,3,3,6.73,106.3,1.283,0.0761,0,295142.0,0.421,AI Engineer,Lead,Moderate Risk
2021,1,15,5,5,6.3,114.1,1.361,0.0728,0,149004.0,0.571,Machine Learning Engineer,Entry,High Risk
2025,5,17,4,4,5.4,158.4,1.307,0.0733,0,334235.0,0.909,Product Manager,Principal,Critical Risk
2023,2,23,4,4,7.35,119.8,1.047,0.0549,1,155718.0,0.282,Supply Chain Analyst,Mid,Moderate Risk
2025,4,9,6,6,5.27,169.3,1.4,0.061,0,322128.0,0.98,DevOps Engineer,Lead,Critical Risk
2022,4,20,6,6,5.92,113.4,0.927,0.0651,0,213314.0,0.98,SQL Developer,Lead,Critical Risk
2024,4,18,4,4,6.45,102.5,0.952,0.0194,0,218927.0,0.927,QA Engineer,Lead,Critical Risk
2024,5,5,6,6,7.42,162.3,1.235,0.0492,0,315822.0,0.393,Content Strategist,Principal,Moderate Risk
2019,4,1,5,5,7.78,102.4,0.975,0.0589,1,224194.0,0.33,Accountant,Lead,Moderate Risk
2021,3,9,3,3,4.47,111.2,0.997,0.061,0,193836.0,0.846,DevOps Engineer,Senior,Critical Risk
2021,2,0,3,3,8.2,105.8,1.379,0.0761,1,205172.0,0.05,AI Engineer,Mid,Low Risk
2019,4,18,6,6,5.02,95.7,0.828,0.0194,0,190403.0,0.98,QA Engineer,Lead,Critical Risk
2020,4,5,4,4,5.32,111.8,0.798,0.0492,0,183582.0,0.98,Content Strategist,Lead,Critical Risk
2024,4,1,6,6,7.12,144.7,1.153,0.0589,0,265226.0,0.793,Accountant,Lead,Critical Risk
2025,1,2,3,3,5.7,133.8,0.964,0.0454,0,105600.0,0.98,BI Developer,Entry,Critical Risk
2023,5,19,4,4,6.62,108.2,0.768,0.0467,0,196305.0,0.98,SEO Specialist,Principal,Critical Risk
2023,1,2,4,4,3.98,109.3,0.767,0.0454,0,84040.0,0.98,BI Developer,Entry,Critical Risk
2023,3,1,3,3,5.87,126.2,0.706,0.0589,0,137234.0,0.98,Accountant,Senior,Critical Risk
2020,1,18,6,6,7.28,96.3,1.284,0.0194,1,140602.0,0.327,QA Engineer,Entry,Moderate Risk
2020,1,22,6,6,6.02,100.7,1.15,0.0662,0,125932.0,0.98,Statistician,Entry,Critical Risk
2019,4,0,4,4,8.1,93.1,1.434,0.0761,1,329883.0,0.05,AI Engineer,Lead,Low Risk
2019,2,3,4,4,6.2,110.4,0.7,0.072,0,104176.0,0.801,Business Analyst,Mid,Critical Risk
2021,3,3,6,6,7.22,131.6,1.047,0.072,0,203645.0,0.524,Business Analyst,Senior,High Risk
2019,5,22,4,4,2.8,102.7,0.711,0.0662,0,181948.0,0.98,Statistician,Principal,Critical Risk
2023,4,18,4,4,6.38,129.1,0.936,0.0194,0,215291.0,0.72,QA Engineer,Lead,High Risk
2025,5,11,6,6,6.65,140.8,1.09,-0.0074,0,278896.0,0.98,Excel Analyst,Principal,Critical Risk
2019,4,3,5,5,4.62,95.5,0.701,0.072,0,161222.0,0.98,Business Analyst,Lead,Critical Risk
2025,3,5,3,3,8.63,157.2,0.904,0.0492,1,175864.0,0.05,Content Strategist,Senior,Low Risk
2025,5,7,4,4,5.22,165.2,1.32,0.1045,0,337562.0,0.873,Data Engineer,Principal,Critical Risk
2021,3,13,4,4,6.78,122.9,0.756,0.015,0,147002.0,0.771,HR Analyst,Senior,Critical Risk
2021,2,6,6,6,6.05,129.2,1.052,0.0674,0,156428.0,0.98,Data Analyst,Mid,Critical Risk
2024,4,10,3,3,6.23,159.6,0.715,0.0445,0,164537.0,0.903,Digital Marketer,Lead,Critical Risk
2022,1,23,5,5,4.7,126.6,0.875,0.0549,0,95788.0,0.98,Supply Chain Analyst,Entry,Critical Risk
2019,4,15,6,6,5.13,96.9,1.29,0.0728,0,296742.0,0.98,Machine Learning Engineer,Lead,Critical Risk
2021,1,20,4,4,8.57,95.6,1.018,0.0651,1,111528.0,0.05,SQL Developer,Entry,Low Risk
2024,5,16,4,4,5.25,151.2,0.818,0.0783,0,209269.0,0.98,Operations Analyst,Principal,Critical Risk
2023,4,5,4,4,2.62,134.8,0.492,0.0492,0,113168.0,0.98,Content Strategist,Lead,Critical Risk
2019,2,12,5,5,4.58,101.1,0.664,0.0709,0,98765.0,0.98,Financial Analyst,Mid,Critical Risk
2020,1,23,5,5,6.62,99.0,0.883,0.0549,0,96712.0,0.66,Supply Chain Analyst,Entry,High Risk
2024,3,3,5,5,6.78,122.1,1.001,0.072,0,194686.0,0.666,Business Analyst,Senior,High Risk
2025,2,3,6,6,8.05,129.1,1.189,0.072,1,176853.0,0.05,Business Analyst,Mid,Low Risk
2023,2,6,4,4,9.15,116.9,1.124,0.0674,1,167172.0,0.05,Data Analyst,Mid,Low Risk
2024,1,15,3,3,2.07,155.7,1.108,0.0728,0,121382.0,0.98,Machine Learning Engineer,Entry,Critical Risk
2025,2,22,4,4,7.35,163.0,1.187,0.0662,0,176492.0,0.438,Statistician,Mid,Moderate Risk
2019,5,1,6,6,6.77,102.3,1.062,0.0589,0,271729.0,0.98,Accountant,Principal,Critical Risk
2025,1,16,6,6,6.67,122.1,1.295,0.0783,0,141829.0,0.98,Operations Analyst,Entry,Critical Risk
2019,1,19,6,6,5.48,102.0,0.74,0.0467,0,81044.0,0.98,SEO Specialist,Entry,Critical Risk
2023,4,6,6,6,4.22,142.8,0.867,0.0674,0,199442.0,0.98,Data Analyst,Lead,Critical Risk
2022,3,5,3,3,7.0,128.9,0.729,0.0492,0,141727.0,0.611,Content Strategist,Senior,High Risk
2023,5,20,5,5,5.86,107.3,0.954,0.0651,0,243875.0,0.98,SQL Developer,Principal,Critical Risk
2020,1,7,5,5,4.54,106.5,1.088,0.1045,0,119199.0,0.98,Data Engineer,Entry,Critical Risk
2023,2,19,5,5,7.88,130.7,1.111,0.0467,0,165306.0,0.399,SEO Specialist,Mid,Moderate Risk
2024,2,23,3,3,8.47,154.6,0.969,0.0549,1,144046.0,0.108,Supply Chain Analyst,Mid,Low Risk
2024,1,20,6,6,4.2,123.7,0.852,0.0651,0,93348.0,0.98,SQL Developer,Entry,Critical Risk
2023,5,4,5,5,7.42,127.9,1.769,0.0635,1,452557.0,0.05,Cloud Architect,Principal,Low Risk
2019,2,13,4,4,4.98,107.6,0.635,0.015,0,94511.0,0.98,HR Analyst,Mid,Critical Risk
2021,4,17,4,4,7.6,107.9,1.316,0.0733,1,302827.0,0.301,Product Manager,Lead,Moderate Risk
2023,2,15,4,4,4.03,114.2,1.205,0.0728,0,179172.0,0.98,Machine Learning Engineer,Mid,Critical Risk
2019,2,20,4,4,7.28,94.1,1.028,0.0651,0,152859.0,0.457,SQL Developer,Mid,Moderate Risk
2020,2,2,5,5,6.38,101.0,0.983,0.0454,0,146199.0,0.98,BI Developer,Mid,Critical Risk
2025,3,15,6,6,5.57,172.7,1.595,0.0728,0,310286.0,0.98,Machine Learning Engineer,Senior,Critical Risk
2025,4,1,4,4,6.22,137.8,0.849,0.0589,0,195259.0,0.917,Accountant,Lead,Critical Risk
2021,5,4,3,3,2.77,109.1,1.043,0.0635,0,266786.0,0.98,Cloud Architect,Principal,Critical Risk
2023,2,0,3,3,3.6,133.1,1.217,0.0761,0,181005.0,0.98,AI Engineer,Mid,Critical Risk
2025,5,5,3,3,3.53,149.4,0.626,0.0492,0,160103.0,0.98,Content Strategist,Principal,Critical Risk
2020,4,5,6,6,7.53,105.7,1.106,0.0492,1,254471.0,0.325,Content Strategist,Lead,Moderate Risk
2022,4,16,6,6,4.2,114.3,0.84,0.0783,0,193304.0,0.98,Operations Analyst,Lead,Critical Risk
2020,2,14,5,5,6.32,93.1,0.738,0.0167,0,109718.0,0.98,IT Support Specialist,Mid,Critical Risk
2023,2,8,6,6,7.65,123.4,1.471,0.0881,1,218833.0,0.05,Data Scientist,Mid,Low Risk
2021,4,18,6,6,7.05,93.8,1.19,0.0194,0,273827.0,0.449,QA Engineer,Lead,Moderate Risk
2022,3,11,3,3,6.73,111.8,0.68,-0.0074,0,132335.0,0.98,Excel Analyst,Senior,Critical Risk
2024,3,8,3,3,9.23,143.9,1.357,0.0881,1,264001.0,0.05,Data Scientist,Senior,Low Risk
2021,3,20,5,5,4.56,119.1,0.814,0.0651,0,158226.0,0.98,SQL Developer,Senior,Critical Risk
2024,3,19,5,5,4.86,153.1,0.752,0.0467,0,146249.0,0.98,SEO Specialist,Senior,Critical Risk
2019,5,10,4,4,6.6,98.2,0.749,0.0445,0,191524.0,0.741,Digital Marketer,Principal,High Risk
2023,4,19,3,3,6.17,132.8,0.768,0.0467,0,176612.0,0.98,SEO Specialist,Lead,Critical Risk
2024,2,18,3,3,7.1,130.5,0.97,0.0194,0,144249.0,0.623,QA Engineer,Mid,High Risk
2021,1,17,5,5,5.52,123.7,0.958,0.0733,0,104868.0,0.98,Product Manager,Entry,Critical Risk
2024,3,19,3,3,4.73,165.9,0.662,0.0467,0,128663.0,0.98,SEO Specialist,Senior,Critical Risk
2020,5,4,6,6,5.63,111.3,1.44,0.0635,0,368316.0,0.98,Cloud Architect,Principal,Critical Risk
2019,5,4,3,3,6.93,105.1,1.393,0.0635,0,356312.0,0.38,Cloud Architect,Principal,Moderate Risk
2019,5,16,4,4,8.6,97.6,1.04,0.0783,1,265907.0,0.05,Operations Analyst,Principal,Low Risk
2021,5,23,3,3,8.73,110.3,0.963,0.0549,1,246184.0,0.05,Supply Chain Analyst,Principal,Low Risk
2025,4,18,4,4,5.98,83.5,0.833,0.0194,0,191675.0,0.98,QA Engineer,Lead,Critical Risk
2025,2,20,6,6,4.47,124.3,0.936,0.0651,0,139199.0,0.98,SQL Developer,Mid,Critical Risk
2021,2,12,5,5,8.62,122.8,1.232,0.0709,1,183294.0,0.05,Financial Analyst,Mid,Low Risk
2023,5,11,6,6,5.48,86.9,0.957,-0.0074,0,244747.0,0.98,Excel Analyst,Principal,Critical Risk
2022,3,9,4,4,7.18,122.2,1.207,0.061,0,234694.0,0.372,DevOps Engineer,Senior,Moderate Risk
2022,2,21,6,6,6.5,130.9,1.412,0.044,0,209944.0,0.98,Software Developer,Mid,Critical Risk
2024,2,8,3,3,6.73,114.5,1.263,0.0881,0,187865.0,0.521,Data Scientist,Mid,High Risk
2025,4,4,5,5,8.54,117.4,1.707,0.0635,1,392671.0,0.05,Cloud Architect,Lead,Low Risk
2024,4,23,6,6,7.3,118.8,1.189,0.0549,0,273464.0,0.691,Supply Chain Analyst,Lead,High Risk
2020,4,4,3,3,5.87,108.9,1.226,0.0635,0,281973.0,0.501,Cloud Architect,Lead,High Risk
2022,4,7,4,4,6.0,115.4,1.163,0.1045,0,267607.0,0.963,Data Engineer,Lead,Critical Risk
2019,4,19,3,3,6.27,97.4,0.67,0.0467,0,154056.0,0.98,SEO Specialist,Lead,Critical Risk
2020,1,20,6,6,3.98,100.4,0.833,0.0651,0,91267.0,0.98,SQL Developer,Entry,Critical Risk
2019,3,21,3,3,6.33,97.5,0.918,0.044,0,178516.0,0.604,Software Developer,Senior,High Risk
2020,2,9,3,3,8.67,109.0,1.134,0.061,1,168725.0,0.05,DevOps Engineer,Mid,Low Risk
2024,1,23,4,4,7.32,140.0,1.068,0.0549,0,116972.0,0.449,Supply Chain Analyst,Entry,Moderate Risk
2025,3,4,4,4,7.7,120.7,1.413,0.0635,1,274821.0,0.05,Cloud Architect,Senior,Low Risk
2019,3,9,6,6,7.22,96.2,1.254,0.061,0,243913.0,0.449,DevOps Engineer,Senior,Moderate Risk
2024,5,22,3,3,8.53,149.3,1.044,0.0662,1,266894.0,0.05,Statistician,Principal,Low Risk
2022,5,15,5,5,4.82,115.6,1.392,0.0728,0,356112.0,0.98,Machine Learning Engineer,Principal,Critical Risk
2025,2,16,5,5,5.7,108.8,1.017,0.0783,0,151191.0,0.98,Operations Analyst,Mid,Critical Risk
2023,4,14,3,3,6.77,116.6,0.665,0.0167,0,152905.0,0.836,IT Support Specialist,Lead,Critical Risk
2019,2,0,3,3,9.1,113.5,1.436,0.0761,1,213505.0,0.05,AI Engineer,Mid,Low Risk
2020,4,7,4,4,5.4,102.9,1.082,0.1045,0,248799.0,0.905,Data Engineer,Lead,Critical Risk
2021,1,13,5,5,4.54,106.5,0.616,0.015,0,67506.0,0.98,HR Analyst,Entry,Critical Risk
2020,5,20,4,4,4.8,99.6,0.739,0.0651,0,189076.0,0.98,SQL Developer,Principal,Critical Risk
2022,1,13,3,3,6.5,134.2,0.737,0.015,0,80672.0,0.98,HR Analyst,Entry,Critical Risk
2020,1,7,4,4,8.28,111.7,1.375,0.1045,1,150612.0,0.05,Data Engineer,Entry,Low Risk
2021,2,2,4,4,5.98,103.3,0.881,0.0454,0,130993.0,0.922,BI Developer,Mid,Critical Risk
2024,3,20,5,5,8.02,110.0,1.087,0.0651,1,211399.0,0.11,SQL Developer,Senior,Low Risk
2024,2,18,6,6,6.25,101.2,1.072,0.0194,0,159474.0,0.98,QA Engineer,Mid,Critical Risk
2024,3,2,5,5,6.74,138.8,1.021,0.0454,0,198553.0,0.603,BI Developer,Senior,High Risk
2021,4,7,4,4,5.08,113.9,1.067,0.1045,0,245547.0,0.98,Data Engineer,Lead,Critical Risk
2022,4,21,6,6,6.43,131.3,1.309,0.044,0,301074.0,0.877,Software Developer,Lead,Critical Risk
2019,5,21,6,6,5.38,108.1,1.131,0.044,0,289200.0,0.98,Software Developer,Principal,Critical Risk
2024,3,16,6,6,6.58,143.0,1.159,0.0783,0,225350.0,0.98,Operations Analyst,Senior,Critical Risk
2024,2,6,6,6,5.57,151.8,0.921,0.0674,0,136979.0,0.98,Data Analyst,Mid,Critical Risk
2025,1,2,6,6,6.38,161.6,1.203,0.0454,0,131752.0,0.907,BI Developer,Entry,Critical Risk
2020,3,18,6,6,5.52,95.4,0.979,0.0194,0,190358.0,0.98,QA Engineer,Senior,Critical Risk
2023,2,9,6,6,6.45,106.4,1.45,0.061,0,215608.0,0.625,DevOps Engineer,Mid,High Risk
2025,4,16,5,5,6.14,117.5,1.047,0.0783,0,240848.0,0.98,Operations Analyst,Lead,Critical Risk
2022,5,2,4,4,7.5,117.4,1.166,0.0454,0,298270.0,0.418,BI Developer,Principal,Moderate Risk
2025,3,20,3,3,4.1,89.2,0.835,0.0651,0,162430.0,0.98,SQL Developer,Senior,Critical Risk
2019,1,21,5,5,6.08,102.0,0.98,0.044,0,107363.0,0.89,Software Developer,Entry,Critical Risk
2019,3,3,3,3,8.47,95.6,0.828,0.072,1,160960.0,0.05,Business Analyst,Senior,Low Risk
2022,5,1,6,6,5.62,123.3,0.96,0.0589,0,245516.0,0.98,Accountant,Principal,Critical Risk
2021,2,4,6,6,8.1,110.2,1.794,0.0635,1,266891.0,0.05,Cloud Architect,Mid,Low Risk
2024,2,21,3,3,5.67,152.9,1.035,0.044,0,153969.0,0.98,Software Developer,Mid,Critical Risk
2025,3,11,6,6,6.15,138.5,0.855,-0.0074,0,166343.0,0.98,Excel Analyst,Senior,Critical Risk
2025,1,4,5,5,5.62,133.0,1.284,0.0635,0,140608.0,0.98,Cloud Architect,Entry,Critical Risk
2023,3,8,3,3,6.33,129.8,1.041,0.0881,0,202488.0,0.398,Data Scientist,Senior,Moderate Risk
2024,5,7,3,3,5.77,112.4,1.209,0.1045,0,309218.0,0.537,Data Engineer,Principal,High Risk
2025,5,23,6,6,5.9,114.0,1.056,0.0549,0,269979.0,0.98,Supply Chain Analyst,Principal,Critical Risk
2025,1,23,3,3,8.77,160.5,1.106,0.0549,1,121141.0,0.05,Supply Chain Analyst,Entry,Low Risk
2020,3,17,4,4,4.4,111.5,1.019,0.0733,0,198186.0,0.98,Product Manager,Senior,Critical Risk
2024,2,4,3,3,6.0,155.3,1.291,0.0635,0,192062.0,0.734,Cloud Architect,Mid,High Risk
2024,4,17,4,4,8.68,116.0,1.439,0.0733,1,330935.0,0.05,Product Manager,Lead,Low Risk
2019,5,4,5,5,5.94,97.9,1.336,0.0635,0,341614.0,0.98,Cloud Architect,Principal,Critical Risk
2021,5,3,6,6,6.43,120.7,1.09,0.072,0,278794.0,0.98,Business Analyst,Principal,Critical Risk
2023,2,12,3,3,5.03,117.0,0.696,0.0709,0,103473.0,0.98,Financial Analyst,Mid,Critical Risk
2025,2,0,4,4,5.75,161.2,1.479,0.0761,0,219989.0,0.861,AI Engineer,Mid,Critical Risk
2025,1,16,5,5,5.56,154.9,0.988,0.0783,0,108228.0,0.98,Operations Analyst,Entry,Critical Risk
2022,2,13,6,6,6.45,135.2,1.139,0.015,0,169341.0,0.863,HR Analyst,Mid,Critical Risk
2025,1,11,6,6,6.63,106.0,1.062,-0.0074,0,116326.0,0.98,Excel Analyst,Entry,Critical Risk
2022,4,23,6,6,5.38,134.8,1.001,0.0549,0,230370.0,0.98,Supply Chain Analyst,Lead,Critical Risk
2024,4,19,5,5,3.44,156.8,0.717,0.0467,0,164828.0,0.98,SEO Specialist,Lead,Critical Risk
2024,4,0,4,4,6.52,159.6,1.408,0.0761,0,323803.0,0.398,AI Engineer,Lead,Moderate Risk
2020,2,20,3,3,1.4,95.5,0.591,0.0651,0,87917.0,0.98,SQL Developer,Mid,Critical Risk
2022,2,23,5,5,8.72,123.5,1.257,0.0549,1,186977.0,0.05,Supply Chain Analyst,Mid,Low Risk
2023,2,18,3,3,8.27,110.7,0.965,0.0194,0,143582.0,0.356,QA Engineer,Mid,Moderate Risk
2024,2,1,6,6,3.72,136.9,0.746,0.0589,0,110984.0,0.98,Accountant,Mid,Critical Risk
2021,1,6,3,3,3.63,121.2,0.604,0.0674,0,66182.0,0.98,Data Analyst,Entry,Critical Risk
2020,5,6,6,6,5.73,109.7,1.025,0.0674,0,262140.0,0.98,Data Analyst,Principal,Critical Risk
2024,4,16,4,4,7.22,150.7,1.121,0.0783,0,257792.0,0.601,Operations Analyst,Lead,High Risk
2025,2,19,6,6,5.82,142.0,0.99,0.0467,0,147311.0,0.98,SEO Specialist,Mid,Critical Risk
2023,1,19,4,4,3.85,104.1,0.741,0.0467,0,81165.0,0.98,SEO Specialist,Entry,Critical Risk
2022,1,4,4,4,6.72,108.4,1.481,0.0635,0,162238.0,0.469,Cloud Architect,Entry,Moderate Risk
2025,1,3,5,5,7.04,113.8,1.186,0.072,0,129884.0,0.532,Business Analyst,Entry,High Risk
2021,5,3,6,6,6.38,123.6,1.064,0.072,0,272143.0,0.725,Business Analyst,Principal,High Risk
2021,5,1,3,3,4.83,101.9,0.665,0.0589,0,169988.0,0.98,Accountant,Principal,Critical Risk
2020,3,7,4,4,7.35,109.8,1.305,0.1045,1,253783.0,0.172,Data Engineer,Senior,Low Risk
2022,5,8,6,6,7.27,129.0,1.572,0.0881,1,402026.0,0.34,Data Scientist,Principal,Moderate Risk
2024,5,7,5,5,4.88,149.2,1.267,0.1045,0,323986.0,0.98,Data Engineer,Principal,Critical Risk
2025,5,5,4,4,6.38,105.3,0.872,0.0492,0,223082.0,0.639,Content Strategist,Principal,High Risk
2023,1,11,3,3,5.43,91.1,0.517,-0.0074,0,56662.0,0.98,Excel Analyst,Entry,Critical Risk
2024,3,8,4,4,4.65,118.1,1.069,0.0881,0,207873.0,0.98,Data Scientist,Senior,Critical Risk
2022,4,11,4,4,5.72,114.6,0.701,-0.0074,0,161304.0,0.98,Excel Analyst,Lead,Critical Risk
2022,5,15,5,5,7.18,112.4,1.563,0.0728,1,399655.0,0.157,Machine Learning Engineer,Principal,Low Risk
2025,2,21,6,6,6.48,142.0,1.315,0.044,0,195616.0,0.85,Software Developer,Mid,Critical Risk
2020,2,23,5,5,4.82,107.7,0.78,0.0549,0,116023.0,0.98,Supply Chain Analyst,Mid,Critical Risk
2024,4,1,6,6,7.2,151.0,1.22,0.0589,0,280591.0,0.572,Accountant,Lead,High Risk
2023,2,16,5,5,5.78,138.8,1.0,0.0783,0,148730.0,0.98,Operations Analyst,Mid,Critical Risk
2019,2,17,3,3,6.87,106.6,1.094,0.0733,0,162644.0,0.317,Product Manager,Mid,Moderate Risk
2022,4,6,6,6,4.47,106.8,0.747,0.0674,0,171852.0,0.98,Data Analyst,Lead,Critical Risk
2019,2,1,5,5,4.68,85.8,0.694,0.0589,0,103191.0,0.98,Accountant,Mid,Critical Risk
2019,4,1,4,4,7.75,106.0,0.998,0.0589,0,229469.0,0.627,Accountant,Lead,High Risk
2021,4,3,4,4,7.28,114.8,1.005,0.072,0,231230.0,0.468,Business Analyst,Lead,Moderate Risk
2023,3,15,5,5,5.9,131.7,1.334,0.0728,0,259491.0,0.98,Machine Learning Engineer,Senior,Critical Risk
2020,5,0,6,6,7.87,105.2,1.772,0.0761,1,453348.0,0.05,AI Engineer,Principal,Low Risk
2019,3,6,5,5,8.38,102.3,0.919,0.0674,1,178658.0,0.05,Data Analyst,Senior,Low Risk
2023,4,7,3,3,4.23,120.2,1.02,0.1045,0,234641.0,0.98,Data Engineer,Lead,Critical Risk
2022,3,21,6,6,7.03,120.9,1.396,0.044,1,271498.0,0.2,Software Developer,Senior,Low Risk
2022,2,2,3,3,3.97,112.7,0.77,0.0454,0,114529.0,0.98,BI Developer,Mid,Critical Risk
2020,1,0,6,6,6.83,115.1,1.661,0.0761,0,181951.0,0.532,AI Engineer,Entry,High Risk
2024,1,22,6,6,5.03,133.4,1.031,0.0662,0,112937.0,0.98,Statistician,Entry,Critical Risk
2024,2,21,3,3,8.57,103.8,1.225,0.044,1,182127.0,0.05,Software Developer,Mid,Low Risk
2024,1,11,3,3,8.17,95.2,0.73,-0.0074,0,79984.0,0.466,Excel Analyst,Entry,Moderate Risk
2019,2,18,4,4,6.85,97.2,0.979,0.0194,0,145674.0,0.894,QA Engineer,Mid,Critical Risk
2024,4,11,3,3,3.97,113.6,0.554,-0.0074,0,127443.0,0.98,Excel Analyst,Lead,Critical Risk
2020,2,12,4,4,8.4,110.8,1.024,0.0709,1,152262.0,0.05,Financial Analyst,Mid,Low Risk
2022,5,6,3,3,7.73,116.8,0.761,0.0674,1,194723.0,0.19,Data Analyst,Principal,Low Risk
2024,2,11,6,6,6.17,91.6,1.012,-0.0074,0,150524.0,0.98,Excel Analyst,Mid,Critical Risk
2021,3,22,5,5,6.54,118.9,1.172,0.0662,0,228006.0,0.742,Statistician,Senior,High Risk
2021,3,10,6,6,8.78,102.6,1.353,0.0445,1,263091.0,0.05,Digital Marketer,Senior,Low Risk
2024,5,6,5,5,3.6,139.2,0.827,0.0674,0,211590.0,0.98,Data Analyst,Principal,Critical Risk
2021,3,11,6,6,5.55,102.4,0.918,-0.0074,0,178620.0,0.98,Excel Analyst,Senior,Critical Risk
2023,2,13,3,3,6.13,116.1,0.744,0.015,0,110701.0,0.681,HR Analyst,Mid,High Risk
2024,2,10,3,3,8.33,137.2,0.818,0.0445,1,121695.0,0.314,Digital Marketer,Mid,Moderate Risk
2021,3,19,3,3,8.1,113.1,0.789,0.0467,1,153514.0,0.271,SEO Specialist,Senior,Moderate Risk
2023,2,6,4,4,5.88,146.4,0.849,0.0674,0,126210.0,0.753,Data Analyst,Mid,Critical Risk
2020,4,17,3,3,6.47,113.5,1.076,0.0733,0,247559.0,0.559,Product Manager,Lead,High Risk
2023,4,21,4,4,7.75,131.0,1.283,0.044,1,295058.0,0.178,Software Developer,Lead,Low Risk
2019,4,5,5,5,5.7,104.3,0.798,0.0492,0,183474.0,0.98,Content Strategist,Lead,Critical Risk
2020,1,11,5,5,5.76,101.3,0.932,-0.0074,0,102034.0,0.98,Excel Analyst,Entry,Critical Risk
2024,2,11,3,3,4.47,136.5,0.625,-0.0074,0,92932.0,0.98,Excel Analyst,Mid,Critical Risk
2021,5,8,6,6,6.88,114.7,1.479,0.0881,0,378363.0,0.624,Data Scientist,Principal,High Risk
2020,3,17,3,3,3.17,103.7,0.832,0.0733,0,161815.0,0.98,Product Manager,Senior,Critical Risk
2025,1,12,4,4,6.98,127.2,1.034,0.0709,0,113207.0,0.748,Financial Analyst,Entry,High Risk
2023,4,13,4,4,6.95,152.4,0.843,0.015,0,194001.0,0.731,HR Analyst,Lead,High Risk
2019,2,10,4,4,5.4,102.5,0.616,0.0445,0,91582.0,0.98,Digital Marketer,Mid,Critical Risk
2021,3,6,6,6,5.52,116.2,0.949,0.0674,0,184532.0,0.98,Data Analyst,Senior,Critical Risk
2022,4,13,4,4,3.65,124.5,0.581,0.015,0,133750.0,0.98,HR Analyst,Lead,Critical Risk
2022,1,21,3,3,6.33,108.3,1.005,0.044,0,110011.0,0.772,Software Developer,Entry,Critical Risk
2020,5,13,3,3,3.9,105.6,0.496,0.015,0,126951.0,0.98,HR Analyst,Principal,Critical Risk
2024,2,8,6,6,7.87,117.1,1.66,0.0881,1,246902.0,0.074,Data Scientist,Mid,Low Risk
2023,3,16,3,3,7.17,134.0,0.898,0.0783,0,174682.0,0.682,Operations Analyst,Senior,High Risk
2019,4,5,4,4,8.2,97.0,0.702,0.0492,1,161413.0,0.087,Content Strategist,Lead,Low Risk
2024,2,0,6,6,8.08,110.3,1.947,0.0761,1,289598.0,0.05,AI Engineer,Mid,Low Risk
2021,3,15,4,4,8.62,111.5,1.463,0.0728,1,284454.0,0.05,Machine Learning Engineer,Senior,Low Risk
2024,2,18,5,5,7.12,88.9,1.212,0.0194,0,180272.0,0.784,QA Engineer,Mid,Critical Risk
2021,1,16,4,4,8.2,110.3,0.943,0.0783,1,103257.0,0.05,Operations Analyst,Entry,Low Risk
2025,1,10,6,6,6.38,129.6,1.204,0.0445,0,131812.0,0.903,Digital Marketer,Entry,Critical Risk
2022,3,9,6,6,5.27,132.3,1.226,0.061,0,238442.0,0.98,DevOps Engineer,Senior,Critical Risk
2024,4,11,6,6,4.7,98.5,0.684,-0.0074,0,157257.0,0.98,Excel Analyst,Lead,Critical Risk
2023,4,16,4,4,7.08,108.9,0.974,0.0783,0,223973.0,0.588,Operations Analyst,Lead,High Risk
2025,3,6,4,4,7.15,158.2,1.081,0.0674,0,210311.0,0.848,Data Analyst,Senior,Critical Risk
2025,3,7,6,6,6.37,122.9,1.515,0.1045,0,294566.0,0.98,Data Engineer,Senior,Critical Risk
2024,2,16,6,6,5.82,106.4,1.056,0.0783,0,156988.0,0.98,Operations Analyst,Mid,Critical Risk
2025,2,1,5,5,7.76,164.4,1.143,0.0589,0,169992.0,0.539,Accountant,Mid,High Risk
2022,2,7,5,5,6.8,123.9,1.294,0.1045,0,192479.0,0.431,Data Engineer,Mid,Moderate Risk
2024,3,6,3,3,4.6,154.2,0.728,0.0674,0,141671.0,0.98,Data Analyst,Senior,Critical Risk
2023,1,2,6,6,6.18,140.8,1.057,0.0454,0,115703.0,0.947,BI Developer,Entry,Critical Risk
2022,3,2,6,6,6.53,116.1,1.161,0.0454,0,225760.0,0.933,BI Developer,Senior,Critical Risk
2020,5,17,6,6,4.8,96.0,1.213,0.0733,0,310298.0,0.98,Product Manager,Principal,Critical Risk
2025,4,9,3,3,9.07,138.8,1.408,0.061,1,323927.0,0.05,DevOps Engineer,Lead,Low Risk
2025,1,4,4,4,8.28,148.8,1.653,0.0635,1,180988.0,0.05,Cloud Architect,Entry,Low Risk
2025,2,0,3,3,8.5,177.0,1.607,0.0761,1,239027.0,0.05,AI Engineer,Mid,Low Risk
2023,5,3,3,3,9.13,104.5,1.127,0.072,1,288278.0,0.05,Business Analyst,Principal,Low Risk
2021,4,0,5,5,5.9,120.3,1.405,0.0761,0,323140.0,0.977,AI Engineer,Lead,Critical Risk
2019,4,4,4,4,5.35,108.3,1.178,0.0635,0,270967.0,0.585,Cloud Architect,Lead,High Risk
2025,3,3,6,6,5.03,169.4,1.058,0.072,0,205703.0,0.98,Business Analyst,Senior,Critical Risk
2024,2,7,5,5,7.16,124.3,1.438,0.1045,1,213904.0,0.149,Data Engineer,Mid,Low Risk
2025,1,18,4,4,6.02,123.5,1.08,0.0194,0,118319.0,0.98,QA Engineer,Entry,Critical Risk
2022,1,15,3,3,8.0,116.8,1.369,0.0728,1,149962.0,0.05,Machine Learning Engineer,Entry,Low Risk
2021,1,2,5,5,6.36,119.5,1.145,0.0454,0,125391.0,0.98,BI Developer,Entry,Critical Risk
2022,4,22,6,6,7.67,131.4,1.292,0.0662,1,297156.0,0.084,Statistician,Lead,Low Risk
2020,3,14,5,5,7.18,111.1,0.821,0.0167,0,159764.0,0.733,IT Support Specialist,Senior,High Risk
2024,5,3,3,3,6.23,129.6,0.901,0.072,0,230522.0,0.98,Business Analyst,Principal,Critical Risk
2020,4,12,6,6,5.3,111.4,0.95,0.0709,0,218533.0,0.98,Financial Analyst,Lead,Critical Risk
2023,1,14,3,3,5.77,87.6,0.543,0.0167,0,59462.0,0.98,IT Support Specialist,Entry,Critical Risk
2021,3,8,6,6,6.17,117.0,1.28,0.0881,0,248946.0,0.875,Data Scientist,Senior,Critical Risk
2023,4,7,5,5,5.06,111.6,1.166,0.1045,0,268186.0,0.98,Data Engineer,Lead,Critical Risk
2025,4,9,3,3,6.23,170.6,1.106,0.061,0,254520.0,0.978,DevOps Engineer,Lead,Critical Risk
2024,3,18,3,3,8.63,107.1,1.137,0.0194,1,221105.0,0.287,QA Engineer,Senior,Moderate Risk
2021,4,16,4,4,5.72,101.5,0.873,0.0783,0,200922.0,0.98,Operations Analyst,Lead,Critical Risk
2022,3,4,5,5,4.94,109.6,1.256,0.0635,0,244207.0,0.98,Cloud Architect,Senior,Critical Risk
2024,3,18,3,3,3.5,100.8,0.701,0.0194,0,136242.0,0.98,QA Engineer,Senior,Critical Risk
2024,5,23,5,5,5.08,113.1,0.955,0.0549,0,244302.0,0.98,Supply Chain Analyst,Principal,Critical Risk
2022,4,7,6,6,7.28,128.3,1.444,0.1045,1,332193.0,0.282,Data Engineer,Lead,Moderate Risk
2024,1,12,4,4,4.53,122.7,0.734,0.0709,0,80343.0,0.98,Financial Analyst,Entry,Critical Risk
2022,3,20,3,3,7.1,106.8,0.877,0.0651,0,170606.0,0.678,SQL Developer,Senior,High Risk
2021,1,5,6,6,5.88,123.9,0.877,0.0492,0,96019.0,0.98,Content Strategist,Entry,Critical Risk
2021,2,15,5,5,6.88,109.9,1.36,0.0728,0,202270.0,0.214,Machine Learning Engineer,Mid,Low Risk
2024,4,16,3,3,4.43,107.4,0.745,0.0783,0,171459.0,0.98,Operations Analyst,Lead,Critical Risk
2024,5,6,6,6,4.0,131.1,0.845,0.0674,0,216092.0,0.98,Data Analyst,Principal,Critical Risk
2023,3,3,4,4,5.9,119.7,0.715,0.072,0,139146.0,0.881,Business Analyst,Senior,Critical Risk
2025,1,10,6,6,4.2,170.1,0.627,0.0445,0,68635.0,0.98,Digital Marketer,Entry,Critical Risk
2025,5,11,5,5,4.66,104.9,0.729,-0.0074,0,186474.0,0.98,Excel Analyst,Principal,Critical Risk
2022,1,3,5,5,4.98,121.7,0.807,0.072,0,88394.0,0.98,Business Analyst,Entry,Critical Risk
2023,2,18,4,4,3.7,91.1,0.696,0.0194,0,103442.0,0.98,QA Engineer,Mid,Critical Risk
2023,2,18,6,6,8.63,121.7,1.4,0.0194,1,208271.0,0.05,QA Engineer,Mid,Low Risk
2020,1,5,5,5,7.36,111.7,1.004,0.0492,0,109900.0,0.476,Content Strategist,Entry,Moderate Risk
2019,1,18,3,3,3.7,102.2,0.62,0.0194,0,67873.0,0.98,QA Engineer,Entry,Critical Risk
2019,4,12,6,6,5.28,98.2,1.029,0.0709,0,236730.0,0.98,Financial Analyst,Lead,Critical Risk
2020,2,0,6,6,5.62,106.4,1.523,0.0761,0,226557.0,0.98,AI Engineer,Mid,Critical Risk
2024,5,6,6,6,6.82,155.7,1.261,0.0674,0,322521.0,0.98,Data Analyst,Principal,Critical Risk
2019,4,8,6,6,7.28,101.3,1.335,0.0881,1,307029.0,0.05,Data Scientist,Lead,Low Risk
2024,2,8,5,5,5.88,110.5,1.349,0.0881,0,200706.0,0.949,Data Scientist,Mid,Critical Risk
2020,5,23,3,3,8.5,116.1,0.933,0.0549,1,238748.0,0.05,Supply Chain Analyst,Principal,Low Risk
2023,1,19,5,5,7.2,116.9,0.968,0.0467,0,106043.0,0.664,SEO Specialist,Entry,High Risk
2023,2,7,4,4,8.8,104.6,1.469,0.1045,1,218470.0,0.05,Data Engineer,Mid,Low Risk
2024,3,7,4,4,6.62,145.1,1.3,0.1045,0,252764.0,0.431,Data Engineer,Senior,Moderate Risk
2022,4,17,6,6,5.2,113.2,1.343,0.0733,0,308906.0,0.98,Product Manager,Lead,Critical Risk
2022,5,15,4,4,4.82,114.2,1.228,0.0728,0,314143.0,0.942,Machine Learning Engineer,Principal,Critical Risk
2022,5,18,3,3,6.03,104.9,0.788,0.0194,0,201642.0,0.946,QA Engineer,Principal,Critical Risk
2021,1,9,3,3,6.5,109.6,1.102,0.061,0,120732.0,0.366,DevOps Engineer,Entry,Moderate Risk
2023,5,13,3,3,6.67,121.3,0.915,0.015,0,233915.0,0.573,HR Analyst,Principal,High Risk
2025,3,2,4,4,5.45,131.3,0.965,0.0454,0,187643.0,0.98,BI Developer,Senior,Critical Risk
2019,1,4,6,6,6.27,95.1,1.396,0.0635,0,152856.0,0.384,Cloud Architect,Entry,Moderate Risk
2023,5,20,5,5,1.76,82.0,0.62,0.0651,0,158573.0,0.98,SQL Developer,Principal,Critical Risk
2024,4,18,4,4,6.65,119.7,1.001,0.0194,0,230372.0,0.664,QA Engineer,Lead,High Risk
2021,1,18,4,4,5.7,100.7,0.817,0.0194,0,89508.0,0.98,QA Engineer,Entry,Critical Risk
2019,1,0,6,6,8.23,94.0,1.643,0.0761,1,179905.0,0.05,AI Engineer,Entry,Low Risk
2024,1,6,6,6,7.53,105.6,1.353,0.0674,1,148160.0,0.329,Data Analyst,Entry,Moderate Risk
2025,4,4,6,6,6.1,157.8,1.559,0.0635,0,358509.0,0.98,Cloud Architect,Lead,Critical Risk
2023,1,15,3,3,8.9,153.3,1.537,0.0728,1,168354.0,0.05,Machine Learning Engineer,Entry,Low Risk
2024,2,18,4,4,3.88,135.3,0.868,0.0194,0,129140.0,0.98,QA Engineer,Mid,Critical Risk
2019,1,16,3,3,9.3,95.9,1.05,0.0783,1,115029.0,0.05,Operations Analyst,Entry,Low Risk
2024,4,1,4,4,7.2,126.7,0.923,0.0589,0,212256.0,0.761,Accountant,Lead,Critical Risk
2020,4,12,4,4,5.25,104.8,0.743,0.0709,0,170849.0,0.98,Financial Analyst,Lead,Critical Risk
2024,2,10,5,5,5.9,146.7,0.935,0.0445,0,139121.0,0.98,Digital Marketer,Mid,Critical Risk
2024,2,13,6,6,6.63,162.3,1.027,0.015,0,152715.0,0.98,HR Analyst,Mid,Critical Risk
2020,1,10,5,5,4.44,106.4,0.655,0.0445,0,71778.0,0.98,Digital Marketer,Entry,Critical Risk
2023,2,15,6,6,6.05,112.9,1.349,0.0728,0,200627.0,0.98,Machine Learning Engineer,Mid,Critical Risk
2022,3,2,4,4,6.78,107.1,0.88,0.0454,0,171110.0,0.715,BI Developer,Senior,High Risk
2022,3,2,6,6,7.13,115.6,1.309,0.0454,0,254630.0,0.806,BI Developer,Senior,Critical Risk
2020,5,21,5,5,8.66,98.3,1.453,0.044,1,371597.0,0.05,Software Developer,Principal,Low Risk
2022,4,17,4,4,7.05,126.1,1.241,0.0733,1,285510.0,0.311,Product Manager,Lead,Moderate Risk
2022,4,5,4,4,7.58,111.3,0.91,0.0492,1,209320.0,0.316,Content Strategist,Lead,Moderate Risk
2019,1,19,6,6,4.97,102.1,0.695,0.0467,0,76088.0,0.98,SEO Specialist,Entry,Critical Risk
2020,2,2,5,5,7.62,116.4,1.179,0.0454,1,175316.0,0.282,BI Developer,Mid,Moderate Risk
2023,3,10,5,5,7.5,115.9,1.161,0.0445,0,225772.0,0.542,Digital Marketer,Senior,High Risk
2019,4,23,3,3,9.0,106.7,1.041,0.0549,1,239556.0,0.05,Supply Chain Analyst,Lead,Low Risk
2025,5,6,3,3,5.57,151.7,0.795,0.0674,0,203401.0,0.98,Data Analyst,Principal,Critical Risk
2019,5,6,4,4,7.25,93.6,0.967,0.0674,0,247445.0,0.617,Data Analyst,Principal,High Risk
2021,4,14,5,5,6.84,95.0,0.8,0.0167,0,183975.0,0.889,IT Support Specialist,Lead,Critical Risk
2021,3,0,6,6,5.12,112.4,1.391,0.0761,0,270611.0,0.98,AI Engineer,Senior,Critical Risk
2022,2,11,3,3,4.67,111.3,0.565,-0.0074,0,84102.0,0.98,Excel Analyst,Mid,Critical Risk
2022,2,9,6,6,4.68,130.9,1.155,0.061,0,171737.0,0.98,DevOps Engineer,Mid,Critical Risk
2022,2,5,5,5,7.24,111.1,0.859,0.0492,1,127686.0,0.347,Content Strategist,Mid,Moderate Risk
2023,3,5,6,6,6.62,157.0,1.026,0.0492,0,199541.0,0.572,Content Strategist,Senior,High Risk
2022,2,23,5,5,6.08,120.7,1.002,0.0549,0,148956.0,0.974,Supply Chain Analyst,Mid,Critical Risk
2019,1,0,4,4,6.2,109.5,1.258,0.0761,0,137766.0,0.681,AI Engineer,Entry,High Risk
2021,4,6,3,3,8.63,122.5,0.944,0.0674,1,217240.0,0.061,Data Analyst,Lead,Low Risk
2025,5,5,5,5,6.14,167.8,0.856,0.0492,0,218946.0,0.98,Content Strategist,Principal,Critical Risk
2021,1,11,4,4,3.05,102.0,0.479,-0.0074,0,52458.0,0.98,Excel Analyst,Entry,Critical Risk
2019,3,22,4,4,5.58,94.7,0.837,0.0662,0,162745.0,0.912,Statistician,Senior,Critical Risk
2020,2,23,6,6,6.1,112.6,0.996,0.0549,0,148114.0,0.876,Supply Chain Analyst,Mid,Critical Risk
2024,5,14,6,6,7.33,117.1,1.099,0.0167,0,281071.0,0.76,IT Support Specialist,Principal,Critical Risk
2024,3,16,6,6,5.85,109.5,0.872,0.0783,0,169601.0,0.98,Operations Analyst,Senior,Critical Risk
2025,1,18,5,5,6.0,87.1,1.068,0.0194,0,116979.0,0.98,QA Engineer,Entry,Critical Risk
2023,3,12,4,4,6.57,135.7,0.892,0.0709,0,173530.0,0.82,Financial Analyst,Senior,Critical Risk
2025,4,5,3,3,4.2,117.4,0.605,0.0492,0,139068.0,0.98,Content Strategist,Lead,Critical Risk
2023,3,15,5,5,5.04,137.5,1.373,0.0728,0,267030.0,0.98,Machine Learning Engineer,Senior,Critical Risk
2024,1,16,4,4,6.2,120.9,0.944,0.0783,0,103332.0,0.809,Operations Analyst,Entry,Critical Risk
2024,2,13,3,3,3.8,150.3,0.591,0.015,0,87959.0,0.98,HR Analyst,Mid,Critical Risk
2019,1,8,3,3,8.4,100.3,1.06,0.0881,1,116113.0,0.05,Data Scientist,Entry,Low Risk
2022,5,6,3,3,8.6,122.1,0.921,0.0674,1,235496.0,0.05,Data Analyst,Principal,Low Risk
2020,5,11,6,6,5.22,100.7,0.796,-0.0074,0,203567.0,0.98,Excel Analyst,Principal,Critical Risk
2020,2,7,4,4,6.93,120.2,1.244,0.1045,0,184966.0,0.409,Data Engineer,Mid,Moderate Risk
2022,3,9,3,3,6.13,121.1,0.925,0.061,0,179924.0,0.728,DevOps Engineer,Senior,High Risk
2019,4,0,6,6,5.87,106.4,1.411,0.0761,0,324622.0,0.98,AI Engineer,Lead,Critical Risk
2023,1,14,6,6,7.67,95.6,1.063,0.0167,0,116378.0,0.515,IT Support Specialist,Entry,High Risk
2025,2,5,6,6,7.68,148.4,1.321,0.0492,0,196421.0,0.559,Content Strategist,Mid,High Risk
2023,4,4,5,5,5.7,133.4,1.372,0.0635,0,315523.0,0.98,Cloud Architect,Lead,Critical Risk
2022,2,1,5,5,6.42,131.0,0.925,0.0589,0,137579.0,0.98,Accountant,Mid,Critical Risk
2025,1,21,4,4,6.68,161.9,1.286,0.044,0,140819.0,0.687,Software Developer,Entry,High Risk
2022,2,4,4,4,4.88,137.1,1.212,0.0635,0,180329.0,0.98,Cloud Architect,Mid,Critical Risk
2019,3,1,3,3,6.23,99.2,0.644,0.0589,0,125287.0,0.98,Accountant,Senior,Critical Risk
2025,2,6,6,6,6.03,128.1,0.97,0.0674,0,144254.0,0.98,Data Analyst,Mid,Critical Risk
2022,3,14,4,4,4.98,116.3,0.558,0.0167,0,108509.0,0.98,IT Support Specialist,Senior,Critical Risk
2019,1,12,3,3,6.37,94.4,0.86,0.0709,0,94185.0,0.574,Financial Analyst,Entry,High Risk
2022,5,12,4,4,3.4,113.0,0.714,0.0709,0,182678.0,0.98,Financial Analyst,Principal,Critical Risk
2025,5,20,5,5,5.62,120.9,1.043,0.0651,0,266693.0,0.98,SQL Developer,Principal,Critical Risk
2022,4,18,3,3,5.93,100.6,0.854,0.0194,0,196456.0,0.844,QA Engineer,Lead,Critical Risk
2019,2,10,5,5,7.58,101.2,0.927,0.0445,0,137934.0,0.471,Digital Marketer,Mid,Moderate Risk
2021,2,8,4,4,5.25,118.0,0.998,0.0881,0,148466.0,0.98,Data Scientist,Mid,Critical Risk
2019,1,19,5,5,7.4,101.1,0.975,0.0467,0,106791.0,0.772,SEO Specialist,Entry,Critical Risk
2021,2,3,5,5,5.84,110.0,0.922,0.072,0,137146.0,0.98,Business Analyst,Mid,Critical Risk
2023,1,1,6,6,4.83,147.5,0.86,0.0589,0,94212.0,0.98,Accountant,Entry,Critical Risk
2021,1,17,6,6,7.0,111.5,1.332,0.0733,0,145870.0,0.522,Product Manager,Entry,High Risk
2025,1,11,4,4,4.45,118.8,0.545,-0.0074,0,59665.0,0.98,Excel Analyst,Entry,Critical Risk
2024,5,6,6,6,4.83,138.0,0.87,0.0674,0,222481.0,0.98,Data Analyst,Principal,Critical Risk
2020,4,15,5,5,8.78,104.7,1.63,0.0728,1,375014.0,0.05,Machine Learning Engineer,Lead,Low Risk
2019,1,12,3,3,3.8,95.4,0.633,0.0709,0,69282.0,0.98,Financial Analyst,Entry,Critical Risk
2025,1,3,6,6,8.25,156.7,1.616,0.072,1,176972.0,0.05,Business Analyst,Entry,Low Risk
2020,2,0,6,6,5.2,104.0,1.499,0.0761,0,222883.0,0.98,AI Engineer,Mid,Critical Risk
2020,3,10,5,5,5.58,103.7,0.82,0.0445,0,159533.0,0.98,Digital Marketer,Senior,Critical Risk
2023,3,22,3,3,8.8,135.1,1.099,0.0662,1,213815.0,0.05,Statistician,Senior,Low Risk
2023,3,10,4,4,7.13,147.9,0.821,0.0445,0,159615.0,0.718,Digital Marketer,Senior,High Risk
2020,3,15,4,4,3.22,102.6,0.993,0.0728,0,193215.0,0.98,Machine Learning Engineer,Senior,Critical Risk
2019,4,6,5,5,6.48,93.3,0.876,0.0674,0,201475.0,0.822,Data Analyst,Lead,Critical Risk
2025,4,1,6,6,7.07,123.6,1.072,0.0589,0,246582.0,0.98,Accountant,Lead,Critical Risk
2022,1,19,5,5,5.2,136.7,0.761,0.0467,0,83357.0,0.98,SEO Specialist,Entry,Critical Risk
2025,2,12,6,6,3.95,159.0,0.937,0.0709,0,139373.0,0.98,Financial Analyst,Mid,Critical Risk
2023,3,21,6,6,4.12,107.6,1.06,0.044,0,206173.0,0.98,Software Developer,Senior,Critical Risk
2022,2,14,5,5,5.74,114.4,0.876,0.0167,0,130219.0,0.98,IT Support Specialist,Mid,Critical Risk
2021,5,4,5,5,4.38,116.0,1.4,0.0635,0,358193.0,0.98,Cloud Architect,Principal,Critical Risk
2023,1,6,5,5,5.9,123.3,1.029,0.0674,0,112720.0,0.98,Data Analyst,Entry,Critical Risk
2022,4,6,6,6,6.22,133.0,0.955,0.0674,0,219594.0,0.98,Data Analyst,Lead,Critical Risk
2021,5,1,6,6,5.25,107.9,0.994,0.0589,0,254145.0,0.98,Accountant,Principal,Critical Risk
2024,2,2,4,4,7.45,143.6,1.214,0.0454,0,180554.0,0.676,BI Developer,Mid,High Risk
2025,5,14,4,4,7.15,121.8,0.96,0.0167,0,245514.0,0.785,IT Support Specialist,Principal,Critical Risk
2025,5,9,4,4,8.78,134.6,1.599,0.061,1,409050.0,0.05,DevOps Engineer,Principal,Low Risk
2023,2,8,5,5,4.68,126.1,1.065,0.0881,0,158329.0,0.98,Data Scientist,Mid,Critical Risk
2021,1,7,5,5,6.96,124.9,1.373,0.1045,0,150389.0,0.517,Data Engineer,Entry,High Risk
2021,1,1,3,3,7.17,100.4,0.823,0.0589,0,90166.0,0.683,Accountant,Entry,High Risk
2023,3,20,5,5,6.4,114.3,0.956,0.0651,0,185931.0,0.98,SQL Developer,Senior,Critical Risk
2020,1,21,6,6,6.32,117.8,1.126,0.044,0,123330.0,0.8,Software Developer,Entry,Critical Risk
2023,4,5,4,4,6.02,123.0,0.737,0.0492,0,169552.0,0.98,Content Strategist,Lead,Critical Risk
2025,2,9,3,3,5.9,149.7,1.085,0.061,0,161411.0,0.766,DevOps Engineer,Mid,Critical Risk
2022,1,9,3,3,6.0,123.4,1.123,0.061,0,122981.0,0.793,DevOps Engineer,Entry,Critical Risk
2022,2,18,4,4,3.82,115.3,0.687,0.0194,0,102205.0,0.98,QA Engineer,Mid,Critical Risk
2023,3,22,3,3,8.27,147.0,1.0,0.0662,1,194484.0,0.05,Statistician,Senior,Low Risk
2023,2,10,3,3,8.87,117.8,0.934,0.0445,1,138964.0,0.132,Digital Marketer,Mid,Low Risk
2023,4,16,3,3,6.67,130.0,0.771,0.0783,0,177311.0,0.817,Operations Analyst,Lead,Critical Risk
2019,5,7,6,6,6.98,106.1,1.34,0.1045,0,342732.0,0.325,Data Engineer,Principal,Moderate Risk
2019,3,4,3,3,6.93,112.4,1.312,0.0635,0,255215.0,0.214,Cloud Architect,Senior,Low Risk
2021,4,14,5,5,4.42,96.9,0.625,0.0167,0,143730.0,0.98,IT Support Specialist,Lead,Critical Risk
2025,5,12,3,3,4.87,157.1,0.856,0.0709,0,218981.0,0.98,Financial Analyst,Principal,Critical Risk
2022,4,4,5,5,7.2,114.7,1.53,0.0635,0,351866.0,0.411,Cloud Architect,Lead,Moderate Risk
2023,5,5,6,6,7.88,114.3,1.278,0.0492,1,326811.0,0.3,Content Strategist,Principal,Moderate Risk
2024,2,17,5,5,6.68,131.5,1.399,0.0733,0,208136.0,0.587,Product Manager,Mid,High Risk
2019,3,0,4,4,7.5,99.3,1.42,0.0761,1,276218.0,0.05,AI Engineer,Senior,Low Risk
2020,3,23,4,4,4.85,110.4,0.662,0.0549,0,128791.0,0.98,Supply Chain Analyst,Senior,Critical Risk
2023,5,3,3,3,6.53,115.6,0.825,0.072,0,211010.0,0.701,Business Analyst,Principal,High Risk
2021,4,12,4,4,7.22,107.7,0.919,0.0709,0,211505.0,0.628,Financial Analyst,Lead,High Risk
2025,4,15,5,5,5.82,168.3,1.595,0.0728,0,366910.0,0.98,Machine Learning Engineer,Lead,Critical Risk
2021,2,8,4,4,8.15,116.1,1.317,0.0881,1,195814.0,0.05,Data Scientist,Mid,Low Risk
2023,1,23,6,6,6.23,133.5,1.187,0.0549,0,129965.0,0.941,Supply Chain Analyst,Entry,Critical Risk
2024,1,13,4,4,5.08,146.6,0.596,0.015,0,65318.0,0.98,HR Analyst,Entry,Critical Risk
2021,2,10,6,6,7.5,115.1,1.16,0.0445,0,172584.0,0.652,Digital Marketer,Mid,High Risk
2024,1,20,6,6,6.48,101.8,1.1,0.0651,0,120466.0,0.98,SQL Developer,Entry,Critical Risk
2021,4,1,5,5,7.28,124.8,0.971,0.0589,0,223453.0,0.724,Accountant,Lead,High Risk
2021,4,23,5,5,8.1,105.5,1.052,0.0549,1,241887.0,0.05,Supply Chain Analyst,Lead,Low Risk
2025,4,0,4,4,7.15,136.3,1.592,0.0761,0,366233.0,0.35,AI Engineer,Lead,Moderate Risk
2021,1,23,4,4,3.4,122.1,0.667,0.0549,0,73087.0,0.98,Supply Chain Analyst,Entry,Critical Risk
2023,2,18,5,5,5.28,79.5,0.869,0.0194,0,129224.0,0.98,QA Engineer,Mid,Critical Risk
2025,3,4,6,6,6.95,120.7,1.646,0.0635,0,320074.0,0.233,Cloud Architect,Senior,Low Risk
2024,3,11,6,6,7.4,130.2,1.0,-0.0074,0,194507.0,0.625,Excel Analyst,Senior,High Risk
2019,5,1,3,3,4.2,90.2,0.625,0.0589,0,159758.0,0.98,Accountant,Principal,Critical Risk
2025,3,16,3,3,6.3,126.0,0.848,0.0783,0,164967.0,0.98,Operations Analyst,Senior,Critical Risk
2023,2,20,4,4,7.35,101.2,1.138,0.0651,1,169288.0,0.33,SQL Developer,Mid,Moderate Risk
2020,2,19,3,3,6.3,108.1,0.627,0.0467,0,93309.0,0.98,SEO Specialist,Mid,Critical Risk
2025,1,10,5,5,4.56,133.4,0.769,0.0445,0,84181.0,0.98,Digital Marketer,Entry,Critical Risk
2021,1,17,4,4,3.58,110.7,1.012,0.0733,0,110817.0,0.98,Product Manager,Entry,Critical Risk
2019,4,5,4,4,3.97,96.2,0.596,0.0492,0,137012.0,0.98,Content Strategist,Lead,Critical Risk
2025,3,1,3,3,8.33,115.0,0.858,0.0589,0,166807.0,0.414,Accountant,Senior,Moderate Risk
2021,5,13,5,5,7.96,113.2,1.018,0.015,1,260347.0,0.05,HR Analyst,Principal,Low Risk
2024,5,19,3,3,5.7,152.4,0.63,0.0467,0,161248.0,0.98,SEO Specialist,Principal,Critical Risk
2025,1,19,3,3,5.93,136.1,0.592,0.0467,0,64863.0,0.98,SEO Specialist,Entry,Critical Risk
2022,1,12,4,4,5.2,123.7,0.994,0.0709,0,108813.0,0.98,Financial Analyst,Entry,Critical Risk
2020,5,10,4,4,5.18,105.2,0.649,0.0445,0,166108.0,0.98,Digital Marketer,Principal,Critical Risk
2025,2,12,5,5,6.26,121.1,1.064,0.0709,0,158260.0,0.98,Financial Analyst,Mid,Critical Risk
2021,5,16,3,3,6.13,120.2,0.781,0.0783,0,199656.0,0.805,Operations Analyst,Principal,Critical Risk
2025,5,10,4,4,6.45,135.9,0.871,0.0445,0,222733.0,0.79,Digital Marketer,Principal,Critical Risk
2025,1,17,3,3,6.07,113.6,1.053,0.0733,0,115336.0,0.733,Product Manager,Entry,High Risk
2023,1,17,6,6,7.42,133.2,1.556,0.0733,0,170436.0,0.515,Product Manager,Entry,High Risk
2023,2,10,6,6,6.72,122.9,0.947,0.0445,0,140857.0,0.98,Digital Marketer,Mid,Critical Risk
2021,3,1,4,4,6.93,115.8,0.799,0.0589,0,155418.0,0.933,Accountant,Senior,Critical Risk
2024,5,9,6,6,6.33,109.2,1.463,0.061,0,374100.0,0.98,DevOps Engineer,Principal,Critical Risk
2024,1,10,4,4,8.6,123.6,1.077,0.0445,1,117898.0,0.05,Digital Marketer,Entry,Low Risk
2020,1,20,5,5,7.74,99.0,1.108,0.0651,1,121307.0,0.293,SQL Developer,Entry,Moderate Risk
2024,2,19,4,4,5.35,128.0,0.766,0.0467,0,113963.0,0.98,SEO Specialist,Mid,Critical Risk
2024,3,0,5,5,5.52,142.1,1.5,0.0761,0,291777.0,0.98,AI Engineer,Senior,Critical Risk
2019,2,17,5,5,6.06,99.0,1.216,0.0733,0,180909.0,0.604,Product Manager,Mid,High Risk
2025,3,21,5,5,1.84,159.4,0.836,0.044,0,162556.0,0.98,Software Developer,Senior,Critical Risk
2020,1,2,3,3,4.23,109.6,0.721,0.0454,0,78943.0,0.98,BI Developer,Entry,Critical Risk
2022,3,6,4,4,6.12,124.4,0.775,0.0674,0,150732.0,0.616,Data Analyst,Senior,High Risk
2021,5,0,6,6,4.8,115.1,1.366,0.0761,0,349413.0,0.98,AI Engineer,Principal,Critical Risk
2023,5,4,4,4,5.6,140.6,1.448,0.0635,0,370331.0,0.98,Cloud Architect,Principal,Critical Risk
2025,5,18,5,5,5.36,102.1,0.997,0.0194,0,254889.0,0.98,QA Engineer,Principal,Critical Risk
2019,4,9,4,4,6.32,102.5,0.953,0.061,0,219134.0,0.474,DevOps Engineer,Lead,Moderate Risk
2024,2,6,4,4,7.75,112.9,1.08,0.0674,1,160605.0,0.192,Data Analyst,Mid,Low Risk
2021,5,22,5,5,6.8,107.8,1.128,0.0662,0,288413.0,0.558,Statistician,Principal,High Risk
2024,3,16,3,3,3.4,157.6,0.609,0.0783,0,118498.0,0.98,Operations Analyst,Senior,Critical Risk
2024,4,14,3,3,9.27,114.6,0.893,0.0167,1,205303.0,0.165,IT Support Specialist,Lead,Low Risk
2024,2,7,6,6,5.4,114.7,1.338,0.1045,0,198953.0,0.98,Data Engineer,Mid,Critical Risk
2019,3,19,3,3,4.67,105.0,0.617,0.0467,0,120068.0,0.98,SEO Specialist,Senior,Critical Risk
2021,2,16,3,3,5.77,115.3,0.585,0.0783,0,87023.0,0.945,Operations Analyst,Mid,Critical Risk
2024,1,3,4,4,7.3,138.1,1.111,0.072,0,121709.0,0.363,Business Analyst,Entry,Moderate Risk
2021,2,1,4,4,3.97,102.6,0.657,0.0589,0,97675.0,0.98,Accountant,Mid,Critical Risk
2023,1,9,3,3,6.73,113.5,1.155,0.061,0,126481.0,0.349,DevOps Engineer,Entry,Moderate Risk
2019,1,2,3,3,4.33,99.7,0.724,0.0454,0,79281.0,0.98,BI Developer,Entry,Critical Risk
2024,4,9,5,5,3.2,146.6,1.012,0.061,0,232856.0,0.98,DevOps Engineer,Lead,Critical Risk
2024,3,7,5,5,7.82,134.2,1.62,0.1045,1,315152.0,0.05,Data Engineer,Senior,Low Risk
2025,3,20,5,5,6.8,93.8,1.137,0.0651,0,221182.0,0.666,SQL Developer,Senior,High Risk
2021,5,9,3,3,4.67,114.1,0.927,0.061,0,237119.0,0.98,DevOps Engineer,Principal,Critical Risk
2023,4,20,4,4,6.3,123.1,0.923,0.0651,0,212415.0,0.773,SQL Developer,Lead,Critical Risk
2025,1,22,5,5,8.54,151.4,1.396,0.0662,1,152900.0,0.05,Statistician,Entry,Low Risk
2024,4,2,5,5,6.32,124.5,1.06,0.0454,0,243771.0,0.98,BI Developer,Lead,Critical Risk
2019,3,13,6,6,6.62,102.9,1.053,0.015,0,204877.0,0.98,HR Analyst,Senior,Critical Risk
2021,4,2,3,3,3.87,114.2,0.681,0.0454,0,156624.0,0.98,BI Developer,Lead,Critical Risk
2023,4,16,4,4,5.55,114.0,0.874,0.0783,0,201122.0,0.98,Operations Analyst,Lead,Critical Risk
2024,3,21,3,3,5.97,160.4,0.998,0.044,0,194053.0,0.842,Software Developer,Senior,Critical Risk
2022,1,12,4,4,5.45,121.2,0.894,0.0709,0,97869.0,0.98,Financial Analyst,Entry,Critical Risk
2023,2,7,3,3,4.17,105.6,1.073,0.1045,0,159521.0,0.98,Data Engineer,Mid,Critical Risk
2021,4,14,3,3,6.4,116.5,0.635,0.0167,0,145975.0,0.98,IT Support Specialist,Lead,Critical Risk
2021,1,0,4,4,6.85,107.9,1.438,0.0761,0,157449.0,0.285,AI Engineer,Entry,Moderate Risk
2023,1,9,5,5,6.48,140.4,1.262,0.061,0,138245.0,0.646,DevOps Engineer,Entry,High Risk
2022,4,23,3,3,8.4,130.8,0.929,0.0549,1,213751.0,0.05,Supply Chain Analyst,Lead,Low Risk
2020,3,21,6,6,6.27,100.5,1.235,0.044,0,240101.0,0.695,Software Developer,Senior,High Risk
2023,2,2,5,5,4.98,130.1,0.85,0.0454,0,126487.0,0.98,BI Developer,Mid,Critical Risk
2019,2,13,4,4,8.78,97.9,0.881,0.015,1,131015.0,0.05,HR Analyst,Mid,Low Risk
2022,2,13,5,5,5.84,109.2,0.797,0.015,0,118517.0,0.98,HR Analyst,Mid,Critical Risk
2022,2,2,3,3,5.97,119.0,0.898,0.0454,0,133512.0,0.567,BI Developer,Mid,High Risk
2024,4,15,5,5,5.92,135.6,1.335,0.0728,0,307087.0,0.921,Machine Learning Engineer,Lead,Critical Risk
2022,4,13,5,5,5.72,123.6,0.82,0.015,0,188715.0,0.98,HR Analyst,Lead,Critical Risk
2025,5,14,5,5,5.36,93.7,0.877,0.0167,0,224432.0,0.98,IT Support Specialist,Principal,Critical Risk
2022,4,19,3,3,4.77,114.0,0.611,0.0467,0,140472.0,0.98,SEO Specialist,Lead,Critical Risk
2023,4,1,6,6,8.65,111.8,1.34,0.0589,1,308186.0,0.05,Accountant,Lead,Low Risk
2023,3,23,5,5,5.1,139.8,0.854,0.0549,0,166005.0,0.98,Supply Chain Analyst,Senior,Critical Risk
2020,3,0,6,6,6.85,100.1,1.664,0.0761,0,323588.0,0.613,AI Engineer,Senior,High Risk
2019,4,19,3,3,8.07,101.8,0.742,0.0467,1,170687.0,0.333,SEO Specialist,Lead,Moderate Risk
2024,4,10,6,6,4.42,140.2,0.736,0.0445,0,169229.0,0.98,Digital Marketer,Lead,Critical Risk
2019,3,4,3,3,5.87,106.8,1.097,0.0635,0,213440.0,0.469,Cloud Architect,Senior,Moderate Risk
2024,3,17,3,3,6.7,140.5,1.283,0.0733,0,249515.0,0.54,Product Manager,Senior,High Risk
2024,4,8,5,5,5.5,152.5,1.158,0.0881,0,266264.0,0.98,Data Scientist,Lead,Critical Risk
2024,3,3,4,4,5.02,140.6,0.768,0.072,0,149358.0,0.98,Business Analyst,Senior,Critical Risk
2020,5,22,6,6,7.7,94.2,1.32,0.0662,1,337491.0,0.141,Statistician,Principal,Low Risk
2025,2,18,6,6,5.3,95.6,1.154,0.0194,0,171655.0,0.98,QA Engineer,Mid,Critical Risk
2024,2,4,5,5,3.48,147.6,1.091,0.0635,0,162298.0,0.98,Cloud Architect,Mid,Critical Risk
2024,3,1,6,6,6.17,151.0,1.077,0.0589,0,209478.0,0.98,Accountant,Senior,Critical Risk
2020,4,14,4,4,6.78,96.8,0.743,0.0167,0,170880.0,0.889,IT Support Specialist,Lead,Critical Risk
2023,4,8,3,3,6.2,119.6,1.043,0.0881,0,239957.0,0.479,Data Scientist,Lead,Moderate Risk
2021,4,4,4,4,6.3,115.4,1.369,0.0635,0,314921.0,0.539,Cloud Architect,Lead,High Risk
2022,3,6,4,4,6.38,135.5,0.74,0.0674,0,143902.0,0.635,Data Analyst,Senior,High Risk
2019,4,15,3,3,7.53,97.6,1.265,0.0728,1,291004.0,0.05,Machine Learning Engineer,Lead,Low Risk
2025,4,17,5,5,5.84,130.7,1.247,0.0733,0,286898.0,0.98,Product Manager,Lead,Critical Risk
2021,1,13,6,6,7.02,111.3,1.016,0.015,0,111255.0,0.677,HR Analyst,Entry,High Risk
2022,2,2,3,3,6.17,127.3,0.876,0.0454,0,130230.0,0.755,BI Developer,Mid,Critical Risk
2024,1,2,6,6,5.13,129.2,0.951,0.0454,0,104094.0,0.98,BI Developer,Entry,Critical Risk
2023,5,1,6,6,7.1,125.9,1.231,0.0589,0,314870.0,0.846,Accountant,Principal,Critical Risk
2024,3,8,6,6,8.23,142.1,1.523,0.0881,1,296250.0,0.05,Data Scientist,Senior,Low Risk
2020,4,2,4,4,9.02,106.7,1.174,0.0454,1,270104.0,0.05,BI Developer,Lead,Low Risk
2022,5,11,4,4,6.5,116.1,0.775,-0.0074,0,198225.0,0.98,Excel Analyst,Principal,Critical Risk
2025,2,4,3,3,6.97,154.4,1.448,0.0635,0,215429.0,0.312,Cloud Architect,Mid,Moderate Risk
2022,4,5,6,6,5.2,128.9,0.839,0.0492,0,192948.0,0.98,Content Strategist,Lead,Critical Risk
2023,1,16,3,3,6.0,143.1,0.912,0.0783,0,99873.0,0.627,Operations Analyst,Entry,High Risk
2024,3,3,6,6,6.3,150.2,1.105,0.072,0,214953.0,0.98,Business Analyst,Senior,Critical Risk
2023,2,15,5,5,6.82,119.6,1.471,0.0728,0,218774.0,0.219,Machine Learning Engineer,Mid,Low Risk
2021,1,13,4,4,7.1,122.6,0.987,0.015,0,108110.0,0.693,HR Analyst,Entry,High Risk
2021,3,14,3,3,6.2,101.2,0.612,0.0167,0,118934.0,0.98,IT Support Specialist,Senior,Critical Risk
2020,5,9,5,5,5.18,101.8,1.197,0.061,0,306127.0,0.98,DevOps Engineer,Principal,Critical Risk
2022,3,23,4,4,5.15,115.2,0.731,0.0549,0,142175.0,0.98,Supply Chain Analyst,Senior,Critical Risk
2020,2,6,4,4,7.48,112.1,0.877,0.0674,1,130378.0,0.297,Data Analyst,Mid,Moderate Risk
2024,4,5,4,4,5.7,151.9,0.788,0.0492,0,181313.0,0.98,Content Strategist,Lead,Critical Risk
2021,3,5,4,4,6.52,111.9,0.803,0.0492,0,156110.0,0.98,Content Strategist,Senior,Critical Risk
2022,1,6,5,5,7.28,127.8,0.946,0.0674,0,103643.0,0.493,Data Analyst,Entry,Moderate Risk
2025,2,15,6,6,5.43,164.9,1.436,0.0728,0,213618.0,0.98,Machine Learning Engineer,Mid,Critical Risk
2021,1,23,5,5,6.52,117.7,0.927,0.0549,0,101479.0,0.919,Supply Chain Analyst,Entry,Critical Risk
2025,1,8,4,4,4.95,128.7,1.197,0.0881,0,131085.0,0.98,Data Scientist,Entry,Critical Risk
2024,2,11,3,3,5.8,106.0,0.63,-0.0074,0,93688.0,0.98,Excel Analyst,Mid,Critical Risk
2024,1,20,5,5,6.36,120.2,1.027,0.0651,0,112495.0,0.98,SQL Developer,Entry,Critical Risk
2022,5,15,3,3,8.3,116.3,1.364,0.0728,1,348945.0,0.05,Machine Learning Engineer,Principal,Low Risk
2022,1,20,4,4,5.75,83.8,0.826,0.0651,0,90445.0,0.977,SQL Developer,Entry,Critical Risk
2022,4,15,6,6,5.48,125.2,1.312,0.0728,0,301862.0,0.98,Machine Learning Engineer,Lead,Critical Risk
2020,5,4,5,5,5.28,103.0,1.348,0.0635,0,344701.0,0.98,Cloud Architect,Principal,Critical Risk
2021,5,23,6,6,7.73,123.0,1.349,0.0549,1,345092.0,0.274,Supply Chain Analyst,Principal,Moderate Risk
2023,4,10,3,3,3.93,128.0,0.577,0.0445,0,132752.0,0.98,Digital Marketer,Lead,Critical Risk
2025,3,14,4,4,6.95,98.6,0.775,0.0167,0,150817.0,0.98,IT Support Specialist,Senior,Critical Risk
2021,5,4,5,5,5.1,108.2,1.314,0.0635,0,336151.0,0.98,Cloud Architect,Principal,Critical Risk
2020,2,21,4,4,6.45,107.3,1.019,0.044,0,151625.0,0.697,Software Developer,Mid,High Risk
2022,3,17,6,6,5.38,117.6,1.336,0.0733,0,259832.0,0.98,Product Manager,Senior,Critical Risk
2021,3,17,6,6,5.5,114.1,1.049,0.0733,0,204049.0,0.98,Product Manager,Senior,Critical Risk
2022,2,9,3,3,4.43,111.0,0.929,0.061,0,138223.0,0.98,DevOps Engineer,Mid,Critical Risk
2024,3,22,5,5,6.4,144.4,1.06,0.0662,0,206223.0,0.437,Statistician,Senior,Moderate Risk
2020,5,20,5,5,9.04,103.9,1.412,0.0651,1,361065.0,0.05,SQL Developer,Principal,Low Risk
2024,4,12,6,6,6.62,115.1,1.137,0.0709,0,261508.0,0.822,Financial Analyst,Lead,Critical Risk
2024,3,4,6,6,7.62,128.1,1.843,0.0635,1,358481.0,0.104,Cloud Architect,Senior,Low Risk
2025,4,17,5,5,7.04,113.6,1.374,0.0733,1,316169.0,0.194,Product Manager,Lead,Low Risk
2023,3,19,5,5,6.16,140.3,0.94,0.0467,0,182836.0,0.98,SEO Specialist,Senior,Critical Risk
2024,3,16,4,4,8.68,138.7,1.13,0.0783,1,219861.0,0.05,Operations Analyst,Senior,Low Risk
2021,3,20,3,3,6.4,107.2,0.844,0.0651,0,164230.0,0.958,SQL Developer,Senior,Critical Risk
2022,1,10,5,5,7.58,129.8,0.962,0.0445,0,105339.0,0.351,Digital Marketer,Entry,Moderate Risk
2021,4,19,5,5,4.56,119.7,0.679,0.0467,0,156245.0,0.98,SEO Specialist,Lead,Critical Risk
2023,5,2,6,6,4.32,116.1,1.012,0.0454,0,258809.0,0.98,BI Developer,Principal,Critical Risk
2021,4,14,3,3,4.93,99.3,0.606,0.0167,0,139428.0,0.98,IT Support Specialist,Lead,Critical Risk
2023,4,16,5,5,6.16,117.3,0.843,0.0783,0,193990.0,0.98,Operations Analyst,Lead,Critical Risk
2020,2,22,6,6,4.43,108.5,0.841,0.0662,0,125023.0,0.98,Statistician,Mid,Critical Risk
2024,2,12,4,4,9.32,139.1,1.261,0.0709,1,187543.0,0.05,Financial Analyst,Mid,Low Risk
2025,2,3,3,3,6.1,160.6,0.873,0.072,0,129903.0,0.98,Business Analyst,Mid,Critical Risk
2020,2,0,4,4,7.2,100.8,1.367,0.0761,0,203285.0,0.363,AI Engineer,Mid,Moderate Risk
2022,4,15,4,4,8.28,109.8,1.376,0.0728,1,316521.0,0.05,Machine Learning Engineer,Lead,Low Risk
2022,1,12,3,3,6.77,106.0,0.937,0.0709,0,102578.0,0.845,Financial Analyst,Entry,Critical Risk
2022,5,17,6,6,7.17,115.6,1.535,0.0733,0,392656.0,0.573,Product Manager,Principal,High Risk
2019,1,14,6,6,7.53,87.9,1.101,0.0167,1,120567.0,0.349,IT Support Specialist,Entry,Moderate Risk
2025,3,13,6,6,6.23,120.2,0.992,0.015,0,192880.0,0.98,HR Analyst,Senior,Critical Risk
2025,2,11,4,4,6.45,130.6,0.74,-0.0074,0,110046.0,0.98,Excel Analyst,Mid,Critical Risk
2019,2,1,6,6,5.25,95.1,0.825,0.0589,0,122718.0,0.98,Accountant,Mid,Critical Risk
2024,2,23,4,4,8.6,127.1,1.019,0.0549,1,151526.0,0.05,Supply Chain Analyst,Mid,Low Risk
2021,5,22,3,3,8.53,100.4,1.066,0.0662,1,272740.0,0.05,Statistician,Principal,Low Risk
2025,4,7,6,6,4.32,115.3,1.277,0.1045,0,293829.0,0.98,Data Engineer,Lead,Critical Risk
2021,1,11,3,3,7.6,111.4,0.666,-0.0074,0,72895.0,0.514,Excel Analyst,Entry,High Risk
2023,2,14,5,5,7.04,107.2,0.977,0.0167,0,145241.0,0.896,IT Support Specialist,Mid,Critical Risk
2023,1,23,4,4,6.52,133.7,0.949,0.0549,0,103922.0,0.486,Supply Chain Analyst,Entry,Moderate Risk
2020,1,23,5,5,7.6,115.2,1.162,0.0549,1,127223.0,0.285,Supply Chain Analyst,Entry,Moderate Risk
2021,4,4,5,5,7.32,126.6,1.491,0.0635,1,343045.0,0.346,Cloud Architect,Lead,Moderate Risk
2023,1,17,4,4,7.3,109.4,1.398,0.0733,0,153073.0,0.528,Product Manager,Entry,High Risk
2025,2,11,3,3,3.97,99.6,0.496,-0.0074,0,73795.0,0.98,Excel Analyst,Mid,Critical Risk
2024,4,12,6,6,6.17,136.9,1.072,0.0709,0,246647.0,0.98,Financial Analyst,Lead,Critical Risk
2023,3,4,5,5,3.62,133.5,1.221,0.0635,0,237405.0,0.98,Cloud Architect,Senior,Critical Risk
2019,3,23,3,3,6.03,104.5,0.72,0.0549,0,140008.0,0.465,Supply Chain Analyst,Senior,Moderate Risk
2023,1,7,3,3,5.77,120.0,1.099,0.1045,0,120388.0,0.661,Data Engineer,Entry,High Risk
2025,3,9,3,3,6.23,146.8,1.175,0.061,0,228494.0,0.905,DevOps Engineer,Senior,Critical Risk
2023,2,20,4,4,5.5,124.6,0.867,0.0651,0,128964.0,0.98,SQL Developer,Mid,Critical Risk
2023,5,5,5,5,6.86,117.5,0.983,0.0492,0,251523.0,0.626,Content Strategist,Principal,High Risk
2019,2,23,4,4,4.53,95.8,0.62,0.0549,0,92169.0,0.98,Supply Chain Analyst,Mid,Critical Risk
2019,3,21,6,6,7.37,95.6,1.317,0.044,1,256072.0,0.197,Software Developer,Senior,Low Risk
2021,5,16,3,3,6.43,110.6,0.803,0.0783,0,205328.0,0.831,Operations Analyst,Principal,Critical Risk
2022,2,2,6,6,7.67,115.3,1.248,0.0454,1,185591.0,0.183,BI Developer,Mid,Low Risk
2021,4,7,4,4,6.7,103.9,1.174,0.1045,0,269991.0,0.53,Data Engineer,Lead,High Risk
2021,1,6,3,3,2.1,110.8,0.567,0.0674,0,62134.0,0.98,Data Analyst,Entry,Critical Risk
2024,3,14,6,6,6.52,122.4,1.07,0.0167,0,208194.0,0.98,IT Support Specialist,Senior,Critical Risk
2019,3,21,6,6,5.5,95.2,1.15,0.044,0,223743.0,0.98,Software Developer,Senior,Critical Risk
2019,5,8,4,4,3.35,110.5,0.864,0.0881,0,221059.0,0.98,Data Scientist,Principal,Critical Risk
2022,1,18,5,5,6.86,115.9,1.013,0.0194,0,110959.0,0.98,QA Engineer,Entry,Critical Risk
2021,1,9,6,6,5.17,115.0,1.061,0.061,0,116198.0,0.98,DevOps Engineer,Entry,Critical Risk
2019,4,16,6,6,5.12,103.0,0.809,0.0783,0,186153.0,0.98,Operations Analyst,Lead,Critical Risk
2025,1,13,3,3,6.47,139.4,0.811,0.015,0,88793.0,0.937,HR Analyst,Entry,Critical Risk
2024,4,1,5,5,2.96,145.5,0.621,0.0589,0,142817.0,0.98,Accountant,Lead,Critical Risk
2019,4,21,4,4,7.18,95.1,1.116,0.044,0,256674.0,0.564,Software Developer,Lead,High Risk
2022,4,6,5,5,6.86,100.6,0.993,0.0674,0,228479.0,0.422,Data Analyst,Lead,Moderate Risk
2022,3,16,5,5,4.76,104.6,0.726,0.0783,0,141168.0,0.98,Operations Analyst,Senior,Critical Risk
2022,3,8,4,4,7.58,137.1,1.242,0.0881,1,241464.0,0.256,Data Scientist,Senior,Moderate Risk
2019,4,13,6,6,6.23,100.2,0.912,0.015,0,209815.0,0.98,HR Analyst,Lead,Critical Risk
2022,3,9,4,4,9.25,113.6,1.457,0.061,1,283348.0,0.05,DevOps Engineer,Senior,Low Risk
2021,5,5,4,4,5.3,102.3,0.727,0.0492,0,186008.0,0.98,Content Strategist,Principal,Critical Risk
2019,5,16,4,4,6.6,98.3,0.905,0.0783,0,231539.0,0.595,Operations Analyst,Principal,High Risk
2022,3,15,3,3,8.3,136.9,1.311,0.0728,1,254944.0,0.05,Machine Learning Engineer,Senior,Low Risk
2020,2,19,6,6,3.05,111.6,0.494,0.0467,0,73541.0,0.98,SEO Specialist,Mid,Critical Risk
2025,2,20,4,4,5.1,140.8,0.815,0.0651,0,121222.0,0.98,SQL Developer,Mid,Critical Risk
2022,5,19,6,6,5.23,126.9,0.87,0.0467,0,222451.0,0.98,SEO Specialist,Principal,Critical Risk
2022,3,17,6,6,6.15,110.7,1.338,0.0733,0,260214.0,0.98,Product Manager,Senior,Critical Risk
2024,3,7,4,4,4.98,136.3,1.175,0.1045,0,228578.0,0.965,Data Engineer,Senior,Critical Risk
2021,5,15,4,4,5.55,109.8,1.194,0.0728,0,305312.0,0.84,Machine Learning Engineer,Principal,Critical Risk
2023,4,14,3,3,8.5,111.1,0.82,0.0167,1,188509.0,0.318,IT Support Specialist,Lead,Moderate Risk
2024,3,3,3,3,6.73,157.5,0.927,0.072,0,180274.0,0.636,Business Analyst,Senior,High Risk
2021,3,12,6,6,6.05,114.4,0.889,0.0709,0,172951.0,0.98,Financial Analyst,Senior,Critical Risk
2021,3,19,6,6,5.28,120.0,0.744,0.0467,0,144746.0,0.98,SEO Specialist,Senior,Critical Risk
2023,3,3,3,3,6.6,128.1,0.817,0.072,0,158945.0,0.572,Business Analyst,Senior,High Risk
2020,2,17,4,4,5.88,114.2,1.141,0.0733,0,169747.0,0.98,Product Manager,Mid,Critical Risk
2024,3,15,6,6,4.1,140.7,1.183,0.0728,0,230088.0,0.98,Machine Learning Engineer,Senior,Critical Risk
2020,2,4,5,5,6.98,99.9,1.453,0.0635,0,216120.0,0.311,Cloud Architect,Mid,Moderate Risk
2021,2,21,3,3,6.2,106.0,1.048,0.044,0,155914.0,0.704,Software Developer,Mid,High Risk
2021,5,6,3,3,6.7,98.7,0.848,0.0674,0,216822.0,0.707,Data Analyst,Principal,High Risk
2023,1,6,5,5,4.8,111.5,0.856,0.0674,0,93794.0,0.98,Data Analyst,Entry,Critical Risk
2020,5,20,4,4,5.28,94.3,0.903,0.0651,0,230984.0,0.98,SQL Developer,Principal,Critical Risk
2023,5,9,4,4,6.8,105.3,1.271,0.061,0,325030.0,0.609,DevOps Engineer,Principal,High Risk
2019,1,19,3,3,6.97,96.7,0.778,0.0467,0,85160.0,0.805,SEO Specialist,Entry,Critical Risk
2020,4,15,4,4,5.35,105.5,1.178,0.0728,0,271077.0,0.937,Machine Learning Engineer,Lead,Critical Risk
2022,1,14,5,5,7.3,97.4,0.878,0.0167,0,96140.0,0.762,IT Support Specialist,Entry,Critical Risk
2022,3,3,3,3,6.0,130.0,0.849,0.072,0,165036.0,0.98,Business Analyst,Senior,Critical Risk
2021,5,5,6,6,6.13,110.9,0.96,0.0492,0,245431.0,0.98,Content Strategist,Principal,Critical Risk
2025,3,20,6,6,7.23,96.5,1.257,0.0651,1,244372.0,0.323,SQL Developer,Senior,Moderate Risk
2022,4,1,5,5,4.64,133.4,0.799,0.0589,0,183689.0,0.98,Accountant,Lead,Critical Risk
2020,3,8,4,4,5.55,109.1,1.124,0.0881,0,218559.0,0.98,Data Scientist,Senior,Critical Risk
2019,4,0,3,3,2.0,99.4,0.988,0.0761,0,227224.0,0.98,AI Engineer,Lead,Critical Risk
2023,2,5,3,3,8.37,150.4,0.79,0.0492,1,117425.0,0.236,Content Strategist,Mid,Low Risk
2020,3,16,6,6,5.83,105.9,0.894,0.0783,0,173880.0,0.98,Operations Analyst,Senior,Critical Risk
2020,1,16,4,4,5.95,114.9,0.784,0.0783,0,85909.0,0.98,Operations Analyst,Entry,Critical Risk
2025,3,11,4,4,5.45,95.7,0.725,-0.0074,0,141092.0,0.98,Excel Analyst,Senior,Critical Risk
2022,5,23,5,5,5.86,108.9,0.796,0.0549,0,203693.0,0.98,Supply Chain Analyst,Principal,Critical Risk
2020,3,10,6,6,5.27,104.4,0.858,0.0445,0,166843.0,0.98,Digital Marketer,Senior,Critical Risk
2019,1,13,6,6,7.58,95.8,1.137,0.015,1,124461.0,0.311,HR Analyst,Entry,Moderate Risk
2024,4,16,5,5,6.18,139.1,1.033,0.0783,0,237662.0,0.98,Operations Analyst,Lead,Critical Risk
2022,1,20,4,4,8.38,102.6,0.98,0.0651,1,107366.0,0.05,SQL Developer,Entry,Low Risk
2019,1,11,3,3,1.67,105.9,0.396,-0.0074,0,43359.0,0.98,Excel Analyst,Entry,Critical Risk
2022,3,1,6,6,5.45,131.6,0.873,0.0589,0,169831.0,0.98,Accountant,Senior,Critical Risk
2024,1,4,4,4,6.98,130.3,1.579,0.0635,0,172934.0,0.622,Cloud Architect,Entry,High Risk
2020,1,13,4,4,8.65,100.0,1.014,0.015,1,111026.0,0.05,HR Analyst,Entry,Low Risk
2020,4,4,3,3,4.7,109.7,1.062,0.0635,0,244248.0,0.98,Cloud Architect,Lead,Critical Risk
2023,2,2,3,3,6.7,121.9,1.052,0.0454,0,156533.0,0.725,BI Developer,Mid,High Risk
2023,5,6,5,5,7.5,114.6,1.211,0.0674,0,309678.0,0.529,Data Analyst,Principal,High Risk
2019,1,12,3,3,3.77,93.3,0.657,0.0709,0,71943.0,0.98,Financial Analyst,Entry,Critical Risk
2023,1,19,6,6,6.25,141.3,0.788,0.0467,0,86292.0,0.98,SEO Specialist,Entry,Critical Risk
2023,3,22,4,4,7.88,119.6,1.095,0.0662,1,213021.0,0.05,Statistician,Senior,Low Risk
2024,2,17,4,4,7.08,154.5,1.229,0.0733,0,182724.0,0.37,Product Manager,Mid,Moderate Risk
2020,4,3,4,4,5.18,107.5,0.731,0.072,0,168112.0,0.98,Business Analyst,Lead,Critical Risk
2022,4,18,6,6,6.2,109.4,1.065,0.0194,0,244888.0,0.98,QA Engineer,Lead,Critical Risk
2024,2,5,4,4,3.8,145.5,0.623,0.0492,0,92721.0,0.98,Content Strategist,Mid,Critical Risk
2023,4,9,5,5,7.1,119.8,1.317,0.061,0,302889.0,0.623,DevOps Engineer,Lead,High Risk
2023,4,13,6,6,7.72,135.8,1.257,0.015,1,289151.0,0.314,HR Analyst,Lead,Moderate Risk
2023,2,18,4,4,5.7,98.8,0.878,0.0194,0,130524.0,0.98,QA Engineer,Mid,Critical Risk
2024,5,23,4,4,8.28,119.4,1.05,0.0549,1,268438.0,0.058,Supply Chain Analyst,Principal,Low Risk
2024,4,7,3,3,4.07,115.2,1.122,0.1045,0,258121.0,0.98,Data Engineer,Lead,Critical Risk
2019,1,6,5,5,7.56,97.7,0.99,0.0674,1,108462.0,0.312,Data Analyst,Entry,Moderate Risk
2021,3,1,6,6,6.82,116.0,1.184,0.0589,0,230191.0,0.98,Accountant,Senior,Critical Risk
2020,2,7,6,6,5.0,105.9,1.208,0.1045,0,179634.0,0.98,Data Engineer,Mid,Critical Risk
2024,1,11,3,3,6.73,121.1,0.75,-0.0074,0,82112.0,0.98,Excel Analyst,Entry,Critical Risk
2022,4,21,5,5,7.5,136.3,1.28,0.044,1,294491.0,0.119,Software Developer,Lead,Low Risk
2023,3,9,3,3,7.1,123.3,1.238,0.061,0,240832.0,0.398,DevOps Engineer,Senior,Moderate Risk
2022,1,7,5,5,4.8,140.8,1.282,0.1045,0,140342.0,0.98,Data Engineer,Entry,Critical Risk
2022,5,6,4,4,6.68,120.5,0.957,0.0674,0,244734.0,0.937,Data Analyst,Principal,Critical Risk
2023,4,6,3,3,3.87,122.0,0.621,0.0674,0,142918.0,0.98,Data Analyst,Lead,Critical Risk
2022,3,18,6,6,7.47,114.7,1.349,0.0194,0,262375.0,0.488,QA Engineer,Senior,Moderate Risk
2023,5,6,6,6,5.98,145.3,1.062,0.0674,0,271681.0,0.98,Data Analyst,Principal,Critical Risk
2024,3,21,6,6,7.42,130.7,1.531,0.044,1,297669.0,0.349,Software Developer,Senior,Moderate Risk
2022,3,0,3,3,4.07,129.1,1.259,0.0761,0,244888.0,0.953,AI Engineer,Senior,Critical Risk
2019,2,6,3,3,9.33,102.5,1.028,0.0674,1,152840.0,0.05,Data Analyst,Mid,Low Risk
2025,1,11,3,3,4.13,131.0,0.637,-0.0074,0,69782.0,0.98,Excel Analyst,Entry,Critical Risk
2023,2,8,5,5,4.9,135.1,1.202,0.0881,0,178733.0,0.98,Data Scientist,Mid,Critical Risk
2020,1,17,3,3,6.07,118.6,1.053,0.0733,0,115299.0,0.374,Product Manager,Entry,Moderate Risk
2020,1,3,4,4,5.18,113.7,0.64,0.072,0,70075.0,0.98,Business Analyst,Entry,Critical Risk
2023,2,16,3,3,8.43,108.0,0.94,0.0783,1,139871.0,0.127,Operations Analyst,Mid,Low Risk
2020,3,20,4,4,5.48,105.8,0.891,0.0651,0,173279.0,0.98,SQL Developer,Senior,Critical Risk
2025,2,4,5,5,5.86,120.3,1.451,0.0635,0,215796.0,0.98,Cloud Architect,Mid,Critical Risk
2021,2,9,5,5,7.94,100.2,1.543,0.061,1,229553.0,0.091,DevOps Engineer,Mid,Low Risk
2021,1,17,3,3,1.93,116.2,0.851,0.0733,0,93150.0,0.98,Product Manager,Entry,Critical Risk
2024,1,23,5,5,3.84,118.6,0.768,0.0549,0,84086.0,0.98,Supply Chain Analyst,Entry,Critical Risk
2025,4,4,5,5,6.84,169.1,1.578,0.0635,0,362944.0,0.444,Cloud Architect,Lead,Moderate Risk
2020,5,11,5,5,5.32,113.7,0.763,-0.0074,0,195219.0,0.98,Excel Analyst,Principal,Critical Risk
2022,4,14,4,4,4.88,118.0,0.529,0.0167,0,121706.0,0.98,IT Support Specialist,Lead,Critical Risk
2025,3,7,6,6,7.77,143.8,1.708,0.1045,1,332197.0,0.182,Data Engineer,Senior,Low Risk
2020,1,20,6,6,8.48,110.0,1.289,0.0651,1,141111.0,0.05,SQL Developer,Entry,Low Risk
2021,3,19,6,6,5.33,114.8,0.772,0.0467,0,150048.0,0.98,SEO Specialist,Senior,Critical Risk
2024,3,3,5,5,6.0,125.7,0.941,0.072,0,183008.0,0.98,Business Analyst,Senior,Critical Risk
2022,4,20,5,5,6.32,114.7,1.108,0.0651,0,254828.0,0.98,SQL Developer,Lead,Critical Risk
2023,5,15,5,5,4.66,137.2,1.454,0.0728,0,371884.0,0.98,Machine Learning Engineer,Principal,Critical Risk
2021,4,12,6,6,7.42,111.4,1.151,0.0709,0,264655.0,0.446,Financial Analyst,Lead,Moderate Risk
2025,4,4,5,5,4.8,166.9,1.382,0.0635,0,318013.0,0.98,Cloud Architect,Lead,Critical Risk
2021,5,13,4,4,5.55,115.5,0.678,0.015,0,173437.0,0.98,HR Analyst,Principal,Critical Risk
2019,5,4,4,4,7.2,104.7,1.475,0.0635,1,377350.0,0.144,Cloud Architect,Principal,Low Risk
2023,3,17,6,6,3.77,108.3,1.163,0.0733,0,226250.0,0.98,Product Manager,Senior,Critical Risk
2025,4,3,3,3,7.03,151.7,0.944,0.072,0,217087.0,0.6,Business Analyst,Lead,High Risk
2023,3,7,5,5,4.4,134.2,1.102,0.1045,0,214356.0,0.98,Data Engineer,Senior,Critical Risk
2023,1,1,4,4,6.68,137.1,0.804,0.0589,0,88075.0,0.803,Accountant,Entry,Critical Risk
2022,1,16,4,4,7.18,131.0,0.967,0.0783,0,105898.0,0.756,Operations Analyst,Entry,Critical Risk
2022,3,8,6,6,5.95,128.2,1.116,0.0881,0,217098.0,0.98,Data Scientist,Senior,Critical Risk
2019,4,22,6,6,8.25,95.6,1.371,0.0662,1,315481.0,0.05,Statistician,Lead,Low Risk
2025,5,4,4,4,5.42,151.3,1.427,0.0635,0,365073.0,0.98,Cloud Architect,Principal,Critical Risk
2024,3,18,5,5,3.76,104.6,0.806,0.0194,0,156807.0,0.98,QA Engineer,Senior,Critical Risk
2023,1,12,4,4,8.55,126.2,1.232,0.0709,1,134951.0,0.05,Financial Analyst,Entry,Low Risk
2024,1,11,5,5,7.06,101.6,1.019,-0.0074,0,111619.0,0.98,Excel Analyst,Entry,Critical Risk
2019,4,5,3,3,6.37,93.9,0.53,0.0492,0,121828.0,0.846,Content Strategist,Lead,Critical Risk
2025,2,22,3,3,4.67,157.9,0.833,0.0662,0,123888.0,0.98,Statistician,Mid,Critical Risk
2022,1,3,4,4,6.65,122.6,0.978,0.072,0,107068.0,0.898,Business Analyst,Entry,Critical Risk
2025,4,13,5,5,5.64,138.0,0.812,0.015,0,186784.0,0.98,HR Analyst,Lead,Critical Risk
2019,5,20,4,4,7.3,98.9,0.921,0.0651,1,235627.0,0.301,SQL Developer,Principal,Moderate Risk
2023,5,9,4,4,6.48,138.0,1.234,0.061,0,315556.0,0.749,DevOps Engineer,Principal,High Risk
2021,5,22,6,6,5.7,121.5,1.169,0.0662,0,298902.0,0.98,Statistician,Principal,Critical Risk
2021,4,22,6,6,5.17,120.6,0.927,0.0662,0,213253.0,0.98,Statistician,Lead,Critical Risk
2020,1,2,3,3,3.9,102.6,0.672,0.0454,0,73632.0,0.98,BI Developer,Entry,Critical Risk
2023,3,17,5,5,7.2,134.3,1.349,0.0733,0,262437.0,0.506,Product Manager,Senior,High Risk
2025,2,22,5,5,6.3,140.4,1.189,0.0662,0,176886.0,0.98,Statistician,Mid,Critical Risk
2022,4,17,6,6,5.25,127.2,1.18,0.0733,0,271483.0,0.98,Product Manager,Lead,Critical Risk
2025,2,23,3,3,4.33,109.7,0.664,0.0549,0,98793.0,0.98,Supply Chain Analyst,Mid,Critical Risk
2019,1,22,6,6,7.18,103.5,1.352,0.0662,1,148113.0,0.291,Statistician,Entry,Moderate Risk
2020,3,18,6,6,6.75,101.3,1.179,0.0194,0,229389.0,0.98,QA Engineer,Senior,Critical Risk
2021,2,14,6,6,7.93,110.5,1.178,0.0167,0,175243.0,0.373,IT Support Specialist,Mid,Moderate Risk
2023,5,16,3,3,4.23,113.9,0.648,0.0783,0,165792.0,0.98,Operations Analyst,Principal,Critical Risk
2024,2,7,6,6,7.25,111.5,1.429,0.1045,0,212581.0,0.386,Data Engineer,Mid,Moderate Risk
2019,1,12,5,5,5.48,101.2,0.861,0.0709,0,94335.0,0.98,Financial Analyst,Entry,Critical Risk
2021,2,20,3,3,2.5,110.2,0.607,0.0651,0,90331.0,0.98,SQL Developer,Mid,Critical Risk
2023,4,16,5,5,6.32,133.3,0.989,0.0783,0,227479.0,0.98,Operations Analyst,Lead,Critical Risk
2020,3,9,4,4,5.45,101.1,1.113,0.061,0,216496.0,0.98,DevOps Engineer,Senior,Critical Risk
2023,3,21,5,5,4.62,137.9,0.978,0.044,0,190113.0,0.98,Software Developer,Senior,Critical Risk
2022,4,9,5,5,7.18,126.6,1.392,0.061,0,320307.0,0.521,DevOps Engineer,Lead,High Risk
2023,2,23,4,4,4.95,141.1,0.768,0.0549,0,114179.0,0.98,Supply Chain Analyst,Mid,Critical Risk
2020,2,12,3,3,6.6,114.0,0.755,0.0709,0,112270.0,0.803,Financial Analyst,Mid,Critical Risk
2023,5,3,3,3,5.53,145.5,0.793,0.072,0,202754.0,0.842,Business Analyst,Principal,Critical Risk
2024,3,11,5,5,4.4,135.5,0.757,-0.0074,0,147223.0,0.98,Excel Analyst,Senior,Critical Risk
2023,4,23,5,5,4.56,119.6,0.792,0.0549,0,182141.0,0.98,Supply Chain Analyst,Lead,Critical Risk
2024,2,14,3,3,8.4,119.3,0.863,0.0167,1,128381.0,0.326,IT Support Specialist,Mid,Moderate Risk
2021,4,11,3,3,6.9,91.9,0.586,-0.0074,0,134691.0,0.98,Excel Analyst,Lead,Critical Risk
2021,2,15,3,3,8.23,106.5,1.363,0.0728,1,202738.0,0.05,Machine Learning Engineer,Mid,Low Risk
2021,4,23,5,5,8.68,114.9,1.159,0.0549,1,266660.0,0.05,Supply Chain Analyst,Lead,Low Risk
2023,5,10,6,6,8.72,132.1,1.43,0.0445,1,365774.0,0.05,Digital Marketer,Principal,Low Risk
2025,5,21,5,5,7.12,173.3,1.356,0.044,0,346895.0,0.439,Software Developer,Principal,Moderate Risk
2025,4,8,3,3,6.53,161.8,1.197,0.0881,0,275316.0,0.505,Data Scientist,Lead,High Risk
2024,4,15,4,4,7.18,124.1,1.495,0.0728,1,343848.0,0.243,Machine Learning Engineer,Lead,Low Risk
2025,4,16,6,6,5.6,154.5,1.069,0.0783,0,245786.0,0.98,Operations Analyst,Lead,Critical Risk
2023,1,14,6,6,4.82,115.7,0.694,0.0167,0,75976.0,0.98,IT Support Specialist,Entry,Critical Risk
2021,1,12,4,4,6.92,102.1,1.0,0.0709,0,109464.0,0.858,Financial Analyst,Entry,Critical Risk
2023,4,4,3,3,8.07,114.6,1.341,0.0635,1,308374.0,0.05,Cloud Architect,Lead,Low Risk
2025,2,17,5,5,6.02,140.7,1.396,0.0733,0,207697.0,0.98,Product Manager,Mid,Critical Risk
2022,4,11,4,4,4.3,93.6,0.609,-0.0074,0,139976.0,0.98,Excel Analyst,Lead,Critical Risk
2022,4,9,5,5,6.44,101.1,1.166,0.061,0,268292.0,0.752,DevOps Engineer,Lead,Critical Risk
2022,4,19,3,3,6.4,124.2,0.73,0.0467,0,167860.0,0.98,SEO Specialist,Lead,Critical Risk
2023,2,11,4,4,6.1,99.1,0.877,-0.0074,0,130425.0,0.98,Excel Analyst,Mid,Critical Risk
2024,3,19,6,6,5.57,119.7,0.997,0.0467,0,193878.0,0.98,SEO Specialist,Senior,Critical Risk
2019,2,11,4,4,5.18,94.5,0.574,-0.0074,0,85378.0,0.98,Excel Analyst,Mid,Critical Risk
2023,1,6,3,3,6.4,122.2,0.729,0.0674,0,79816.0,0.538,Data Analyst,Entry,High Risk
2020,2,10,6,6,8.12,122.1,1.032,0.0445,1,153496.0,0.05,Digital Marketer,Mid,Low Risk
2023,2,8,4,4,4.88,125.3,1.092,0.0881,0,162371.0,0.98,Data Scientist,Mid,Critical Risk
2019,2,12,5,5,7.34,98.7,0.928,0.0709,0,138048.0,0.525,Financial Analyst,Mid,High Risk
2019,4,4,5,5,4.38,101.3,1.069,0.0635,0,246000.0,0.98,Cloud Architect,Lead,Critical Risk
2020,5,10,4,4,7.08,109.4,0.819,0.0445,0,209579.0,0.557,Digital Marketer,Principal,High Risk
2019,5,18,3,3,5.8,103.7,0.789,0.0194,0,201753.0,0.828,QA Engineer,Principal,Critical Risk
2020,1,13,6,6,7.0,101.1,1.038,0.015,0,113619.0,0.693,HR Analyst,Entry,High Risk
2021,5,10,4,4,6.82,105.8,0.936,0.0445,0,239325.0,0.612,Digital Marketer,Principal,High Risk
2021,5,19,5,5,4.54,121.4,0.732,0.0467,0,187194.0,0.98,SEO Specialist,Principal,Critical Risk
2021,2,4,5,5,7.54,108.0,1.5,0.0635,1,223127.0,0.223,Cloud Architect,Mid,Low Risk
2021,5,22,4,4,3.58,109.3,0.859,0.0662,0,219702.0,0.98,Statistician,Principal,Critical Risk
2024,5,9,4,4,5.05,114.3,1.123,0.061,0,287323.0,0.905,DevOps Engineer,Principal,Critical Risk
2024,3,17,5,5,5.8,121.5,1.377,0.0733,0,267850.0,0.957,Product Manager,Senior,Critical Risk
2022,3,16,5,5,7.54,134.9,1.159,0.0783,0,225475.0,0.38,Operations Analyst,Senior,Moderate Risk
2025,4,19,4,4,6.07,168.5,0.793,0.0467,0,182393.0,0.887,SEO Specialist,Lead,Critical Risk
2023,3,12,6,6,7.13,126.6,1.19,0.0709,0,231359.0,0.748,Financial Analyst,Senior,High Risk
2022,4,18,4,4,7.48,118.0,1.149,0.0194,0,264278.0,0.709,QA Engineer,Lead,High Risk
2019,1,3,5,5,4.62,100.5,0.86,0.072,0,94223.0,0.98,Business Analyst,Entry,Critical Risk
2019,5,23,3,3,4.67,106.8,0.695,0.0549,0,177657.0,0.98,Supply Chain Analyst,Principal,Critical Risk
2022,2,11,5,5,7.12,92.1,0.863,-0.0074,0,128419.0,0.891,Excel Analyst,Mid,Critical Risk
2023,2,4,4,4,7.08,117.5,1.473,0.0635,1,219027.0,0.226,Cloud Architect,Mid,Low Risk
2024,3,1,3,3,5.7,118.4,0.698,0.0589,0,135742.0,0.98,Accountant,Senior,Critical Risk
2022,2,1,5,5,7.56,105.9,1.018,0.0589,0,151453.0,0.759,Accountant,Mid,Critical Risk
2025,4,1,4,4,6.72,155.5,1.04,0.0589,0,239122.0,0.98,Accountant,Lead,Critical Risk
2022,4,7,3,3,5.53,116.5,1.083,0.1045,0,249180.0,0.825,Data Engineer,Lead,Critical Risk
2024,4,10,5,5,6.96,151.2,0.9,0.0445,0,207019.0,0.649,Digital Marketer,Lead,High Risk
2023,3,20,6,6,6.33,98.7,1.15,0.0651,0,223561.0,0.98,SQL Developer,Senior,Critical Risk
2021,3,11,6,6,4.38,86.9,0.618,-0.0074,0,120192.0,0.98,Excel Analyst,Senior,Critical Risk
2024,4,6,5,5,6.82,133.0,0.906,0.0674,0,208460.0,0.624,Data Analyst,Lead,High Risk
2022,4,8,4,4,8.6,117.9,1.379,0.0881,1,317309.0,0.05,Data Scientist,Lead,Low Risk
2025,5,12,4,4,6.78,111.8,1.068,0.0709,0,273227.0,0.967,Financial Analyst,Principal,Critical Risk
2020,2,8,3,3,8.37,113.5,1.137,0.0881,1,169177.0,0.05,Data Scientist,Mid,Low Risk
2022,3,7,5,5,7.24,116.0,1.377,0.1045,0,267708.0,0.644,Data Engineer,Senior,High Risk
2019,1,11,4,4,7.75,102.4,0.789,-0.0074,1,86369.0,0.344,Excel Analyst,Entry,Moderate Risk
2020,2,6,3,3,6.37,106.3,0.8,0.0674,0,118987.0,0.791,Data Analyst,Mid,Critical Risk
2020,1,19,5,5,7.1,113.0,1.0,0.0467,0,109522.0,0.682,SEO Specialist,Entry,High Risk
2021,3,2,3,3,8.67,102.1,0.983,0.0454,1,191084.0,0.05,BI Developer,Senior,Low Risk
2020,2,7,5,5,7.3,109.1,1.347,0.1045,1,200279.0,0.263,Data Engineer,Mid,Moderate Risk
2020,5,13,6,6,8.35,112.1,1.096,0.015,1,280299.0,0.05,HR Analyst,Principal,Low Risk
2022,5,19,6,6,4.43,126.0,0.757,0.0467,0,193616.0,0.98,SEO Specialist,Principal,Critical Risk
2022,5,22,6,6,6.63,139.1,1.357,0.0662,0,347032.0,0.544,Statistician,Principal,High Risk
2025,1,0,6,6,8.58,118.2,2.003,0.0761,1,219403.0,0.05,AI Engineer,Entry,Low Risk
2019,4,20,4,4,4.88,97.4,0.747,0.0651,0,171839.0,0.98,SQL Developer,Lead,Critical Risk
2019,4,11,6,6,4.87,100.8,0.757,-0.0074,0,174026.0,0.98,Excel Analyst,Lead,Critical Risk
2019,2,11,5,5,7.04,105.3,0.781,-0.0074,0,116140.0,0.98,Excel Analyst,Mid,Critical Risk
2019,3,1,6,6,8.77,106.5,1.28,0.0589,1,249021.0,0.05,Accountant,Senior,Low Risk
2023,1,2,5,5,7.32,131.8,1.251,0.0454,0,137018.0,0.699,BI Developer,Entry,High Risk
2019,4,14,6,6,6.78,97.5,1.028,0.0167,0,236470.0,0.98,IT Support Specialist,Lead,Critical Risk
2023,4,15,3,3,3.5,130.7,1.046,0.0728,0,240719.0,0.98,Machine Learning Engineer,Lead,Critical Risk
2023,1,5,5,5,3.02,107.7,0.547,0.0492,0,59921.0,0.98,Content Strategist,Entry,Critical Risk
2020,1,20,5,5,8.76,104.2,1.221,0.0651,1,133747.0,0.05,SQL Developer,Entry,Low Risk
2020,5,18,4,4,6.48,113.1,0.869,0.0194,0,222271.0,0.705,QA Engineer,Principal,High Risk
2020,1,6,5,5,5.64,109.6,0.95,0.0674,0,104082.0,0.913,Data Analyst,Entry,Critical Risk
2020,4,23,6,6,5.28,107.9,0.935,0.0549,0,215041.0,0.98,Supply Chain Analyst,Lead,Critical Risk
2021,5,12,5,5,4.68,112.1,0.888,0.0709,0,227035.0,0.98,Financial Analyst,Principal,Critical Risk
2024,5,22,3,3,7.77,128.6,0.995,0.0662,1,254551.0,0.093,Statistician,Principal,Low Risk
2023,4,0,5,5,4.46,117.9,1.417,0.0761,0,326003.0,0.98,AI Engineer,Lead,Critical Risk
2020,2,11,3,3,5.4,93.7,0.574,-0.0074,0,85310.0,0.98,Excel Analyst,Mid,Critical Risk
2024,4,21,5,5,7.48,157.2,1.428,0.044,1,328590.0,0.277,Software Developer,Lead,Moderate Risk
2024,3,8,6,6,6.18,121.5,1.288,0.0881,0,250409.0,0.98,Data Scientist,Senior,Critical Risk
2021,3,15,6,6,6.1,106.5,1.281,0.0728,0,249178.0,0.98,Machine Learning Engineer,Senior,Critical Risk
2023,3,2,5,5,6.02,116.9,1.06,0.0454,0,206171.0,0.98,BI Developer,Senior,Critical Risk
2025,1,17,6,6,4.95,179.2,1.385,0.0733,0,151621.0,0.98,Product Manager,Entry,Critical Risk
2019,2,10,5,5,3.88,89.6,0.612,0.0445,0,91094.0,0.98,Digital Marketer,Mid,Critical Risk
2020,3,0,3,3,7.17,117.1,1.257,0.0761,1,244482.0,0.154,AI Engineer,Senior,Low Risk
2020,4,2,5,5,5.3,91.6,0.855,0.0454,0,196789.0,0.98,BI Developer,Lead,Critical Risk
2023,2,0,5,5,4.6,113.3,1.354,0.0761,0,201360.0,0.98,AI Engineer,Mid,Critical Risk
2023,3,11,5,5,4.44,114.3,0.754,-0.0074,0,146553.0,0.98,Excel Analyst,Senior,Critical Risk
2023,3,0,4,4,3.38,122.0,1.241,0.0761,0,241279.0,0.98,AI Engineer,Senior,Critical Risk
2020,2,14,3,3,7.33,101.9,0.797,0.0167,0,118560.0,0.532,IT Support Specialist,Mid,High Risk
2022,2,7,5,5,6.0,115.8,1.236,0.1045,0,183788.0,0.792,Data Engineer,Mid,Critical Risk
2019,5,13,4,4,6.88,115.6,0.858,0.015,0,219355.0,0.791,HR Analyst,Principal,Critical Risk
2020,1,9,5,5,7.06,106.5,1.265,0.061,0,138571.0,0.37,DevOps Engineer,Entry,Moderate Risk
2022,3,16,5,5,4.56,133.1,0.757,0.0783,0,147265.0,0.98,Operations Analyst,Senior,Critical Risk
2025,2,12,5,5,8.4,119.8,1.355,0.0709,1,201464.0,0.05,Financial Analyst,Mid,Low Risk
2020,5,11,5,5,7.56,104.0,1.005,-0.0074,0,257048.0,0.633,Excel Analyst,Principal,High Risk
2024,3,9,5,5,6.12,158.5,1.301,0.061,0,252960.0,0.98,DevOps Engineer,Senior,Critical Risk
2020,2,20,5,5,6.04,98.8,0.798,0.0651,0,118736.0,0.98,SQL Developer,Mid,Critical Risk
2024,4,3,5,5,6.98,127.4,0.997,0.072,0,229241.0,0.636,Business Analyst,Lead,High Risk
2022,1,12,6,6,4.63,115.8,0.942,0.0709,0,103175.0,0.98,Financial Analyst,Entry,Critical Risk
2021,1,13,5,5,8.2,116.2,0.969,0.015,1,106170.0,0.05,HR Analyst,Entry,Low Risk
2025,2,14,6,6,6.1,136.2,1.026,0.0167,0,152527.0,0.98,IT Support Specialist,Mid,Critical Risk
2019,3,5,6,6,5.17,93.8,0.772,0.0492,0,150090.0,0.98,Content Strategist,Senior,Critical Risk
2025,4,11,4,4,6.42,125.8,0.787,-0.0074,0,180956.0,0.98,Excel Analyst,Lead,Critical Risk
2019,2,4,3,3,6.33,110.9,1.234,0.0635,0,183578.0,0.502,Cloud Architect,Mid,High Risk
2021,3,23,6,6,7.98,112.1,1.281,0.0549,1,249091.0,0.139,Supply Chain Analyst,Senior,Low Risk
2023,5,16,4,4,6.88,109.8,0.985,0.0783,0,251975.0,0.969,Operations Analyst,Principal,Critical Risk
2025,2,22,5,5,5.68,145.3,1.005,0.0662,0,149460.0,0.98,Statistician,Mid,Critical Risk
2019,5,10,5,5,7.34,105.6,1.057,0.0445,1,270427.0,0.239,Digital Marketer,Principal,Low Risk
2023,1,22,3,3,9.17,116.2,1.227,0.0662,1,134366.0,0.05,Statistician,Entry,Low Risk
2025,5,16,5,5,5.58,151.3,1.018,0.0783,0,260458.0,0.98,Operations Analyst,Principal,Critical Risk
2019,4,5,4,4,3.42,100.1,0.474,0.0492,0,109092.0,0.98,Content Strategist,Lead,Critical Risk
2024,2,8,6,6,7.52,110.3,1.538,0.0881,1,228807.0,0.302,Data Scientist,Mid,Moderate Risk
2020,5,6,5,5,4.7,95.4,0.796,0.0674,0,203572.0,0.98,Data Analyst,Principal,Critical Risk
2021,1,14,3,3,6.53,104.0,0.667,0.0167,0,73018.0,0.764,IT Support Specialist,Entry,Critical Risk
2023,3,17,3,3,1.9,122.1,0.92,0.0733,0,178922.0,0.98,Product Manager,Senior,Critical Risk
2021,4,19,3,3,6.93,126.3,0.728,0.0467,0,167434.0,0.823,SEO Specialist,Lead,Critical Risk
2020,3,16,5,5,6.96,106.1,0.96,0.0783,0,186768.0,0.861,Operations Analyst,Senior,Critical Risk
2022,3,0,3,3,9.37,129.0,1.582,0.0761,1,307656.0,0.05,AI Engineer,Senior,Low Risk
2025,5,7,3,3,8.73,158.8,1.51,0.1045,1,386200.0,0.05,Data Engineer,Principal,Low Risk
2021,2,15,3,3,8.63,115.0,1.365,0.0728,1,203072.0,0.05,Machine Learning Engineer,Mid,Low Risk
2025,5,19,5,5,6.86,159.7,1.004,0.0467,0,256918.0,0.889,SEO Specialist,Principal,Critical Risk
2019,4,0,5,5,7.7,90.9,1.626,0.0761,1,373972.0,0.05,AI Engineer,Lead,Low Risk
2023,1,6,6,6,6.9,122.9,1.12,0.0674,0,122696.0,0.318,Data Analyst,Entry,Moderate Risk
2023,1,11,4,4,1.95,96.6,0.451,-0.0074,0,49336.0,0.98,Excel Analyst,Entry,Critical Risk
2025,4,6,4,4,2.05,142.9,0.557,0.0674,0,128078.0,0.98,Data Analyst,Lead,Critical Risk
2022,5,6,4,4,7.93,120.1,0.996,0.0674,1,254758.0,0.05,Data Analyst,Principal,Low Risk
2023,4,23,5,5,7.32,145.4,1.002,0.0549,1,230565.0,0.342,Supply Chain Analyst,Lead,Moderate Risk
2021,2,22,6,6,6.33,106.7,1.102,0.0662,0,163900.0,0.98,Statistician,Mid,Critical Risk
2020,3,17,4,4,4.25,124.4,0.965,0.0733,0,187621.0,0.98,Product Manager,Senior,Critical Risk
2020,1,7,3,3,4.43,105.3,1.048,0.1045,0,114728.0,0.98,Data Engineer,Entry,Critical Risk
2020,1,22,4,4,5.75,103.2,0.95,0.0662,0,104071.0,0.98,Statistician,Entry,Critical Risk
2021,4,20,3,3,6.37,106.6,0.843,0.0651,0,193897.0,0.98,SQL Developer,Lead,Critical Risk
2022,5,23,4,4,4.92,117.3,0.816,0.0549,0,208734.0,0.98,Supply Chain Analyst,Principal,Critical Risk
2020,2,23,5,5,8.44,102.2,1.088,0.0549,1,161808.0,0.05,Supply Chain Analyst,Mid,Low Risk
2025,4,3,4,4,8.7,129.5,1.139,0.072,1,261956.0,0.05,Business Analyst,Lead,Low Risk
2020,1,18,3,3,6.73,102.0,0.831,0.0194,0,90970.0,0.69,QA Engineer,Entry,High Risk
2020,2,14,6,6,8.32,97.4,1.108,0.0167,1,164730.0,0.05,IT Support Specialist,Mid,Low Risk
2020,4,13,4,4,7.1,103.8,0.894,0.015,0,205757.0,0.607,HR Analyst,Lead,High Risk
2024,3,15,6,6,8.07,125.3,1.788,0.0728,1,347704.0,0.05,Machine Learning Engineer,Senior,Low Risk
2020,5,23,4,4,6.5,108.0,0.857,0.0549,0,219189.0,0.793,Supply Chain Analyst,Principal,Critical Risk
2019,5,4,5,5,8.78,98.9,1.663,0.0635,1,425417.0,0.05,Cloud Architect,Principal,Low Risk
2024,3,18,4,4,3.5,144.4,0.711,0.0194,0,138283.0,0.98,QA Engineer,Senior,Critical Risk
2023,3,12,6,6,6.68,119.6,1.147,0.0709,0,223108.0,0.98,Financial Analyst,Senior,Critical Risk
2025,5,11,4,4,6.32,87.3,0.732,-0.0074,0,187128.0,0.98,Excel Analyst,Principal,Critical Risk
2023,2,7,4,4,6.02,105.3,1.182,0.1045,0,175740.0,0.624,Data Engineer,Mid,High Risk
2024,4,19,4,4,9.02,122.4,1.098,0.0467,1,252465.0,0.05,SEO Specialist,Lead,Low Risk
2023,1,18,6,6,7.78,96.6,1.402,0.0194,0,153530.0,0.464,QA Engineer,Entry,Moderate Risk
2021,5,1,6,6,4.87,114.7,0.914,0.0589,0,233732.0,0.98,Accountant,Principal,Critical Risk
2025,2,10,3,3,6.83,119.4,0.797,0.0445,0,118559.0,0.599,Digital Marketer,Mid,High Risk
2023,1,22,5,5,5.54,111.8,1.013,0.0662,0,110951.0,0.98,Statistician,Entry,Critical Risk
2019,5,13,4,4,5.82,90.7,0.813,0.015,0,207907.0,0.98,HR Analyst,Principal,Critical Risk
2020,2,20,5,5,6.04,99.4,0.878,0.0651,0,130575.0,0.98,SQL Developer,Mid,Critical Risk
2019,2,17,6,6,7.38,101.8,1.414,0.0733,1,210268.0,0.114,Product Manager,Mid,Low Risk
2021,5,3,3,3,6.97,106.4,1.003,0.072,0,256572.0,0.521,Business Analyst,Principal,High Risk
2020,1,18,4,4,6.08,114.5,0.863,0.0194,0,94472.0,0.897,QA Engineer,Entry,Critical Risk
2023,5,12,4,4,3.58,133.5,0.684,0.0709,0,175022.0,0.98,Financial Analyst,Principal,Critical Risk
2022,2,18,5,5,6.12,112.8,1.006,0.0194,0,149693.0,0.98,QA Engineer,Mid,Critical Risk
2025,2,6,6,6,6.28,155.6,1.121,0.0674,0,166722.0,0.98,Data Analyst,Mid,Critical Risk
2020,2,3,6,6,4.2,100.0,0.765,0.072,0,113790.0,0.98,Business Analyst,Mid,Critical Risk
2020,2,19,3,3,3.9,119.3,0.515,0.0467,0,76597.0,0.98,SEO Specialist,Mid,Critical Risk
2019,5,11,5,5,8.12,97.5,1.065,-0.0074,1,272336.0,0.175,Excel Analyst,Principal,Low Risk
2025,1,2,4,4,5.0,150.7,0.918,0.0454,0,100526.0,0.98,BI Developer,Entry,Critical Risk
2023,5,7,6,6,4.88,128.4,1.372,0.1045,0,351007.0,0.98,Data Engineer,Principal,Critical Risk
2024,3,22,3,3,4.4,146.0,0.825,0.0662,0,160483.0,0.98,Statistician,Senior,Critical Risk
2025,1,17,4,4,1.72,141.2,0.914,0.0733,0,100102.0,0.98,Product Manager,Entry,Critical Risk
2019,2,16,6,6,4.8,98.9,0.927,0.0783,0,137923.0,0.98,Operations Analyst,Mid,Critical Risk
2023,2,6,6,6,5.15,132.7,0.941,0.0674,0,140006.0,0.98,Data Analyst,Mid,Critical Risk
2021,1,2,6,6,7.4,110.5,1.26,0.0454,0,138030.0,0.482,BI Developer,Entry,Moderate Risk
2025,5,0,5,5,8.02,142.6,1.726,0.0761,1,441559.0,0.05,AI Engineer,Principal,Low Risk
2019,1,1,4,4,6.78,101.5,0.787,0.0589,0,86219.0,0.98,Accountant,Entry,Critical Risk
2024,3,5,6,6,7.47,155.9,1.083,0.0492,0,210703.0,0.353,Content Strategist,Senior,Moderate Risk
2023,3,11,5,5,5.36,102.5,0.854,-0.0074,0,166064.0,0.98,Excel Analyst,Senior,Critical Risk
2019,1,19,6,6,5.98,103.3,0.687,0.0467,0,75287.0,0.98,SEO Specialist,Entry,Critical Risk
2021,5,6,4,4,6.98,101.9,1.105,0.0674,0,282690.0,0.31,Data Analyst,Principal,Moderate Risk
2019,3,21,3,3,3.93,102.1,0.795,0.044,0,154706.0,0.98,Software Developer,Senior,Critical Risk
2025,2,13,6,6,5.87,141.4,0.876,0.015,0,130296.0,0.98,HR Analyst,Mid,Critical Risk
2019,3,21,3,3,6.0,94.3,0.854,0.044,0,166135.0,0.625,Software Developer,Senior,High Risk
2021,2,17,5,5,8.88,113.5,1.448,0.0733,1,215287.0,0.05,Product Manager,Mid,Low Risk
2025,2,16,6,6,7.67,135.8,1.437,0.0783,0,213662.0,0.528,Operations Analyst,Mid,High Risk
2019,3,21,5,5,6.18,106.0,1.163,0.044,0,226262.0,0.98,Software Developer,Senior,Critical Risk
2025,3,11,4,4,5.25,80.7,0.709,-0.0074,0,137931.0,0.98,Excel Analyst,Senior,Critical Risk
2019,4,10,5,5,4.94,106.5,0.662,0.0445,0,152195.0,0.98,Digital Marketer,Lead,Critical Risk
2019,1,11,4,4,5.58,103.5,0.827,-0.0074,0,90564.0,0.98,Excel Analyst,Entry,Critical Risk
2022,1,1,5,5,4.66,105.8,0.824,0.0589,0,90266.0,0.98,Accountant,Entry,Critical Risk
2020,3,20,5,5,6.16,104.7,0.889,0.0651,0,172907.0,0.922,SQL Developer,Senior,Critical Risk
2025,1,7,6,6,7.12,153.5,1.526,0.1045,1,167138.0,0.33,Data Engineer,Entry,Moderate Risk
2020,5,11,6,6,7.25,99.5,1.014,-0.0074,0,259452.0,0.98,Excel Analyst,Principal,Critical Risk
2022,1,3,6,6,7.17,128.7,1.06,0.072,0,116062.0,0.586,Business Analyst,Entry,High Risk
2025,5,19,4,4,5.48,116.0,0.807,0.0467,0,206377.0,0.98,SEO Specialist,Principal,Critical Risk
2019,4,4,4,4,5.72,106.6,1.137,0.0635,0,261444.0,0.872,Cloud Architect,Lead,Critical Risk
2022,4,4,5,5,4.96,137.3,1.26,0.0635,0,289915.0,0.98,Cloud Architect,Lead,Critical Risk
2023,2,23,5,5,7.88,109.8,1.273,0.0549,1,189381.0,0.178,Supply Chain Analyst,Mid,Low Risk
2019,5,5,5,5,8.02,102.8,0.923,0.0492,1,236036.0,0.05,Content Strategist,Principal,Low Risk
2023,4,7,4,4,6.98,110.3,1.247,0.1045,0,286858.0,0.472,Data Engineer,Lead,Moderate Risk
2022,3,22,3,3,8.9,122.0,1.142,0.0662,1,222136.0,0.05,Statistician,Senior,Low Risk
2025,3,17,6,6,6.75,122.2,1.569,0.0733,0,305112.0,0.877,Product Manager,Senior,Critical Risk
2022,4,18,3,3,6.63,102.5,0.91,0.0194,0,209223.0,0.855,QA Engineer,Lead,Critical Risk
2025,1,6,4,4,7.12,160.1,0.963,0.0674,0,105437.0,0.493,Data Analyst,Entry,Moderate Risk
2025,4,6,3,3,6.57,112.0,0.88,0.0674,0,202341.0,0.697,Data Analyst,Lead,High Risk
2020,3,20,3,3,6.23,103.5,0.723,0.0651,0,140669.0,0.881,SQL Developer,Senior,Critical Risk
2022,1,12,6,6,5.0,136.6,0.905,0.0709,0,99122.0,0.98,Financial Analyst,Entry,Critical Risk
2025,3,22,4,4,6.55,141.0,1.081,0.0662,0,210182.0,0.298,Statistician,Senior,Moderate Risk
2022,3,20,6,6,4.72,109.2,0.852,0.0651,0,165726.0,0.98,SQL Developer,Senior,Critical Risk
2020,3,11,3,3,6.7,99.0,0.682,-0.0074,0,132722.0,0.98,Excel Analyst,Senior,Critical Risk
2024,5,6,5,5,4.98,128.1,0.986,0.0674,0,252154.0,0.98,Data Analyst,Principal,Critical Risk
2020,4,6,4,4,3.53,99.2,0.54,0.0674,0,124213.0,0.98,Data Analyst,Lead,Critical Risk
2024,5,18,5,5,3.16,123.4,0.713,0.0194,0,182480.0,0.98,QA Engineer,Principal,Critical Risk
2024,4,23,5,5,5.8,119.2,0.964,0.0549,0,221825.0,0.739,Supply Chain Analyst,Lead,High Risk
2023,2,11,3,3,6.83,109.9,0.719,-0.0074,0,106870.0,0.98,Excel Analyst,Mid,Critical Risk
2021,5,12,4,4,5.95,117.4,0.99,0.0709,0,253152.0,0.98,Financial Analyst,Principal,Critical Risk
2020,2,0,3,3,4.13,97.7,1.102,0.0761,0,163862.0,0.98,AI Engineer,Mid,Critical Risk
2023,2,10,6,6,6.32,137.7,0.912,0.0445,0,135614.0,0.98,Digital Marketer,Mid,Critical Risk
2021,2,19,4,4,5.72,112.4,0.763,0.0467,0,113445.0,0.98,SEO Specialist,Mid,Critical Risk
2023,5,7,3,3,6.3,119.5,1.169,0.1045,0,299018.0,0.595,Data Engineer,Principal,High Risk
2020,5,16,5,5,5.32,114.0,0.86,0.0783,0,219881.0,0.98,Operations Analyst,Principal,Critical Risk
2025,5,9,5,5,5.56,129.2,1.295,0.061,0,331198.0,0.696,DevOps Engineer,Principal,High Risk
2022,1,13,6,6,5.12,132.7,0.869,0.015,0,95201.0,0.98,HR Analyst,Entry,Critical Risk
2025,3,5,3,3,6.53,161.7,0.816,0.0492,0,158622.0,0.803,Content Strategist,Senior,Critical Risk
2022,2,19,5,5,5.6,128.5,0.827,0.0467,0,122989.0,0.98,SEO Specialist,Mid,Critical Risk
2025,4,2,3,3,3.63,142.3,0.744,0.0454,0,171032.0,0.98,BI Developer,Lead,Critical Risk
2022,1,21,6,6,5.28,122.9,1.223,0.044,0,133953.0,0.98,Software Developer,Entry,Critical Risk
2021,1,6,3,3,4.13,102.1,0.601,0.0674,0,65796.0,0.98,Data Analyst,Entry,Critical Risk
2024,1,1,6,6,6.25,154.3,1.048,0.0589,0,114714.0,0.98,Accountant,Entry,Critical Risk
2022,4,13,5,5,6.9,120.4,0.882,0.015,0,202892.0,0.889,HR Analyst,Lead,Critical Risk
2023,4,0,6,6,5.03,114.8,1.376,0.0761,0,316532.0,0.98,AI Engineer,Lead,Critical Risk
2020,1,9,6,6,6.32,110.3,1.28,0.061,0,140123.0,0.923,DevOps Engineer,Entry,Critical Risk
2023,3,8,5,5,8.44,146.2,1.447,0.0881,1,281450.0,0.05,Data Scientist,Senior,Low Risk
2021,2,9,6,6,7.4,107.1,1.368,0.061,1,203392.0,0.295,DevOps Engineer,Mid,Moderate Risk
2020,1,23,4,4,8.5,106.9,1.006,0.0549,1,110142.0,0.05,Supply Chain Analyst,Entry,Low Risk
2020,3,5,6,6,7.35,100.6,0.926,0.0492,1,180064.0,0.301,Content Strategist,Senior,Moderate Risk
2019,5,23,5,5,5.2,90.1,0.942,0.0549,0,240822.0,0.98,Supply Chain Analyst,Principal,Critical Risk
2019,4,7,3,3,6.6,100.2,1.015,0.1045,0,233523.0,0.535,Data Engineer,Lead,High Risk
2019,4,11,3,3,7.13,99.5,0.54,-0.0074,0,124247.0,0.568,Excel Analyst,Lead,High Risk
2020,4,14,4,4,7.78,108.2,0.911,0.0167,0,209621.0,0.635,IT Support Specialist,Lead,High Risk
2022,5,12,4,4,8.4,114.3,1.142,0.0709,1,292084.0,0.05,Financial Analyst,Principal,Low Risk
2021,4,17,4,4,3.45,109.2,0.873,0.0733,0,200821.0,0.98,Product Manager,Lead,Critical Risk
2025,2,19,4,4,6.32,110.7,0.765,0.0467,0,113849.0,0.98,SEO Specialist,Mid,Critical Risk
2020,4,12,6,6,5.88,104.3,0.907,0.0709,0,208635.0,0.98,Financial Analyst,Lead,Critical Risk
2025,2,10,4,4,5.12,154.7,0.833,0.0445,0,123899.0,0.98,Digital Marketer,Mid,Critical Risk
2022,2,19,4,4,6.98,130.0,0.839,0.0467,0,124746.0,0.959,SEO Specialist,Mid,Critical Risk
2019,3,21,6,6,6.47,108.8,1.174,0.044,0,228340.0,0.75,Software Developer,Senior,Critical Risk
2023,2,13,4,4,6.9,136.0,0.806,0.015,0,119849.0,0.498,HR Analyst,Mid,Moderate Risk
2019,5,19,4,4,6.6,94.5,0.692,0.0467,0,176954.0,0.831,SEO Specialist,Principal,Critical Risk
2025,2,6,5,5,3.5,122.6,0.825,0.0674,0,122755.0,0.98,Data Analyst,Mid,Critical Risk
2025,4,19,5,5,6.26,161.8,0.97,0.0467,0,223207.0,0.98,SEO Specialist,Lead,Critical Risk
2023,5,5,5,5,6.52,131.8,0.878,0.0492,0,224547.0,0.93,Content Strategist,Principal,Critical Risk
2025,4,3,4,4,7.48,135.3,0.863,0.072,1,198573.0,0.141,Business Analyst,Lead,Low Risk
2020,2,19,6,6,5.12,107.6,0.83,0.0467,0,123442.0,0.98,SEO Specialist,Mid,Critical Risk
2024,4,14,6,6,6.13,112.2,0.776,0.0167,0,178486.0,0.98,IT Support Specialist,Lead,Critical Risk
2024,2,7,4,4,5.08,141.3,1.198,0.1045,0,178133.0,0.88,Data Engineer,Mid,Critical Risk
2021,5,23,4,4,3.25,111.3,0.708,0.0549,0,181118.0,0.98,Supply Chain Analyst,Principal,Critical Risk
2024,1,22,6,6,4.52,121.7,0.964,0.0662,0,105588.0,0.98,Statistician,Entry,Critical Risk
2024,2,15,4,4,3.55,128.9,1.225,0.0728,0,182253.0,0.98,Machine Learning Engineer,Mid,Critical Risk
2021,5,2,6,6,8.03,117.4,1.387,0.0454,1,354738.0,0.142,BI Developer,Principal,Low Risk
2024,5,7,6,6,6.47,125.1,1.445,0.1045,0,369679.0,0.784,Data Engineer,Principal,Critical Risk
2020,1,22,5,5,7.18,101.8,1.132,0.0662,1,124019.0,0.266,Statistician,Entry,Moderate Risk
2023,4,2,4,4,5.22,129.1,0.979,0.0454,0,225243.0,0.98,BI Developer,Lead,Critical Risk
2019,5,11,6,6,6.02,89.0,0.856,-0.0074,0,218957.0,0.98,Excel Analyst,Principal,Critical Risk
2022,3,19,5,5,4.74,116.5,0.717,0.0467,0,139362.0,0.98,SEO Specialist,Senior,Critical Risk
2019,3,20,3,3,6.47,97.6,0.756,0.0651,0,147077.0,0.749,SQL Developer,Senior,High Risk
2020,2,3,4,4,6.98,97.7,1.062,0.072,0,157958.0,0.213,Business Analyst,Mid,Low Risk
2020,3,21,5,5,7.42,103.8,1.207,0.044,0,234716.0,0.401,Software Developer,Senior,Moderate Risk
2024,3,2,6,6,7.1,133.7,1.184,0.0454,0,230330.0,0.614,BI Developer,Senior,High Risk
2021,1,3,4,4,1.38,108.7,0.619,0.072,0,67796.0,0.98,Business Analyst,Entry,Critical Risk
2025,1,8,6,6,5.42,135.9,1.261,0.0881,0,138113.0,0.98,Data Scientist,Entry,Critical Risk
2023,5,3,3,3,8.63,121.2,1.038,0.072,1,265550.0,0.05,Business Analyst,Principal,Low Risk
2023,5,5,4,4,6.35,141.5,0.886,0.0492,0,226607.0,0.534,Content Strategist,Principal,High Risk
2025,4,18,6,6,4.4,99.0,0.958,0.0194,0,220384.0,0.98,QA Engineer,Lead,Critical Risk
2020,4,7,5,5,4.06,101.6,1.016,0.1045,0,233790.0,0.98,Data Engineer,Lead,Critical Risk
2023,3,18,5,5,7.7,123.6,1.262,0.0194,0,245387.0,0.496,QA Engineer,Senior,Moderate Risk
2019,4,16,4,4,7.1,98.2,0.964,0.0783,0,221754.0,0.818,Operations Analyst,Lead,Critical Risk
2021,2,13,3,3,6.17,130.0,0.65,0.015,0,96737.0,0.98,HR Analyst,Mid,Critical Risk
2025,3,15,4,4,8.78,142.3,1.68,0.0728,1,326784.0,0.05,Machine Learning Engineer,Senior,Low Risk
2024,4,13,3,3,6.07,146.4,0.735,0.015,0,169061.0,0.98,HR Analyst,Lead,Critical Risk
2022,5,21,4,4,4.62,125.3,0.996,0.044,0,254862.0,0.98,Software Developer,Principal,Critical Risk
2024,3,14,3,3,6.27,109.9,0.704,0.0167,0,136998.0,0.98,IT Support Specialist,Senior,Critical Risk
2024,2,16,4,4,6.68,143.4,1.012,0.0783,0,150568.0,0.543,Operations Analyst,Mid,High Risk
2024,1,19,3,3,6.67,117.0,0.743,0.0467,0,81377.0,0.956,SEO Specialist,Entry,Critical Risk
2025,1,13,3,3,6.4,112.4,0.807,0.015,0,88400.0,0.749,HR Analyst,Entry,High Risk
2019,2,5,6,6,7.22,100.2,0.961,0.0492,0,142877.0,0.442,Content Strategist,Mid,Moderate Risk
2020,4,10,6,6,6.02,108.7,0.985,0.0445,0,226669.0,0.98,Digital Marketer,Lead,Critical Risk
2024,5,9,4,4,5.18,157.1,1.153,0.061,0,294990.0,0.98,DevOps Engineer,Principal,Critical Risk
2021,5,7,6,6,5.92,110.0,1.264,0.1045,0,323359.0,0.98,Data Engineer,Principal,Critical Risk
2023,4,2,4,4,6.8,112.6,1.002,0.0454,0,230390.0,0.681,BI Developer,Lead,High Risk
2025,2,16,4,4,7.75,122.4,1.132,0.0783,0,168291.0,0.46,Operations Analyst,Mid,Moderate Risk
2023,5,12,4,4,5.05,129.3,0.927,0.0709,0,237201.0,0.98,Financial Analyst,Principal,Critical Risk
2025,1,12,4,4,7.15,130.2,1.183,0.0709,0,129605.0,0.795,Financial Analyst,Entry,Critical Risk
2020,5,12,5,5,6.9,114.4,1.012,0.0709,0,258768.0,0.503,Financial Analyst,Principal,High Risk
2024,4,17,6,6,7.9,152.0,1.648,0.0733,1,379120.0,0.05,Product Manager,Lead,Low Risk
2023,5,10,6,6,5.98,136.5,0.968,0.0445,0,247690.0,0.98,Digital Marketer,Principal,Critical Risk
2022,2,8,4,4,3.6,120.4,0.816,0.0881,0,121361.0,0.98,Data Scientist,Mid,Critical Risk
2022,1,17,5,5,6.98,109.0,1.264,0.0733,0,138435.0,0.269,Product Manager,Entry,Moderate Risk
2019,1,23,6,6,4.82,104.9,0.851,0.0549,0,93232.0,0.98,Supply Chain Analyst,Entry,Critical Risk
2019,5,22,6,6,5.35,93.6,0.979,0.0662,0,250493.0,0.98,Statistician,Principal,Critical Risk
2024,3,17,4,4,5.95,156.4,1.073,0.0733,0,208707.0,0.882,Product Manager,Senior,Critical Risk
2025,2,3,5,5,5.88,151.6,1.0,0.072,0,148772.0,0.98,Business Analyst,Mid,Critical Risk
2025,3,12,3,3,4.37,109.0,0.798,0.0709,0,155198.0,0.98,Financial Analyst,Senior,Critical Risk
2020,5,17,4,4,4.2,113.2,1.057,0.0733,0,270373.0,0.98,Product Manager,Principal,Critical Risk
2023,3,17,5,5,5.3,128.5,1.172,0.0733,0,228030.0,0.98,Product Manager,Senior,Critical Risk
2020,5,3,6,6,5.25,111.5,0.93,0.072,0,237917.0,0.98,Business Analyst,Principal,Critical Risk
2019,4,7,4,4,7.08,104.8,1.258,0.1045,0,289362.0,0.67,Data Engineer,Lead,High Risk
2024,4,14,3,3,4.6,118.6,0.574,0.0167,0,131958.0,0.98,IT Support Specialist,Lead,Critical Risk
2019,1,15,3,3,9.33,101.5,1.478,0.0728,1,161824.0,0.05,Machine Learning Engineer,Entry,Low Risk
2024,4,3,6,6,4.47,122.3,0.798,0.072,0,183540.0,0.98,Business Analyst,Lead,Critical Risk
2023,4,20,4,4,6.88,107.4,0.968,0.0651,0,222577.0,0.67,SQL Developer,Lead,High Risk
2024,5,0,5,5,9.28,135.3,2.041,0.0761,1,522130.25,0.05,AI Engineer,Principal,Low Risk
2024,5,21,3,3,4.83,150.4,1.068,0.044,0,273083.0,0.98,Software Developer,Principal,Critical Risk
2020,3,1,3,3,5.0,116.2,0.577,0.0589,0,112223.0,0.98,Accountant,Senior,Critical Risk
2021,4,9,4,4,2.52,111.3,0.862,0.061,0,198365.0,0.98,DevOps Engineer,Lead,Critical Risk
2025,5,16,3,3,8.3,116.1,0.948,0.0783,1,242570.0,0.294,Operations Analyst,Principal,Moderate Risk
2020,3,18,5,5,7.2,105.2,0.98,0.0194,0,190516.0,0.835,QA Engineer,Senior,Critical Risk
2021,2,8,6,6,8.0,113.3,1.592,0.0881,1,236842.0,0.05,Data Scientist,Mid,Low Risk
2023,3,10,3,3,6.3,117.9,0.737,0.0445,0,143392.0,0.79,Digital Marketer,Senior,Critical Risk
2025,1,12,4,4,6.72,154.5,1.033,0.0709,0,113136.0,0.977,Financial Analyst,Entry,Critical Risk
2019,3,4,3,3,3.7,106.7,1.051,0.0635,0,204432.0,0.98,Cloud Architect,Senior,Critical Risk
2020,1,3,5,5,4.38,103.3,0.788,0.072,0,86287.0,0.98,Business Analyst,Entry,Critical Risk
2022,5,0,6,6,4.52,118.9,1.519,0.0761,0,388544.0,0.98,AI Engineer,Principal,Critical Risk
2020,3,11,4,4,4.97,103.1,0.628,-0.0074,0,122155.0,0.98,Excel Analyst,Senior,Critical Risk
2019,5,3,3,3,9.07,98.3,0.926,0.072,1,236906.0,0.05,Business Analyst,Principal,Low Risk
2024,5,18,6,6,7.32,103.4,1.39,0.0194,0,355415.0,0.676,QA Engineer,Principal,High Risk
2019,1,19,5,5,7.6,97.5,0.832,0.0467,0,91154.0,0.508,SEO Specialist,Entry,High Risk
2019,1,4,4,4,8.2,100.3,1.288,0.0635,1,141034.0,0.05,Cloud Architect,Entry,Low Risk
2019,2,14,3,3,4.43,94.8,0.462,0.0167,0,68767.0,0.98,IT Support Specialist,Mid,Critical Risk
2023,4,22,6,6,6.75,128.6,1.345,0.0662,0,309487.0,0.776,Statistician,Lead,Critical Risk
2020,5,9,6,6,4.82,105.4,1.107,0.061,0,283171.0,0.98,DevOps Engineer,Principal,Critical Risk
2019,1,19,4,4,5.78,100.3,0.687,0.0467,0,75247.0,0.98,SEO Specialist,Entry,Critical Risk
2022,4,22,4,4,7.4,102.8,1.11,0.0662,1,255249.0,0.145,Statistician,Lead,Low Risk
2020,4,16,3,3,7.8,102.4,0.767,0.0783,1,176453.0,0.244,Operations Analyst,Lead,Low Risk
2021,5,4,3,3,6.87,108.5,1.341,0.0635,0,343078.0,0.213,Cloud Architect,Principal,Low Risk
2022,3,15,5,5,5.88,132.6,1.359,0.0728,0,264218.0,0.827,Machine Learning Engineer,Senior,Critical Risk
2023,3,16,5,5,6.04,138.1,1.011,0.0783,0,196641.0,0.98,Operations Analyst,Senior,Critical Risk
2019,5,22,3,3,4.67,97.8,0.827,0.0662,0,211579.0,0.683,Statistician,Principal,High Risk
2023,4,10,6,6,6.0,128.6,1.012,0.0445,0,232818.0,0.98,Digital Marketer,Lead,Critical Risk
2024,4,15,5,5,8.3,123.2,1.575,0.0728,1,362203.0,0.05,Machine Learning Engineer,Lead,Low Risk
2019,4,10,4,4,5.78,99.7,0.74,0.0445,0,170122.0,0.98,Digital Marketer,Lead,Critical Risk
2020,5,20,5,5,4.82,102.3,0.83,0.0651,0,212373.0,0.98,SQL Developer,Principal,Critical Risk
2024,2,22,3,3,8.53,134.4,1.049,0.0662,1,155985.0,0.05,Statistician,Mid,Low Risk
2025,2,19,6,6,4.75,110.5,0.932,0.0467,0,138596.0,0.98,SEO Specialist,Mid,Critical Risk
2025,3,23,3,3,6.47,149.1,0.852,0.0549,0,165692.0,0.79,Supply Chain Analyst,Senior,Critical Risk
2023,5,12,6,6,8.35,119.3,1.429,0.0709,1,365412.0,0.05,Financial Analyst,Principal,Low Risk
2023,5,0,6,6,8.57,127.1,2.041,0.0761,1,522130.25,0.05,AI Engineer,Principal,Low Risk
2021,5,5,6,6,8.35,105.0,1.193,0.0492,1,305145.0,0.05,Content Strategist,Principal,Low Risk
2019,5,22,6,6,7.63,93.2,1.373,0.0662,1,351134.0,0.152,Statistician,Principal,Low Risk
2019,5,0,3,3,8.37,102.9,1.397,0.0761,1,357221.0,0.05,AI Engineer,Principal,Low Risk
2023,2,22,4,4,4.82,135.4,0.791,0.0662,0,117692.0,0.98,Statistician,Mid,Critical Risk
2024,1,10,5,5,5.68,109.5,0.953,0.0445,0,104350.0,0.98,Digital Marketer,Entry,Critical Risk
2023,1,18,3,3,5.13,96.3,0.689,0.0194,0,75475.0,0.98,QA Engineer,Entry,Critical Risk
2022,5,0,5,5,5.96,135.0,1.51,0.0761,0,386262.0,0.943,AI Engineer,Principal,Critical Risk
2023,4,23,3,3,4.13,132.8,0.591,0.0549,0,135955.0,0.98,Supply Chain Analyst,Lead,Critical Risk
2025,4,1,4,4,5.22,115.1,0.775,0.0589,0,178172.0,0.98,Accountant,Lead,Critical Risk
2022,3,5,6,6,8.32,108.5,1.123,0.0492,1,218483.0,0.05,Content Strategist,Senior,Low Risk
2021,2,12,4,4,5.45,113.4,0.82,0.0709,0,121945.0,0.911,Financial Analyst,Mid,Critical Risk
2021,4,19,4,4,7.2,134.2,0.799,0.0467,0,183740.0,0.734,SEO Specialist,Lead,High Risk
2022,2,10,3,3,6.6,130.5,0.668,0.0445,0,99284.0,0.773,Digital Marketer,Mid,Critical Risk
2019,1,0,4,4,3.97,100.5,1.243,0.0761,0,136086.0,0.98,AI Engineer,Entry,Critical Risk
2020,4,20,4,4,6.65,101.9,0.773,0.0651,0,177756.0,0.61,SQL Developer,Lead,High Risk
2020,3,3,3,3,6.17,109.8,0.737,0.072,0,143274.0,0.736,Business Analyst,Senior,High Risk
2019,3,2,6,6,6.27,102.6,1.142,0.0454,0,222191.0,0.872,BI Developer,Senior,Critical Risk
2019,3,20,6,6,4.9,98.8,0.846,0.0651,0,164453.0,0.98,SQL Developer,Senior,Critical Risk
2024,5,8,3,3,5.97,159.2,1.069,0.0881,0,273347.0,0.6,Data Scientist,Principal,High Risk
2022,2,19,3,3,7.83,119.7,0.709,0.0467,0,105496.0,0.386,SEO Specialist,Mid,Moderate Risk
2019,3,11,6,6,5.7,105.5,0.751,-0.0074,0,146115.0,0.98,Excel Analyst,Senior,Critical Risk
2023,5,11,6,6,5.17,119.5,0.822,-0.0074,0,210159.0,0.98,Excel Analyst,Principal,Critical Risk
2019,3,4,5,5,4.9,95.9,1.217,0.0635,0,236773.0,0.98,Cloud Architect,Senior,Critical Risk
2023,2,23,5,5,7.24,111.2,1.067,0.0549,0,158730.0,0.413,Supply Chain Analyst,Mid,Moderate Risk
2022,4,8,6,6,6.4,119.9,1.261,0.0881,0,290096.0,0.943,Data Scientist,Lead,Critical Risk
2019,5,5,5,5,7.28,91.6,0.903,0.0492,0,230984.0,0.372,Content Strategist,Principal,Moderate Risk
2023,5,13,5,5,7.76,120.5,1.182,0.015,1,302394.0,0.221,HR Analyst,Principal,Low Risk
2022,3,21,6,6,5.98,113.3,1.307,0.044,0,254168.0,0.98,Software Developer,Senior,Critical Risk
2019,3,0,6,6,6.3,100.9,1.345,0.0761,0,261634.0,0.665,AI Engineer,Senior,High Risk
2021,2,4,3,3,8.27,128.4,1.278,0.0635,1,190049.0,0.05,Cloud Architect,Mid,Low Risk
2021,4,22,4,4,5.15,111.6,0.847,0.0662,0,194857.0,0.98,Statistician,Lead,Critical Risk
2019,3,21,5,5,6.16,89.4,1.059,0.044,0,205917.0,0.935,Software Developer,Senior,Critical Risk
2025,1,2,5,5,5.68,184.5,1.108,0.0454,0,121336.0,0.98,BI Developer,Entry,Critical Risk
2022,4,16,4,4,5.72,114.9,0.884,0.0783,0,203309.0,0.98,Operations Analyst,Lead,Critical Risk
2019,2,8,3,3,6.0,103.1,0.983,0.0881,0,146215.0,0.806,Data Scientist,Mid,Critical Risk
2021,5,19,3,3,5.9,97.2,0.609,0.0467,0,155757.0,0.98,SEO Specialist,Principal,Critical Risk
2023,4,5,4,4,7.1,129.6,0.952,0.0492,0,219057.0,0.864,Content Strategist,Lead,Critical Risk
2021,1,14,4,4,4.72,117.2,0.593,0.0167,0,64961.0,0.98,IT Support Specialist,Entry,Critical Risk
2024,1,18,4,4,8.5,93.6,1.171,0.0194,1,128263.0,0.131,QA Engineer,Entry,Low Risk
2025,3,10,5,5,3.2,153.7,0.573,0.0445,0,111368.0,0.98,Digital Marketer,Senior,Critical Risk
2019,5,14,5,5,8.76,96.8,1.099,0.0167,1,281132.0,0.05,IT Support Specialist,Principal,Low Risk
2023,2,16,5,5,5.98,104.7,1.05,0.0783,0,156141.0,0.98,Operations Analyst,Mid,Critical Risk
2022,3,22,6,6,7.75,102.1,1.47,0.0662,1,285855.0,0.086,Statistician,Senior,Low Risk
2020,4,7,6,6,4.15,112.6,1.134,0.1045,0,260870.0,0.98,Data Engineer,Lead,Critical Risk
2022,2,20,6,6,7.25,114.9,1.047,0.0651,0,155681.0,0.627,SQL Developer,Mid,High Risk
2025,4,8,3,3,3.77,156.8,1.06,0.0881,0,243830.0,0.98,Data Scientist,Lead,Critical Risk
2022,1,11,4,4,5.25,109.0,0.666,-0.0074,0,72906.0,0.98,Excel Analyst,Entry,Critical Risk
2021,5,17,5,5,6.08,107.8,1.286,0.0733,0,328996.0,0.98,Product Manager,Principal,Critical Risk
2025,1,16,6,6,7.08,164.8,1.177,0.0783,1,128848.0,0.314,Operations Analyst,Entry,Moderate Risk
2021,3,2,5,5,6.98,113.6,1.054,0.0454,0,205006.0,0.553,BI Developer,Senior,High Risk
2023,1,9,4,4,4.28,111.9,1.019,0.061,0,111562.0,0.98,DevOps Engineer,Entry,Critical Risk
2024,3,23,3,3,7.6,163.3,0.766,0.0549,1,148994.0,0.22,Supply Chain Analyst,Senior,Low Risk
2023,3,23,6,6,4.48,131.1,0.793,0.0549,0,154261.0,0.98,Supply Chain Analyst,Senior,Critical Risk
2021,4,4,6,6,6.4,107.0,1.44,0.0635,0,331346.0,0.98,Cloud Architect,Lead,Critical Risk
2019,5,8,5,5,7.62,106.3,1.386,0.0881,1,354428.0,0.207,Data Scientist,Principal,Low Risk
2020,4,12,4,4,5.5,99.0,0.845,0.0709,0,194269.0,0.898,Financial Analyst,Lead,Critical Risk
2019,5,13,6,6,5.62,103.2,0.899,0.015,0,229889.0,0.98,HR Analyst,Principal,Critical Risk
2019,5,16,4,4,7.55,100.8,0.967,0.0783,0,247404.0,0.568,Operations Analyst,Principal,High Risk
2020,2,11,3,3,5.73,92.9,0.57,-0.0074,0,84708.0,0.98,Excel Analyst,Mid,Critical Risk
2022,1,15,6,6,7.18,131.4,1.569,0.0728,1,171861.0,0.185,Machine Learning Engineer,Entry,Low Risk
2020,4,9,3,3,5.67,100.1,0.972,0.061,0,223563.0,0.627,DevOps Engineer,Lead,High Risk
2021,2,13,3,3,5.57,100.9,0.658,0.015,0,97869.0,0.723,HR Analyst,Mid,High Risk
2025,2,19,5,5,4.86,158.7,0.802,0.0467,0,119342.0,0.98,SEO Specialist,Mid,Critical Risk
2019,1,3,6,6,6.77,111.2,0.986,0.072,0,107971.0,0.957,Business Analyst,Entry,Critical Risk
2021,5,4,3,3,6.67,104.9,1.323,0.0635,0,338320.0,0.403,Cloud Architect,Principal,Moderate Risk
2022,4,23,3,3,6.6,122.0,0.836,0.0549,0,192227.0,0.8,Supply Chain Analyst,Lead,Critical Risk
2021,1,0,5,5,6.7,97.7,1.457,0.0761,0,159613.0,0.155,AI Engineer,Entry,Low Risk
2023,3,12,3,3,6.63,122.8,0.785,0.0709,0,152686.0,0.674,Financial Analyst,Senior,High Risk
2023,4,20,4,4,8.0,112.0,0.978,0.0651,1,224887.0,0.144,SQL Developer,Lead,Low Risk
2023,5,12,6,6,6.17,132.6,1.089,0.0709,0,278520.0,0.956,Financial Analyst,Principal,Critical Risk
2023,5,19,6,6,4.1,106.8,0.665,0.0467,0,170031.0,0.98,SEO Specialist,Principal,Critical Risk
2019,5,9,5,5,5.74,93.1,1.185,0.061,0,303026.0,0.98,DevOps Engineer,Principal,Critical Risk
2023,2,11,4,4,5.18,110.4,0.708,-0.0074,0,105290.0,0.98,Excel Analyst,Mid,Critical Risk
2024,5,5,6,6,6.43,125.5,1.117,0.0492,0,285569.0,0.98,Content Strategist,Principal,Critical Risk
2020,4,8,5,5,7.02,106.3,1.223,0.0881,1,281321.0,0.315,Data Scientist,Lead,Moderate Risk
2024,4,7,4,4,6.45,140.5,1.318,0.1045,0,303106.0,0.338,Data Engineer,Lead,Moderate Risk
2025,5,13,3,3,2.7,137.4,0.579,0.015,0,147991.0,0.98,HR Analyst,Principal,Critical Risk
2020,3,18,4,4,6.78,111.0,0.91,0.0194,0,176989.0,0.685,QA Engineer,Senior,High Risk
2022,3,3,4,4,6.9,134.4,0.967,0.072,0,188138.0,0.597,Business Analyst,Senior,High Risk
2021,1,10,4,4,5.6,106.7,0.729,0.0445,0,79841.0,0.98,Digital Marketer,Entry,Critical Risk
2025,4,9,3,3,6.93,152.6,1.319,0.061,0,303417.0,0.398,DevOps Engineer,Lead,Moderate Risk
2020,3,16,3,3,8.63,112.9,0.875,0.0783,1,170093.0,0.05,Operations Analyst,Senior,Low Risk
2021,2,10,5,5,6.04,111.5,0.954,0.0445,0,141867.0,0.945,Digital Marketer,Mid,Critical Risk
2023,5,13,5,5,7.1,141.9,1.029,0.015,0,263192.0,0.674,HR Analyst,Principal,High Risk
